2026-08-29 15:29:13.528 [info] semantic_tokens_full file:///voc/work/AI-RAG_W3_scripts_stress_test.py 
2026-08-29 15:29:13.877 [info] semantic_tokens_range file:///voc/work/AI-RAG_W3_scripts_stress_test.py 0:0-52:39
2026-08-29 15:29:15.125 [info] WARNING:pygls.protocol.json_rpc:Cancel notification for unknown message id "5"

2026-08-29 15:29:15.164 [info] WARNING:pygls.protocol.json_rpc:Cancel notification for unknown message id "3"

2026-08-29 15:29:16.300 [info] [Debug - 3:29:16 PM] no definitions found for name "r" of type 'statement' (71:39)
2026-08-29 15:29:16.302 [info] [Debug - 3:29:16 PM] no definitions found for name "get" of type 'statement' (71:41)
2026-08-29 15:29:16.306 [info] [Debug - 3:29:16 PM] no definitions found for name "r" of type 'statement' (72:38)
2026-08-29 15:29:16.310 [info] [Debug - 3:29:16 PM] no definitions found for name "get" of type 'statement' (72:40)
2026-08-29 15:29:16.435 [info] [Debug - 3:29:16 PM] no definitions found for name "aread" of type 'statement' (36:31)
2026-08-29 15:29:16.435 [info] [Debug - 3:29:16 PM] no definitions found for name "status_code" of type 'statement' (39:31)
2026-08-29 15:29:16.842 [info] [Debug - 3:29:16 PM] no definitions found for name "get" of type 'statement' (92:41)
2026-08-29 15:29:16.843 [info] [Debug - 3:29:16 PM] no definitions found for name "get" of type 'statement' (92:56)
2026-08-29 15:29:16.843 [info] [Debug - 3:29:16 PM] no matching semantic token for "__name__" of type 'statement' (95:3)
2026-08-29 15:29:16.909 [info] [Debug - 3:29:16 PM] no definitions found for name "requests" of type 'statement' (100:26)
2026-08-29 15:29:16.910 [info] [Debug - 3:29:16 PM] no definitions found for name "concurrent" of type 'statement' (100:41)
2026-08-29 15:33:46.156 [info] semantic_tokens_full file:///voc/work/W3_package/api/main.py 
2026-08-29 15:33:46.166 [info] ERROR:pygls.protocol.json_rpc:Failed to handle request 10 textDocument/documentSymbol DocumentSymbolParams(text_document=TextDocumentIdentifier(uri='file:///voc/work/W3_package/api/main.py'), work_done_token=None, partial_result_token=None)
Traceback (most recent call last):
  File "/usr/local/lib/code-server-4.103.2/lib/vscode/extensions/ms-python.python-2025.12.0/python_files/lib/jedilsp/pygls/protocol/json_rpc.py", line 266, in _handle_request
    self._execute_request(msg_id, handler, params)
  File "/usr/local/lib/code-server-4.103.2/lib/vscode/extensions/ms-python.python-2025.12.0/python_files/lib/jedilsp/pygls/protocol/json_rpc.py", line 188, in _execute_request
    self._send_response(msg_id, handler(params))
  File "/usr/local/lib/code-server-4.103.2/lib/vscode/extensions/ms-python.python-2025.12.0/python_files/lib/jedilsp/jedi_language_server/server.py", line 546, in document_symbol
    document_symbols = jedi_utils.lsp_document_symbols(names)
  File "/usr/local/lib/code-server-4.103.2/lib/vscode/extensions/ms-python.python-2025.12.0/python_files/lib/jedilsp/jedi_language_server/jedi_utils.py", line 225, in lsp_document_symbols
    symbol_range = _document_symbol_range(name)
  File "/usr/local/lib/code-server-4.103.2/lib/vscode/extensions/ms-python.python-2025.12.0/python_files/lib/jedilsp/jedi_language_server/jedi_utils.py", line 204, in _document_symbol_range
    end = name.get_definition_end_position()
  File "/usr/local/lib/code-server-4.103.2/lib/vscode/extensions/ms-python.python-2025.12.0/python_files/lib/jedilsp/jedi/api/classes.py", line 260, in get_definition_end_position
    if self.type in ("function", "class"):
  File "/usr/local/lib/code-server-4.103.2/lib/vscode/extensions/ms-python.python-2025.12.0/python_files/lib/jedilsp/jedi/api/classes.py", line 190, in type
    for value in self._name.infer():
  File "/usr/local/lib/code-server-4.103.2/lib/vscode/extensions/ms-python.python-2025.12.0/python_files/lib/jedilsp/jedi/inference/names.py", line 281, in infer
    return tree_name_to_values(
  File "/usr/local/lib/code-server-4.103.2/lib/vscode/extensions/ms-python.python-2025.12.0/python_files/lib/jedilsp/jedi/plugins/__init__.py", line 21, in wrapper
    return built_functions[public_name](*args, **kwargs)
  File "/usr/local/lib/code-server-4.103.2/lib/vscode/extensions/ms-python.python-2025.12.0/python_files/lib/jedilsp/jedi/plugins/stdlib.py", line 878, in wrapper
    return func(inference_state, context, tree_name)
  File "/usr/local/lib/code-server-4.103.2/lib/vscode/extensions/ms-python.python-2025.12.0/python_files/lib/jedilsp/jedi/plugins/django.py", line 177, in wrapper
    result = func(inference_state, context, tree_name)
  File "/usr/local/lib/code-server-4.103.2/lib/vscode/extensions/ms-python.python-2025.12.0/python_files/lib/jedilsp/jedi/inference/syntax_tree.py", line 771, in tree_name_to_values
    types = imports.infer_import(context, tree_name)
  File "/usr/local/lib/code-server-4.103.2/lib/vscode/extensions/ms-python.python-2025.12.0/python_files/lib/jedilsp/jedi/inference/cache.py", line 44, in wrapper
    rv = function(obj, *args, **kwargs)
  File "/usr/local/lib/code-server-4.103.2/lib/vscode/extensions/ms-python.python-2025.12.0/python_files/lib/jedilsp/jedi/inference/imports.py", line 57, in infer_import
    values = values.py__getattribute__(
  File "/usr/local/lib/code-server-4.103.2/lib/vscode/extensions/ms-python.python-2025.12.0/python_files/lib/jedilsp/jedi/inference/base_value.py", line 496, in py__getattribute__
    return ValueSet.from_sets(c.py__getattribute__(*args, **kwargs) for c in self._set)
  File "/usr/local/lib/code-server-4.103.2/lib/vscode/extensions/ms-python.python-2025.12.0/python_files/lib/jedilsp/jedi/inference/base_value.py", line 430, in from_sets
    for set_ in sets:
  File "/usr/local/lib/code-server-4.103.2/lib/vscode/extensions/ms-python.python-2025.12.0/python_files/lib/jedilsp/jedi/inference/base_value.py", line 496, in <genexpr>
    return ValueSet.from_sets(c.py__getattribute__(*args, **kwargs) for c in self._set)
  File "/usr/local/lib/code-server-4.103.2/lib/vscode/extensions/ms-python.python-2025.12.0/python_files/lib/jedilsp/jedi/inference/base_value.py", line 83, in py__getattribute__
    names = self.goto(name_or_str, name_context, analysis_errors)
  File "/usr/local/lib/code-server-4.103.2/lib/vscode/extensions/ms-python.python-2025.12.0/python_files/lib/jedilsp/jedi/inference/base_value.py", line 72, in goto
    names = finder.filter_name(filters, name_or_str)
  File "/usr/local/lib/code-server-4.103.2/lib/vscode/extensions/ms-python.python-2025.12.0/python_files/lib/jedilsp/jedi/inference/finder.py", line 35, in filter_name
    for filter in filters:
  File "/usr/local/lib/code-server-4.103.2/lib/vscode/extensions/ms-python.python-2025.12.0/python_files/lib/jedilsp/jedi/inference/base_value.py", line 62, in _get_value_filters
    yield from self.get_filters(origin_scope=origin_scope)
  File "/usr/local/lib/code-server-4.103.2/lib/vscode/extensions/ms-python.python-2025.12.0/python_files/lib/jedilsp/jedi/inference/value/module.py", line 71, in get_filters
    yield from self.iter_star_filters()
  File "/usr/local/lib/code-server-4.103.2/lib/vscode/extensions/ms-python.python-2025.12.0/python_files/lib/jedilsp/jedi/inference/value/module.py", line 99, in iter_star_filters
    for star_module in self.star_imports():
  File "/usr/local/lib/code-server-4.103.2/lib/vscode/extensions/ms-python.python-2025.12.0/python_files/lib/jedilsp/jedi/inference/cache.py", line 44, in wrapper
    rv = function(obj, *args, **kwargs)
  File "/usr/local/lib/code-server-4.103.2/lib/vscode/extensions/ms-python.python-2025.12.0/python_files/lib/jedilsp/jedi/inference/value/module.py", line 120, in star_imports
    ).follow()
  File "/usr/local/lib/code-server-4.103.2/lib/vscode/extensions/ms-python.python-2025.12.0/python_files/lib/jedilsp/jedi/inference/imports.py", line 296, in follow
    return import_module_by_names(
  File "/usr/local/lib/code-server-4.103.2/lib/vscode/extensions/ms-python.python-2025.12.0/python_files/lib/jedilsp/jedi/inference/imports.py", line 376, in import_module_by_names
    value_set = ValueSet.from_sets([
  File "/usr/local/lib/code-server-4.103.2/lib/vscode/extensions/ms-python.python-2025.12.0/python_files/lib/jedilsp/jedi/inference/imports.py", line 377, in <listcomp>
    import_module(
  File "/usr/local/lib/code-server-4.103.2/lib/vscode/extensions/ms-python.python-2025.12.0/python_files/lib/jedilsp/jedi/plugins/__init__.py", line 21, in wrapper
    return built_functions[public_name](*args, **kwargs)
  File "/usr/local/lib/code-server-4.103.2/lib/vscode/extensions/ms-python.python-2025.12.0/python_files/lib/jedilsp/jedi/plugins/flask.py", line 20, in wrapper
    return callback(inference_state, import_names, module_context, *args, **kwargs)
  File "/usr/local/lib/code-server-4.103.2/lib/vscode/extensions/ms-python.python-2025.12.0/python_files/lib/jedilsp/jedi/inference/gradual/typeshed.py", line 115, in wrapper
    python_value_set = ValueSet.from_sets(
  File "/usr/local/lib/code-server-4.103.2/lib/vscode/extensions/ms-python.python-2025.12.0/python_files/lib/jedilsp/jedi/inference/base_value.py", line 430, in from_sets
    for set_ in sets:
  File "/usr/local/lib/code-server-4.103.2/lib/vscode/extensions/ms-python.python-2025.12.0/python_files/lib/jedilsp/jedi/inference/gradual/typeshed.py", line 116, in <genexpr>
    func(inference_state, import_names, p, sys_path,)
  File "/usr/local/lib/code-server-4.103.2/lib/vscode/extensions/ms-python.python-2025.12.0/python_files/lib/jedilsp/jedi/inference/imports.py", line 425, in import_module
    file_io_or_ns, is_pkg = inference_state.compiled_subprocess.get_module_info(
  File "/usr/local/lib/code-server-4.103.2/lib/vscode/extensions/ms-python.python-2025.12.0/python_files/lib/jedilsp/jedi/inference/compiled/subprocess/__init__.py", line 188, in wrapper
    result = self._compiled_subprocess.run(
  File "/usr/local/lib/code-server-4.103.2/lib/vscode/extensions/ms-python.python-2025.12.0/python_files/lib/jedilsp/jedi/inference/compiled/subprocess/__init__.py", line 296, in run
    return self._send(inference_state_id, function, args, kwargs)
  File "/usr/local/lib/code-server-4.103.2/lib/vscode/extensions/ms-python.python-2025.12.0/python_files/lib/jedilsp/jedi/inference/compiled/subprocess/__init__.py", line 318, in _send
    is_exception, traceback, result = pickle_load(self._get_process().stdout)
  File "/usr/local/lib/code-server-4.103.2/lib/vscode/extensions/ms-python.python-2025.12.0/python_files/lib/jedilsp/jedi/_compatibility.py", line 25, in pickle_load
    return Unpickler(file).load()
_pickle.UnpicklingError: unpickling stack underflow

2026-08-29 15:33:46.166 [info] ERROR:pygls.protocol.json_rpc:Exception occurred for message "9": _pickle.UnpicklingError: invalid load key, ' '.
NoneType: None

2026-08-29 15:33:46.167 [info] [Error - 3:33:46 PM] Request textDocument/semanticTokens/full failed.
2026-08-29 15:33:46.171 [info]   Message: _pickle.UnpicklingError: invalid load key, ' '.
  Code: -32603 
[object Object]
2026-08-29 15:33:46.173 [info] ERROR:pygls.protocol.json_rpc:Exception occurred for message "11": _pickle.UnpicklingError: invalid load key, ' '.
NoneType: None

2026-08-29 15:33:46.176 [info] ERROR:pygls.protocol.json_rpc:Exception occurred for message "12": _pickle.UnpicklingError: invalid load key, ' '.
NoneType: None

2026-08-29 15:33:46.177 [info] [Error - 3:33:46 PM] Request textDocument/documentSymbol failed.
2026-08-29 15:33:46.177 [info]   Message: _pickle.UnpicklingError: unpickling stack underflow
  Code: -32603 
[object Object]
2026-08-29 15:33:46.181 [info] semantic_tokens_range file:///voc/work/W3_package/api/main.py 0:0-52:0
2026-08-29 15:33:46.181 [info] [Error - 3:33:46 PM] Request textDocument/semanticTokens/range failed.
2026-08-29 15:33:46.181 [info]   Message: _pickle.UnpicklingError: invalid load key, ' '.
  Code: -32603 
[object Object]
2026-08-29 15:33:46.182 [info] semantic_tokens_range file:///voc/work/W3_package/api/main.py 0:0-71:26
2026-08-29 15:33:46.186 [info] [Error - 3:33:46 PM] Request textDocument/semanticTokens/range failed.
2026-08-29 15:33:46.186 [info]   Message: _pickle.UnpicklingError: invalid load key, ' '.
  Code: -32603 
[object Object]
2026-08-29 15:33:46.928 [info] semantic_tokens_range file:///voc/work/W3_package/api/main.py 10:0-89:54
2026-08-29 15:33:46.930 [info] ERROR:pygls.protocol.json_rpc:Exception occurred for message "13": _pickle.UnpicklingError: invalid load key, ' '.
NoneType: None

2026-08-29 15:33:46.933 [info] [Error - 3:33:46 PM] Request textDocument/semanticTokens/range failed.
2026-08-29 15:33:46.933 [info]   Message: _pickle.UnpicklingError: invalid load key, ' '.
  Code: -32603 
[object Object]
2026-08-29 15:33:48.110 [info] semantic_tokens_range file:///voc/work/W3_package/api/main.py 16:0-95:17
2026-08-29 15:33:48.112 [info] ERROR:pygls.protocol.json_rpc:Exception occurred for message "14": _pickle.UnpicklingError: invalid load key, ' '.
NoneType: None

2026-08-29 15:33:48.115 [info] [Error - 3:33:48 PM] Request textDocument/semanticTokens/range failed.
2026-08-29 15:33:48.115 [info]   Message: _pickle.UnpicklingError: invalid load key, ' '.
  Code: -32603 
[object Object]
2026-08-29 15:48:07.880 [info] semantic_tokens_range file:///voc/work/W3_package/api/main.py 10:0-89:54
2026-08-29 15:48:07.887 [info] ERROR:pygls.protocol.json_rpc:Exception occurred for message "16": _pickle.UnpicklingError: invalid load key, ' '.
NoneType: None

2026-08-29 15:48:07.887 [info] [Error - 3:48:07 PM] Request textDocument/semanticTokens/range failed.
2026-08-29 15:48:07.887 [info]   Message: _pickle.UnpicklingError: invalid load key, ' '.
  Code: -32603 
[object Object]
2026-08-29 15:48:10.487 [info] semantic_tokens_range file:///voc/work/W3_package/api/main.py 34:0-103:0
2026-08-29 15:48:10.490 [info] ERROR:pygls.protocol.json_rpc:Exception occurred for message "17": _pickle.UnpicklingError: invalid load key, ' '.
NoneType: None

2026-08-29 15:48:10.493 [info] [Error - 3:48:10 PM] Request textDocument/semanticTokens/range failed.
2026-08-29 15:48:10.493 [info]   Message: _pickle.UnpicklingError: invalid load key, ' '.
  Code: -32603 
[object Object]
2026-08-29 15:48:32.520 [info] semantic_tokens_range file:///voc/work/W3_package/api/main.py 58:0-103:0
2026-08-29 15:48:32.523 [info] ERROR:pygls.protocol.json_rpc:Exception occurred for message "19": _pickle.UnpicklingError: invalid load key, ' '.
NoneType: None

2026-08-29 15:48:32.526 [info] [Error - 3:48:32 PM] Request textDocument/semanticTokens/range failed.
2026-08-29 15:48:32.526 [info]   Message: _pickle.UnpicklingError: invalid load key, ' '.
  Code: -32603 
[object Object]
2026-08-29 15:48:33.908 [info] semantic_tokens_range file:///voc/work/W3_package/api/main.py 37:0-103:0
2026-08-29 15:48:33.910 [info] ERROR:pygls.protocol.json_rpc:Exception occurred for message "20": _pickle.UnpicklingError: invalid load key, ' '.
NoneType: None

2026-08-29 15:48:33.912 [info] [Error - 3:48:33 PM] Request textDocument/semanticTokens/range failed.
2026-08-29 15:48:33.912 [info]   Message: _pickle.UnpicklingError: invalid load key, ' '.
  Code: -32603 
[object Object]
2026-08-29 15:48:36.436 [info] semantic_tokens_range file:///voc/work/W3_package/api/main.py 44:0-98:49
2026-08-29 15:48:36.439 [info] ERROR:pygls.protocol.json_rpc:Exception occurred for message "21": _pickle.UnpicklingError: invalid load key, ' '.
NoneType: None

2026-08-29 15:48:36.441 [info] [Error - 3:48:36 PM] Request textDocument/semanticTokens/range failed.
2026-08-29 15:48:36.441 [info]   Message: _pickle.UnpicklingError: invalid load key, ' '.
  Code: -32603 
[object Object]
2026-08-29 15:48:43.477 [info] semantic_tokens_range file:///voc/work/W3_package/api/main.py 0:0-34:79
2026-08-29 15:48:43.480 [info] ERROR:pygls.protocol.json_rpc:Exception occurred for message "22": _pickle.UnpicklingError: invalid load key, ' '.
NoneType: None

2026-08-29 15:48:43.483 [info] [Error - 3:48:43 PM] Request textDocument/semanticTokens/range failed.
2026-08-29 15:48:43.483 [info]   Message: _pickle.UnpicklingError: invalid load key, ' '.
  Code: -32603 
[object Object]
2026-08-29 15:55:53.455 [info] semantic_tokens_range file:///voc/work/W3_package/api/main.py 2:0-56:79
2026-08-29 15:55:53.457 [info] ERROR:pygls.protocol.json_rpc:Exception occurred for message "23": _pickle.UnpicklingError: invalid load key, ' '.
NoneType: None

2026-08-29 15:55:53.458 [info] [Error - 3:55:53 PM] Request textDocument/semanticTokens/range failed.
2026-08-29 15:55:53.458 [info]   Message: _pickle.UnpicklingError: invalid load key, ' '.
  Code: -32603 
[object Object]
2026-08-29 15:58:15.718 [info] semantic_tokens_full file:///voc/work/W3_Learning_Venu/main.py 
2026-08-29 15:58:15.888 [info] semantic_tokens_range file:///voc/work/W3_Learning_Venu/main.py 0:0-0:0
2026-08-29 15:58:21.486 [info] ERROR:pygls.protocol.json_rpc:Failed to handle request 30 textDocument/completion CompletionParams(text_document=TextDocumentIdentifier(uri='file:///voc/work/W3_Learning_Venu/main.py'), position=0:1, context=CompletionContext(trigger_kind=<CompletionTriggerKind.Invoked: 1>, trigger_character=None), work_done_token=None, partial_result_token=None)
Traceback (most recent call last):
  File "/usr/local/lib/code-server-4.103.2/lib/vscode/extensions/ms-python.python-2025.12.0/python_files/lib/jedilsp/pygls/protocol/json_rpc.py", line 266, in _handle_request
    self._execute_request(msg_id, handler, params)
  File "/usr/local/lib/code-server-4.103.2/lib/vscode/extensions/ms-python.python-2025.12.0/python_files/lib/jedilsp/pygls/protocol/json_rpc.py", line 188, in _execute_request
    self._send_response(msg_id, handler(params))
  File "/usr/local/lib/code-server-4.103.2/lib/vscode/extensions/ms-python.python-2025.12.0/python_files/lib/jedilsp/jedi_language_server/notebook_utils.py", line 373, in wrapped
    result = f(notebook_server, notebook_params)
  File "/usr/local/lib/code-server-4.103.2/lib/vscode/extensions/ms-python.python-2025.12.0/python_files/lib/jedilsp/jedi_language_server/server.py", line 284, in completion
    completions_jedi_raw = jedi_script.complete(*jedi_lines)
  File "/usr/local/lib/code-server-4.103.2/lib/vscode/extensions/ms-python.python-2025.12.0/python_files/lib/jedilsp/jedi/api/helpers.py", line 487, in wrapper
    return func(self, line, column, *args, **kwargs)
  File "/usr/local/lib/code-server-4.103.2/lib/vscode/extensions/ms-python.python-2025.12.0/python_files/lib/jedilsp/jedi/api/__init__.py", line 215, in complete
    return completion.complete()
  File "/usr/local/lib/code-server-4.103.2/lib/vscode/extensions/ms-python.python-2025.12.0/python_files/lib/jedilsp/jedi/api/completion.py", line 178, in complete
    cached_name, completion_names = self._complete_python(leaf)
  File "/usr/local/lib/code-server-4.103.2/lib/vscode/extensions/ms-python.python-2025.12.0/python_files/lib/jedilsp/jedi/api/completion.py", line 327, in _complete_python
    completion_names += self._complete_global_scope()
  File "/usr/local/lib/code-server-4.103.2/lib/vscode/extensions/ms-python.python-2025.12.0/python_files/lib/jedilsp/jedi/api/completion.py", line 392, in _complete_global_scope
    for filter in filters:
  File "/usr/local/lib/code-server-4.103.2/lib/vscode/extensions/ms-python.python-2025.12.0/python_files/lib/jedilsp/jedi/inference/context.py", line 496, in get_global_filters
    b = next(base_context.inference_state.builtins_module.get_filters(), None)
  File "/usr/local/lib/code-server-4.103.2/lib/vscode/extensions/ms-python.python-2025.12.0/python_files/lib/jedilsp/jedi/inference/cache.py", line 44, in wrapper
    rv = function(obj, *args, **kwargs)
  File "/usr/local/lib/code-server-4.103.2/lib/vscode/extensions/ms-python.python-2025.12.0/python_files/lib/jedilsp/jedi/inference/__init__.py", line 129, in builtins_module
    builtins_module, = self.import_module((module_name,), sys_path=[])
  File "/usr/local/lib/code-server-4.103.2/lib/vscode/extensions/ms-python.python-2025.12.0/python_files/lib/jedilsp/jedi/inference/__init__.py", line 112, in import_module
    return imports.import_module_by_names(
  File "/usr/local/lib/code-server-4.103.2/lib/vscode/extensions/ms-python.python-2025.12.0/python_files/lib/jedilsp/jedi/inference/imports.py", line 376, in import_module_by_names
    value_set = ValueSet.from_sets([
  File "/usr/local/lib/code-server-4.103.2/lib/vscode/extensions/ms-python.python-2025.12.0/python_files/lib/jedilsp/jedi/inference/imports.py", line 377, in <listcomp>
    import_module(
  File "/usr/local/lib/code-server-4.103.2/lib/vscode/extensions/ms-python.python-2025.12.0/python_files/lib/jedilsp/jedi/plugins/__init__.py", line 21, in wrapper
    return built_functions[public_name](*args, **kwargs)
  File "/usr/local/lib/code-server-4.103.2/lib/vscode/extensions/ms-python.python-2025.12.0/python_files/lib/jedilsp/jedi/plugins/flask.py", line 20, in wrapper
    return callback(inference_state, import_names, module_context, *args, **kwargs)
  File "/usr/local/lib/code-server-4.103.2/lib/vscode/extensions/ms-python.python-2025.12.0/python_files/lib/jedilsp/jedi/inference/gradual/typeshed.py", line 115, in wrapper
    python_value_set = ValueSet.from_sets(
  File "/usr/local/lib/code-server-4.103.2/lib/vscode/extensions/ms-python.python-2025.12.0/python_files/lib/jedilsp/jedi/inference/base_value.py", line 430, in from_sets
    for set_ in sets:
  File "/usr/local/lib/code-server-4.103.2/lib/vscode/extensions/ms-python.python-2025.12.0/python_files/lib/jedilsp/jedi/inference/gradual/typeshed.py", line 116, in <genexpr>
    func(inference_state, import_names, p, sys_path,)
  File "/usr/local/lib/code-server-4.103.2/lib/vscode/extensions/ms-python.python-2025.12.0/python_files/lib/jedilsp/jedi/inference/imports.py", line 411, in import_module
    file_io_or_ns, is_pkg = inference_state.compiled_subprocess.get_module_info(
  File "/usr/local/lib/code-server-4.103.2/lib/vscode/extensions/ms-python.python-2025.12.0/python_files/lib/jedilsp/jedi/inference/compiled/subprocess/__init__.py", line 188, in wrapper
    result = self._compiled_subprocess.run(
  File "/usr/local/lib/code-server-4.103.2/lib/vscode/extensions/ms-python.python-2025.12.0/python_files/lib/jedilsp/jedi/inference/compiled/subprocess/__init__.py", line 293, in run
    self._send(delete_id, None)
  File "/usr/local/lib/code-server-4.103.2/lib/vscode/extensions/ms-python.python-2025.12.0/python_files/lib/jedilsp/jedi/inference/compiled/subprocess/__init__.py", line 318, in _send
    is_exception, traceback, result = pickle_load(self._get_process().stdout)
  File "/usr/local/lib/code-server-4.103.2/lib/vscode/extensions/ms-python.python-2025.12.0/python_files/lib/jedilsp/jedi/_compatibility.py", line 25, in pickle_load
    return Unpickler(file).load()
_pickle.UnpicklingError: invalid load key, ' '.

2026-08-29 15:58:21.486 [info] [Error - 3:58:21 PM] Request textDocument/completion failed.
2026-08-29 15:58:21.492 [info]   Message: _pickle.UnpicklingError: invalid load key, ' '.
  Code: -32603 
[object Object]
2026-08-29 15:58:21.742 [info] semantic_tokens_full file:///voc/work/W3_Learning_Venu/main.py 
2026-08-29 15:58:22.090 [info] semantic_tokens_full file:///voc/work/W3_Learning_Venu/main.py 
2026-08-29 15:58:22.507 [info] semantic_tokens_full file:///voc/work/W3_Learning_Venu/main.py 
2026-08-29 15:59:52.413 [info] semantic_tokens_range file:///voc/work/W3_package/api/main.py 2:0-56:79
2026-08-29 15:59:52.415 [info] ERROR:pygls.protocol.json_rpc:Exception occurred for message "37": _pickle.UnpicklingError: invalid load key, ' '.
NoneType: None

2026-08-29 15:59:52.415 [info] [Error - 3:59:52 PM] Request textDocument/semanticTokens/range failed.
2026-08-29 15:59:52.415 [info]   Message: _pickle.UnpicklingError: invalid load key, ' '.
  Code: -32603 
[object Object]
2026-08-29 15:59:52.467 [info] semantic_tokens_full file:///voc/work/W3_package/api/main.py 
2026-08-29 15:59:52.469 [info] ERROR:pygls.protocol.json_rpc:Exception occurred for message "38": _pickle.UnpicklingError: invalid load key, ' '.
NoneType: None

2026-08-29 15:59:52.471 [info] ERROR:pygls.protocol.json_rpc:Failed to handle request 39 textDocument/documentSymbol DocumentSymbolParams(text_document=TextDocumentIdentifier(uri='file:///voc/work/W3_package/api/main.py'), work_done_token=None, partial_result_token=None)
Traceback (most recent call last):
  File "/usr/local/lib/code-server-4.103.2/lib/vscode/extensions/ms-python.python-2025.12.0/python_files/lib/jedilsp/pygls/protocol/json_rpc.py", line 266, in _handle_request
    self._execute_request(msg_id, handler, params)
  File "/usr/local/lib/code-server-4.103.2/lib/vscode/extensions/ms-python.python-2025.12.0/python_files/lib/jedilsp/pygls/protocol/json_rpc.py", line 188, in _execute_request
    self._send_response(msg_id, handler(params))
  File "/usr/local/lib/code-server-4.103.2/lib/vscode/extensions/ms-python.python-2025.12.0/python_files/lib/jedilsp/jedi_language_server/server.py", line 546, in document_symbol
    document_symbols = jedi_utils.lsp_document_symbols(names)
  File "/usr/local/lib/code-server-4.103.2/lib/vscode/extensions/ms-python.python-2025.12.0/python_files/lib/jedilsp/jedi_language_server/jedi_utils.py", line 225, in lsp_document_symbols
    symbol_range = _document_symbol_range(name)
  File "/usr/local/lib/code-server-4.103.2/lib/vscode/extensions/ms-python.python-2025.12.0/python_files/lib/jedilsp/jedi_language_server/jedi_utils.py", line 204, in _document_symbol_range
    end = name.get_definition_end_position()
  File "/usr/local/lib/code-server-4.103.2/lib/vscode/extensions/ms-python.python-2025.12.0/python_files/lib/jedilsp/jedi/api/classes.py", line 260, in get_definition_end_position
    if self.type in ("function", "class"):
  File "/usr/local/lib/code-server-4.103.2/lib/vscode/extensions/ms-python.python-2025.12.0/python_files/lib/jedilsp/jedi/api/classes.py", line 190, in type
    for value in self._name.infer():
  File "/usr/local/lib/code-server-4.103.2/lib/vscode/extensions/ms-python.python-2025.12.0/python_files/lib/jedilsp/jedi/inference/names.py", line 281, in infer
    return tree_name_to_values(
  File "/usr/local/lib/code-server-4.103.2/lib/vscode/extensions/ms-python.python-2025.12.0/python_files/lib/jedilsp/jedi/plugins/__init__.py", line 21, in wrapper
    return built_functions[public_name](*args, **kwargs)
  File "/usr/local/lib/code-server-4.103.2/lib/vscode/extensions/ms-python.python-2025.12.0/python_files/lib/jedilsp/jedi/plugins/stdlib.py", line 878, in wrapper
    return func(inference_state, context, tree_name)
  File "/usr/local/lib/code-server-4.103.2/lib/vscode/extensions/ms-python.python-2025.12.0/python_files/lib/jedilsp/jedi/plugins/django.py", line 177, in wrapper
    result = func(inference_state, context, tree_name)
  File "/usr/local/lib/code-server-4.103.2/lib/vscode/extensions/ms-python.python-2025.12.0/python_files/lib/jedilsp/jedi/inference/syntax_tree.py", line 771, in tree_name_to_values
    types = imports.infer_import(context, tree_name)
  File "/usr/local/lib/code-server-4.103.2/lib/vscode/extensions/ms-python.python-2025.12.0/python_files/lib/jedilsp/jedi/inference/cache.py", line 44, in wrapper
    rv = function(obj, *args, **kwargs)
  File "/usr/local/lib/code-server-4.103.2/lib/vscode/extensions/ms-python.python-2025.12.0/python_files/lib/jedilsp/jedi/inference/imports.py", line 53, in infer_import
    _prepare_infer_import(module_context, tree_name)
  File "/usr/local/lib/code-server-4.103.2/lib/vscode/extensions/ms-python.python-2025.12.0/python_files/lib/jedilsp/jedi/inference/imports.py", line 116, in _prepare_infer_import
    return from_import_name, tuple(import_path), import_node.level, importer.follow()
  File "/usr/local/lib/code-server-4.103.2/lib/vscode/extensions/ms-python.python-2025.12.0/python_files/lib/jedilsp/jedi/inference/imports.py", line 296, in follow
    return import_module_by_names(
  File "/usr/local/lib/code-server-4.103.2/lib/vscode/extensions/ms-python.python-2025.12.0/python_files/lib/jedilsp/jedi/inference/imports.py", line 376, in import_module_by_names
    value_set = ValueSet.from_sets([
  File "/usr/local/lib/code-server-4.103.2/lib/vscode/extensions/ms-python.python-2025.12.0/python_files/lib/jedilsp/jedi/inference/imports.py", line 377, in <listcomp>
    import_module(
  File "/usr/local/lib/code-server-4.103.2/lib/vscode/extensions/ms-python.python-2025.12.0/python_files/lib/jedilsp/jedi/plugins/__init__.py", line 21, in wrapper
    return built_functions[public_name](*args, **kwargs)
  File "/usr/local/lib/code-server-4.103.2/lib/vscode/extensions/ms-python.python-2025.12.0/python_files/lib/jedilsp/jedi/plugins/flask.py", line 20, in wrapper
    return callback(inference_state, import_names, module_context, *args, **kwargs)
  File "/usr/local/lib/code-server-4.103.2/lib/vscode/extensions/ms-python.python-2025.12.0/python_files/lib/jedilsp/jedi/inference/gradual/typeshed.py", line 115, in wrapper
    python_value_set = ValueSet.from_sets(
  File "/usr/local/lib/code-server-4.103.2/lib/vscode/extensions/ms-python.python-2025.12.0/python_files/lib/jedilsp/jedi/inference/base_value.py", line 430, in from_sets
    for set_ in sets:
  File "/usr/local/lib/code-server-4.103.2/lib/vscode/extensions/ms-python.python-2025.12.0/python_files/lib/jedilsp/jedi/inference/gradual/typeshed.py", line 116, in <genexpr>
    func(inference_state, import_names, p, sys_path,)
  File "/usr/local/lib/code-server-4.103.2/lib/vscode/extensions/ms-python.python-2025.12.0/python_files/lib/jedilsp/jedi/inference/imports.py", line 411, in import_module
    file_io_or_ns, is_pkg = inference_state.compiled_subprocess.get_module_info(
  File "/usr/local/lib/code-server-4.103.2/lib/vscode/extensions/ms-python.python-2025.12.0/python_files/lib/jedilsp/jedi/inference/compiled/subprocess/__init__.py", line 188, in wrapper
    result = self._compiled_subprocess.run(
  File "/usr/local/lib/code-server-4.103.2/lib/vscode/extensions/ms-python.python-2025.12.0/python_files/lib/jedilsp/jedi/inference/compiled/subprocess/__init__.py", line 293, in run
    self._send(delete_id, None)
  File "/usr/local/lib/code-server-4.103.2/lib/vscode/extensions/ms-python.python-2025.12.0/python_files/lib/jedilsp/jedi/inference/compiled/subprocess/__init__.py", line 318, in _send
    is_exception, traceback, result = pickle_load(self._get_process().stdout)
  File "/usr/local/lib/code-server-4.103.2/lib/vscode/extensions/ms-python.python-2025.12.0/python_files/lib/jedilsp/jedi/_compatibility.py", line 25, in pickle_load
    return Unpickler(file).load()
_pickle.UnpicklingError: invalid load key, ' '.

2026-08-29 15:59:52.472 [info] [Error - 3:59:52 PM] Request textDocument/semanticTokens/full failed.
2026-08-29 15:59:52.472 [info]   Message: _pickle.UnpicklingError: invalid load key, ' '.
  Code: -32603 
[object Object]
2026-08-29 15:59:52.472 [info] [Error - 3:59:52 PM] Request textDocument/documentSymbol failed.
2026-08-29 15:59:52.472 [info]   Message: _pickle.UnpicklingError: invalid load key, ' '.
  Code: -32603 
[object Object]
2026-08-29 15:59:53.482 [info] semantic_tokens_range file:///voc/work/W3_package/api/main.py 0:0-34:79
2026-08-29 15:59:53.484 [info] ERROR:pygls.protocol.json_rpc:Exception occurred for message "40": _pickle.UnpicklingError: invalid load key, ' '.
NoneType: None

2026-08-29 15:59:53.486 [info] [Error - 3:59:53 PM] Request textDocument/semanticTokens/range failed.
2026-08-29 15:59:53.486 [info]   Message: _pickle.UnpicklingError: invalid load key, ' '.
  Code: -32603 
[object Object]
2026-08-29 15:59:54.577 [info] semantic_tokens_range file:///voc/work/W3_package/api/main.py 0:0-42:16
2026-08-29 15:59:54.579 [info] ERROR:pygls.protocol.json_rpc:Exception occurred for message "41": _pickle.UnpicklingError: invalid load key, ' '.
NoneType: None

2026-08-29 15:59:54.584 [info] [Error - 3:59:54 PM] Request textDocument/semanticTokens/range failed.
2026-08-29 15:59:54.584 [info]   Message: _pickle.UnpicklingError: invalid load key, ' '.
  Code: -32603 
[object Object]
2026-08-29 15:59:54.948 [info] semantic_tokens_range file:///voc/work/W3_package/api/main.py 0:0-45:0
2026-08-29 15:59:54.950 [info] ERROR:pygls.protocol.json_rpc:Exception occurred for message "42": _pickle.UnpicklingError: invalid load key, ' '.
NoneType: None

2026-08-29 15:59:54.953 [info] [Error - 3:59:54 PM] Request textDocument/semanticTokens/range failed.
2026-08-29 15:59:54.953 [info]   Message: _pickle.UnpicklingError: invalid load key, ' '.
  Code: -32603 
[object Object]
2026-08-29 15:59:55.662 [info] semantic_tokens_range file:///voc/work/W3_package/api/main.py 0:0-48:25
2026-08-29 15:59:55.664 [info] ERROR:pygls.protocol.json_rpc:Exception occurred for message "43": _pickle.UnpicklingError: invalid load key, ' '.
NoneType: None

2026-08-29 15:59:55.666 [info] [Error - 3:59:55 PM] Request textDocument/semanticTokens/range failed.
2026-08-29 15:59:55.666 [info]   Message: _pickle.UnpicklingError: invalid load key, ' '.
  Code: -32603 
[object Object]
2026-08-29 15:59:59.109 [info] ERROR:pygls.protocol.json_rpc:Failed to handle request 44 textDocument/documentHighlight DocumentHighlightParams(text_document=TextDocumentIdentifier(uri='file:///voc/work/W3_package/api/main.py'), position=23:63, work_done_token=None, partial_result_token=None)
Traceback (most recent call last):
  File "/usr/local/lib/code-server-4.103.2/lib/vscode/extensions/ms-python.python-2025.12.0/python_files/lib/jedilsp/pygls/protocol/json_rpc.py", line 266, in _handle_request
    self._execute_request(msg_id, handler, params)
  File "/usr/local/lib/code-server-4.103.2/lib/vscode/extensions/ms-python.python-2025.12.0/python_files/lib/jedilsp/pygls/protocol/json_rpc.py", line 188, in _execute_request
    self._send_response(msg_id, handler(params))
  File "/usr/local/lib/code-server-4.103.2/lib/vscode/extensions/ms-python.python-2025.12.0/python_files/lib/jedilsp/jedi_language_server/server.py", line 466, in highlight
    names = jedi_script.get_references(*jedi_lines, scope="file")
  File "/usr/local/lib/code-server-4.103.2/lib/vscode/extensions/ms-python.python-2025.12.0/python_files/lib/jedilsp/jedi/api/helpers.py", line 487, in wrapper
    return func(self, line, column, *args, **kwargs)
  File "/usr/local/lib/code-server-4.103.2/lib/vscode/extensions/ms-python.python-2025.12.0/python_files/lib/jedilsp/jedi/api/__init__.py", line 429, in get_references
    return _references(**kwargs)
  File "/usr/local/lib/code-server-4.103.2/lib/vscode/extensions/ms-python.python-2025.12.0/python_files/lib/jedilsp/jedi/api/__init__.py", line 423, in _references
    names = find_references(self._get_module_context(), tree_name, scope == 'file')
  File "/usr/local/lib/code-server-4.103.2/lib/vscode/extensions/ms-python.python-2025.12.0/python_files/lib/jedilsp/jedi/inference/references.py", line 122, in find_references
    found_names = _find_defining_names(module_context, tree_name)
  File "/usr/local/lib/code-server-4.103.2/lib/vscode/extensions/ms-python.python-2025.12.0/python_files/lib/jedilsp/jedi/inference/references.py", line 53, in _find_defining_names
    found_names = _find_names(module_context, tree_name)
  File "/usr/local/lib/code-server-4.103.2/lib/vscode/extensions/ms-python.python-2025.12.0/python_files/lib/jedilsp/jedi/inference/references.py", line 74, in _find_names
    found_names = set(name.goto())
  File "/usr/local/lib/code-server-4.103.2/lib/vscode/extensions/ms-python.python-2025.12.0/python_files/lib/jedilsp/jedi/inference/names.py", line 157, in goto
    module_names = goto_import(context, name)
  File "/usr/local/lib/code-server-4.103.2/lib/vscode/extensions/ms-python.python-2025.12.0/python_files/lib/jedilsp/jedi/inference/cache.py", line 44, in wrapper
    rv = function(obj, *args, **kwargs)
  File "/usr/local/lib/code-server-4.103.2/lib/vscode/extensions/ms-python.python-2025.12.0/python_files/lib/jedilsp/jedi/inference/imports.py", line 75, in goto_import
    _prepare_infer_import(module_context, tree_name)
  File "/usr/local/lib/code-server-4.103.2/lib/vscode/extensions/ms-python.python-2025.12.0/python_files/lib/jedilsp/jedi/inference/imports.py", line 116, in _prepare_infer_import
    return from_import_name, tuple(import_path), import_node.level, importer.follow()
  File "/usr/local/lib/code-server-4.103.2/lib/vscode/extensions/ms-python.python-2025.12.0/python_files/lib/jedilsp/jedi/inference/imports.py", line 296, in follow
    return import_module_by_names(
  File "/usr/local/lib/code-server-4.103.2/lib/vscode/extensions/ms-python.python-2025.12.0/python_files/lib/jedilsp/jedi/inference/imports.py", line 376, in import_module_by_names
    value_set = ValueSet.from_sets([
  File "/usr/local/lib/code-server-4.103.2/lib/vscode/extensions/ms-python.python-2025.12.0/python_files/lib/jedilsp/jedi/inference/imports.py", line 377, in <listcomp>
    import_module(
  File "/usr/local/lib/code-server-4.103.2/lib/vscode/extensions/ms-python.python-2025.12.0/python_files/lib/jedilsp/jedi/plugins/__init__.py", line 21, in wrapper
    return built_functions[public_name](*args, **kwargs)
  File "/usr/local/lib/code-server-4.103.2/lib/vscode/extensions/ms-python.python-2025.12.0/python_files/lib/jedilsp/jedi/plugins/flask.py", line 20, in wrapper
    return callback(inference_state, import_names, module_context, *args, **kwargs)
  File "/usr/local/lib/code-server-4.103.2/lib/vscode/extensions/ms-python.python-2025.12.0/python_files/lib/jedilsp/jedi/inference/gradual/typeshed.py", line 115, in wrapper
    python_value_set = ValueSet.from_sets(
  File "/usr/local/lib/code-server-4.103.2/lib/vscode/extensions/ms-python.python-2025.12.0/python_files/lib/jedilsp/jedi/inference/base_value.py", line 430, in from_sets
    for set_ in sets:
  File "/usr/local/lib/code-server-4.103.2/lib/vscode/extensions/ms-python.python-2025.12.0/python_files/lib/jedilsp/jedi/inference/gradual/typeshed.py", line 116, in <genexpr>
    func(inference_state, import_names, p, sys_path,)
  File "/usr/local/lib/code-server-4.103.2/lib/vscode/extensions/ms-python.python-2025.12.0/python_files/lib/jedilsp/jedi/inference/imports.py", line 411, in import_module
    file_io_or_ns, is_pkg = inference_state.compiled_subprocess.get_module_info(
  File "/usr/local/lib/code-server-4.103.2/lib/vscode/extensions/ms-python.python-2025.12.0/python_files/lib/jedilsp/jedi/inference/compiled/subprocess/__init__.py", line 188, in wrapper
    result = self._compiled_subprocess.run(
  File "/usr/local/lib/code-server-4.103.2/lib/vscode/extensions/ms-python.python-2025.12.0/python_files/lib/jedilsp/jedi/inference/compiled/subprocess/__init__.py", line 296, in run
    return self._send(inference_state_id, function, args, kwargs)
  File "/usr/local/lib/code-server-4.103.2/lib/vscode/extensions/ms-python.python-2025.12.0/python_files/lib/jedilsp/jedi/inference/compiled/subprocess/__init__.py", line 318, in _send
    is_exception, traceback, result = pickle_load(self._get_process().stdout)
  File "/usr/local/lib/code-server-4.103.2/lib/vscode/extensions/ms-python.python-2025.12.0/python_files/lib/jedilsp/jedi/_compatibility.py", line 25, in pickle_load
    return Unpickler(file).load()
_pickle.UnpicklingError: invalid load key, ' '.

2026-08-29 15:59:59.110 [info] [Error - 3:59:59 PM] Request textDocument/documentHighlight failed.
2026-08-29 15:59:59.115 [info]   Message: _pickle.UnpicklingError: invalid load key, ' '.
  Code: -32603 
[object Object]
2026-08-29 16:00:00.195 [info] ERROR:pygls.protocol.json_rpc:Failed to handle request 45 textDocument/codeAction CodeActionParams(text_document=TextDocumentIdentifier(uri='file:///voc/work/W3_package/api/main.py'), range=14:0-23:63, context=CodeActionContext(diagnostics=[], only=None, trigger_kind=<CodeActionTriggerKind.Automatic: 2>), work_done_token=None, partial_result_token=None)
Traceback (most recent call last):
  File "/usr/local/lib/code-server-4.103.2/lib/vscode/extensions/ms-python.python-2025.12.0/python_files/lib/jedilsp/pygls/protocol/json_rpc.py", line 266, in _handle_request
    self._execute_request(msg_id, handler, params)
  File "/usr/local/lib/code-server-4.103.2/lib/vscode/extensions/ms-python.python-2025.12.0/python_files/lib/jedilsp/pygls/protocol/json_rpc.py", line 188, in _execute_request
    self._send_response(msg_id, handler(params))
  File "/usr/local/lib/code-server-4.103.2/lib/vscode/extensions/ms-python.python-2025.12.0/python_files/lib/jedilsp/jedi_language_server/notebook_utils.py", line 373, in wrapped
    result = f(notebook_server, notebook_params)
  File "/usr/local/lib/code-server-4.103.2/lib/vscode/extensions/ms-python.python-2025.12.0/python_files/lib/jedilsp/jedi_language_server/server.py", line 717, in code_action
    extract_function_refactoring = jedi_script.extract_function(
  File "/usr/local/lib/code-server-4.103.2/lib/vscode/extensions/ms-python.python-2025.12.0/python_files/lib/jedilsp/jedi/api/helpers.py", line 487, in wrapper
    return func(self, line, column, *args, **kwargs)
  File "/usr/local/lib/code-server-4.103.2/lib/vscode/extensions/ms-python.python-2025.12.0/python_files/lib/jedilsp/jedi/api/__init__.py", line 675, in extract_function
    return extract_function(
  File "/usr/local/lib/code-server-4.103.2/lib/vscode/extensions/ms-python.python-2025.12.0/python_files/lib/jedilsp/jedi/api/refactoring/extract.py", line 216, in extract_function
    params, return_variables = list(_find_inputs_and_outputs(module_context, context, nodes))
  File "/usr/local/lib/code-server-4.103.2/lib/vscode/extensions/ms-python.python-2025.12.0/python_files/lib/jedilsp/jedi/api/refactoring/extract.py", line 332, in _find_inputs_and_outputs
    name_definitions = context.goto(name, name.start_pos)
  File "/usr/local/lib/code-server-4.103.2/lib/vscode/extensions/ms-python.python-2025.12.0/python_files/lib/jedilsp/jedi/inference/context.py", line 34, in goto
    names = finder.filter_name(filters, name_or_str)
  File "/usr/local/lib/code-server-4.103.2/lib/vscode/extensions/ms-python.python-2025.12.0/python_files/lib/jedilsp/jedi/inference/finder.py", line 35, in filter_name
    for filter in filters:
  File "/usr/local/lib/code-server-4.103.2/lib/vscode/extensions/ms-python.python-2025.12.0/python_files/lib/jedilsp/jedi/inference/context.py", line 496, in get_global_filters
    b = next(base_context.inference_state.builtins_module.get_filters(), None)
  File "/usr/local/lib/code-server-4.103.2/lib/vscode/extensions/ms-python.python-2025.12.0/python_files/lib/jedilsp/jedi/inference/cache.py", line 44, in wrapper
    rv = function(obj, *args, **kwargs)
  File "/usr/local/lib/code-server-4.103.2/lib/vscode/extensions/ms-python.python-2025.12.0/python_files/lib/jedilsp/jedi/inference/__init__.py", line 129, in builtins_module
    builtins_module, = self.import_module((module_name,), sys_path=[])
  File "/usr/local/lib/code-server-4.103.2/lib/vscode/extensions/ms-python.python-2025.12.0/python_files/lib/jedilsp/jedi/inference/__init__.py", line 112, in import_module
    return imports.import_module_by_names(
  File "/usr/local/lib/code-server-4.103.2/lib/vscode/extensions/ms-python.python-2025.12.0/python_files/lib/jedilsp/jedi/inference/imports.py", line 376, in import_module_by_names
    value_set = ValueSet.from_sets([
  File "/usr/local/lib/code-server-4.103.2/lib/vscode/extensions/ms-python.python-2025.12.0/python_files/lib/jedilsp/jedi/inference/imports.py", line 377, in <listcomp>
    import_module(
  File "/usr/local/lib/code-server-4.103.2/lib/vscode/extensions/ms-python.python-2025.12.0/python_files/lib/jedilsp/jedi/plugins/__init__.py", line 21, in wrapper
    return built_functions[public_name](*args, **kwargs)
  File "/usr/local/lib/code-server-4.103.2/lib/vscode/extensions/ms-python.python-2025.12.0/python_files/lib/jedilsp/jedi/plugins/flask.py", line 20, in wrapper
    return callback(inference_state, import_names, module_context, *args, **kwargs)
  File "/usr/local/lib/code-server-4.103.2/lib/vscode/extensions/ms-python.python-2025.12.0/python_files/lib/jedilsp/jedi/inference/gradual/typeshed.py", line 115, in wrapper
    python_value_set = ValueSet.from_sets(
  File "/usr/local/lib/code-server-4.103.2/lib/vscode/extensions/ms-python.python-2025.12.0/python_files/lib/jedilsp/jedi/inference/base_value.py", line 430, in from_sets
    for set_ in sets:
  File "/usr/local/lib/code-server-4.103.2/lib/vscode/extensions/ms-python.python-2025.12.0/python_files/lib/jedilsp/jedi/inference/gradual/typeshed.py", line 116, in <genexpr>
    func(inference_state, import_names, p, sys_path,)
  File "/usr/local/lib/code-server-4.103.2/lib/vscode/extensions/ms-python.python-2025.12.0/python_files/lib/jedilsp/jedi/inference/imports.py", line 411, in import_module
    file_io_or_ns, is_pkg = inference_state.compiled_subprocess.get_module_info(
  File "/usr/local/lib/code-server-4.103.2/lib/vscode/extensions/ms-python.python-2025.12.0/python_files/lib/jedilsp/jedi/inference/compiled/subprocess/__init__.py", line 188, in wrapper
    result = self._compiled_subprocess.run(
  File "/usr/local/lib/code-server-4.103.2/lib/vscode/extensions/ms-python.python-2025.12.0/python_files/lib/jedilsp/jedi/inference/compiled/subprocess/__init__.py", line 296, in run
    return self._send(inference_state_id, function, args, kwargs)
  File "/usr/local/lib/code-server-4.103.2/lib/vscode/extensions/ms-python.python-2025.12.0/python_files/lib/jedilsp/jedi/inference/compiled/subprocess/__init__.py", line 318, in _send
    is_exception, traceback, result = pickle_load(self._get_process().stdout)
  File "/usr/local/lib/code-server-4.103.2/lib/vscode/extensions/ms-python.python-2025.12.0/python_files/lib/jedilsp/jedi/_compatibility.py", line 25, in pickle_load
    return Unpickler(file).load()
_pickle.UnpicklingError: invalid load key, ' '.

2026-08-29 16:00:00.195 [info] [Error - 4:00:00 PM] Request textDocument/codeAction failed.
2026-08-29 16:00:00.200 [info]   Message: _pickle.UnpicklingError: invalid load key, ' '.
  Code: -32603 
[object Object]
2026-08-29 16:00:03.241 [info] semantic_tokens_full file:///voc/work/W3_Learning_Venu/main.py 
2026-08-29 16:00:06.210 [info] ERROR:pygls.protocol.json_rpc:Failed to handle request 53 textDocument/hover HoverParams(text_document=TextDocumentIdentifier(uri='file:///voc/work/W3_Learning_Venu/main.py'), position=0:0, work_done_token=None)
Traceback (most recent call last):
  File "/usr/local/lib/code-server-4.103.2/lib/vscode/extensions/ms-python.python-2025.12.0/python_files/lib/jedilsp/pygls/protocol/json_rpc.py", line 266, in _handle_request
    self._execute_request(msg_id, handler, params)
  File "/usr/local/lib/code-server-4.103.2/lib/vscode/extensions/ms-python.python-2025.12.0/python_files/lib/jedilsp/pygls/protocol/json_rpc.py", line 188, in _execute_request
    self._send_response(msg_id, handler(params))
  File "/usr/local/lib/code-server-4.103.2/lib/vscode/extensions/ms-python.python-2025.12.0/python_files/lib/jedilsp/jedi_language_server/notebook_utils.py", line 373, in wrapped
    result = f(notebook_server, notebook_params)
  File "/usr/local/lib/code-server-4.103.2/lib/vscode/extensions/ms-python.python-2025.12.0/python_files/lib/jedilsp/jedi_language_server/server.py", line 487, in hover
    jedi_script.help(*jedi_lines),
  File "/usr/local/lib/code-server-4.103.2/lib/vscode/extensions/ms-python.python-2025.12.0/python_files/lib/jedilsp/jedi/api/helpers.py", line 487, in wrapper
    return func(self, line, column, *args, **kwargs)
  File "/usr/local/lib/code-server-4.103.2/lib/vscode/extensions/ms-python.python-2025.12.0/python_files/lib/jedilsp/jedi/api/__init__.py", line 396, in help
    name = KeywordName(self._inference_state, leaf.value)
  File "/usr/local/lib/code-server-4.103.2/lib/vscode/extensions/ms-python.python-2025.12.0/python_files/lib/jedilsp/jedi/inference/names.py", line 103, in __init__
    self.parent_context = inference_state.builtins_module
  File "/usr/local/lib/code-server-4.103.2/lib/vscode/extensions/ms-python.python-2025.12.0/python_files/lib/jedilsp/jedi/inference/cache.py", line 44, in wrapper
    rv = function(obj, *args, **kwargs)
  File "/usr/local/lib/code-server-4.103.2/lib/vscode/extensions/ms-python.python-2025.12.0/python_files/lib/jedilsp/jedi/inference/__init__.py", line 129, in builtins_module
    builtins_module, = self.import_module((module_name,), sys_path=[])
  File "/usr/local/lib/code-server-4.103.2/lib/vscode/extensions/ms-python.python-2025.12.0/python_files/lib/jedilsp/jedi/inference/__init__.py", line 112, in import_module
    return imports.import_module_by_names(
  File "/usr/local/lib/code-server-4.103.2/lib/vscode/extensions/ms-python.python-2025.12.0/python_files/lib/jedilsp/jedi/inference/imports.py", line 376, in import_module_by_names
    value_set = ValueSet.from_sets([
  File "/usr/local/lib/code-server-4.103.2/lib/vscode/extensions/ms-python.python-2025.12.0/python_files/lib/jedilsp/jedi/inference/imports.py", line 377, in <listcomp>
    import_module(
  File "/usr/local/lib/code-server-4.103.2/lib/vscode/extensions/ms-python.python-2025.12.0/python_files/lib/jedilsp/jedi/plugins/__init__.py", line 21, in wrapper
    return built_functions[public_name](*args, **kwargs)
  File "/usr/local/lib/code-server-4.103.2/lib/vscode/extensions/ms-python.python-2025.12.0/python_files/lib/jedilsp/jedi/plugins/flask.py", line 20, in wrapper
    return callback(inference_state, import_names, module_context, *args, **kwargs)
  File "/usr/local/lib/code-server-4.103.2/lib/vscode/extensions/ms-python.python-2025.12.0/python_files/lib/jedilsp/jedi/inference/gradual/typeshed.py", line 115, in wrapper
    python_value_set = ValueSet.from_sets(
  File "/usr/local/lib/code-server-4.103.2/lib/vscode/extensions/ms-python.python-2025.12.0/python_files/lib/jedilsp/jedi/inference/base_value.py", line 430, in from_sets
    for set_ in sets:
  File "/usr/local/lib/code-server-4.103.2/lib/vscode/extensions/ms-python.python-2025.12.0/python_files/lib/jedilsp/jedi/inference/gradual/typeshed.py", line 116, in <genexpr>
    func(inference_state, import_names, p, sys_path,)
  File "/usr/local/lib/code-server-4.103.2/lib/vscode/extensions/ms-python.python-2025.12.0/python_files/lib/jedilsp/jedi/inference/imports.py", line 411, in import_module
    file_io_or_ns, is_pkg = inference_state.compiled_subprocess.get_module_info(
  File "/usr/local/lib/code-server-4.103.2/lib/vscode/extensions/ms-python.python-2025.12.0/python_files/lib/jedilsp/jedi/inference/compiled/subprocess/__init__.py", line 188, in wrapper
    result = self._compiled_subprocess.run(
  File "/usr/local/lib/code-server-4.103.2/lib/vscode/extensions/ms-python.python-2025.12.0/python_files/lib/jedilsp/jedi/inference/compiled/subprocess/__init__.py", line 296, in run
    return self._send(inference_state_id, function, args, kwargs)
  File "/usr/local/lib/code-server-4.103.2/lib/vscode/extensions/ms-python.python-2025.12.0/python_files/lib/jedilsp/jedi/inference/compiled/subprocess/__init__.py", line 318, in _send
    is_exception, traceback, result = pickle_load(self._get_process().stdout)
  File "/usr/local/lib/code-server-4.103.2/lib/vscode/extensions/ms-python.python-2025.12.0/python_files/lib/jedilsp/jedi/_compatibility.py", line 25, in pickle_load
    return Unpickler(file).load()
_pickle.UnpicklingError: invalid load key, ' '.

2026-08-29 16:00:06.210 [info] [Error - 4:00:06 PM] Request textDocument/hover failed.
2026-08-29 16:00:06.215 [info]   Message: _pickle.UnpicklingError: invalid load key, ' '.
  Code: -32603 
[object Object]
2026-08-29 16:00:07.356 [info] ERROR:pygls.protocol.json_rpc:Failed to handle request 56 textDocument/definition DefinitionParams(text_document=TextDocumentIdentifier(uri='file:///voc/work/W3_Learning_Venu/main.py'), position=1:8, work_done_token=None, partial_result_token=None)
Traceback (most recent call last):
  File "/usr/local/lib/code-server-4.103.2/lib/vscode/extensions/ms-python.python-2025.12.0/python_files/lib/jedilsp/pygls/protocol/json_rpc.py", line 266, in _handle_request
    self._execute_request(msg_id, handler, params)
  File "/usr/local/lib/code-server-4.103.2/lib/vscode/extensions/ms-python.python-2025.12.0/python_files/lib/jedilsp/pygls/protocol/json_rpc.py", line 188, in _execute_request
    self._send_response(msg_id, handler(params))
  File "/usr/local/lib/code-server-4.103.2/lib/vscode/extensions/ms-python.python-2025.12.0/python_files/lib/jedilsp/jedi_language_server/notebook_utils.py", line 373, in wrapped
    result = f(notebook_server, notebook_params)
  File "/usr/local/lib/code-server-4.103.2/lib/vscode/extensions/ms-python.python-2025.12.0/python_files/lib/jedilsp/jedi_language_server/server.py", line 417, in definition
    names = jedi_script.goto(
  File "/usr/local/lib/code-server-4.103.2/lib/vscode/extensions/ms-python.python-2025.12.0/python_files/lib/jedilsp/jedi/api/helpers.py", line 487, in wrapper
    return func(self, line, column, *args, **kwargs)
  File "/usr/local/lib/code-server-4.103.2/lib/vscode/extensions/ms-python.python-2025.12.0/python_files/lib/jedilsp/jedi/api/__init__.py", line 300, in goto
    names = list(name.goto())
  File "/usr/local/lib/code-server-4.103.2/lib/vscode/extensions/ms-python.python-2025.12.0/python_files/lib/jedilsp/jedi/inference/names.py", line 157, in goto
    module_names = goto_import(context, name)
  File "/usr/local/lib/code-server-4.103.2/lib/vscode/extensions/ms-python.python-2025.12.0/python_files/lib/jedilsp/jedi/inference/cache.py", line 44, in wrapper
    rv = function(obj, *args, **kwargs)
  File "/usr/local/lib/code-server-4.103.2/lib/vscode/extensions/ms-python.python-2025.12.0/python_files/lib/jedilsp/jedi/inference/imports.py", line 75, in goto_import
    _prepare_infer_import(module_context, tree_name)
  File "/usr/local/lib/code-server-4.103.2/lib/vscode/extensions/ms-python.python-2025.12.0/python_files/lib/jedilsp/jedi/inference/imports.py", line 116, in _prepare_infer_import
    return from_import_name, tuple(import_path), import_node.level, importer.follow()
  File "/usr/local/lib/code-server-4.103.2/lib/vscode/extensions/ms-python.python-2025.12.0/python_files/lib/jedilsp/jedi/inference/imports.py", line 296, in follow
    return import_module_by_names(
  File "/usr/local/lib/code-server-4.103.2/lib/vscode/extensions/ms-python.python-2025.12.0/python_files/lib/jedilsp/jedi/inference/imports.py", line 376, in import_module_by_names
    value_set = ValueSet.from_sets([
  File "/usr/local/lib/code-server-4.103.2/lib/vscode/extensions/ms-python.python-2025.12.0/python_files/lib/jedilsp/jedi/inference/imports.py", line 377, in <listcomp>
    import_module(
  File "/usr/local/lib/code-server-4.103.2/lib/vscode/extensions/ms-python.python-2025.12.0/python_files/lib/jedilsp/jedi/plugins/__init__.py", line 21, in wrapper
    return built_functions[public_name](*args, **kwargs)
  File "/usr/local/lib/code-server-4.103.2/lib/vscode/extensions/ms-python.python-2025.12.0/python_files/lib/jedilsp/jedi/plugins/flask.py", line 20, in wrapper
    return callback(inference_state, import_names, module_context, *args, **kwargs)
  File "/usr/local/lib/code-server-4.103.2/lib/vscode/extensions/ms-python.python-2025.12.0/python_files/lib/jedilsp/jedi/inference/gradual/typeshed.py", line 115, in wrapper
    python_value_set = ValueSet.from_sets(
  File "/usr/local/lib/code-server-4.103.2/lib/vscode/extensions/ms-python.python-2025.12.0/python_files/lib/jedilsp/jedi/inference/base_value.py", line 430, in from_sets
    for set_ in sets:
  File "/usr/local/lib/code-server-4.103.2/lib/vscode/extensions/ms-python.python-2025.12.0/python_files/lib/jedilsp/jedi/inference/gradual/typeshed.py", line 116, in <genexpr>
    func(inference_state, import_names, p, sys_path,)
  File "/usr/local/lib/code-server-4.103.2/lib/vscode/extensions/ms-python.python-2025.12.0/python_files/lib/jedilsp/jedi/inference/imports.py", line 411, in import_module
    file_io_or_ns, is_pkg = inference_state.compiled_subprocess.get_module_info(
  File "/usr/local/lib/code-server-4.103.2/lib/vscode/extensions/ms-python.python-2025.12.0/python_files/lib/jedilsp/jedi/inference/compiled/subprocess/__init__.py", line 188, in wrapper
    result = self._compiled_subprocess.run(
  File "/usr/local/lib/code-server-4.103.2/lib/vscode/extensions/ms-python.python-2025.12.0/python_files/lib/jedilsp/jedi/inference/compiled/subprocess/__init__.py", line 293, in run
    self._send(delete_id, None)
  File "/usr/local/lib/code-server-4.103.2/lib/vscode/extensions/ms-python.python-2025.12.0/python_files/lib/jedilsp/jedi/inference/compiled/subprocess/__init__.py", line 318, in _send
    is_exception, traceback, result = pickle_load(self._get_process().stdout)
  File "/usr/local/lib/code-server-4.103.2/lib/vscode/extensions/ms-python.python-2025.12.0/python_files/lib/jedilsp/jedi/_compatibility.py", line 25, in pickle_load
    return Unpickler(file).load()
_pickle.UnpicklingError: invalid load key, ' '.

2026-08-29 16:00:07.356 [info] [Error - 4:00:07 PM] Request textDocument/definition failed.
2026-08-29 16:00:07.360 [info]   Message: _pickle.UnpicklingError: invalid load key, ' '.
  Code: -32603 
[object Object]
2026-08-29 16:00:07.427 [info] ERROR:pygls.protocol.json_rpc:Failed to handle request 57 textDocument/codeAction CodeActionParams(text_document=TextDocumentIdentifier(uri='file:///voc/work/W3_Learning_Venu/main.py'), range=9:63-9:63, context=CodeActionContext(diagnostics=[], only=None, trigger_kind=<CodeActionTriggerKind.Automatic: 2>), work_done_token=None, partial_result_token=None)
Traceback (most recent call last):
  File "/usr/local/lib/code-server-4.103.2/lib/vscode/extensions/ms-python.python-2025.12.0/python_files/lib/jedilsp/pygls/protocol/json_rpc.py", line 266, in _handle_request
    self._execute_request(msg_id, handler, params)
  File "/usr/local/lib/code-server-4.103.2/lib/vscode/extensions/ms-python.python-2025.12.0/python_files/lib/jedilsp/pygls/protocol/json_rpc.py", line 188, in _execute_request
    self._send_response(msg_id, handler(params))
  File "/usr/local/lib/code-server-4.103.2/lib/vscode/extensions/ms-python.python-2025.12.0/python_files/lib/jedilsp/jedi_language_server/notebook_utils.py", line 373, in wrapped
    result = f(notebook_server, notebook_params)
  File "/usr/local/lib/code-server-4.103.2/lib/vscode/extensions/ms-python.python-2025.12.0/python_files/lib/jedilsp/jedi_language_server/server.py", line 671, in code_action
    inline_refactoring = jedi_script.inline(*jedi_lines)
  File "/usr/local/lib/code-server-4.103.2/lib/vscode/extensions/ms-python.python-2025.12.0/python_files/lib/jedilsp/jedi/api/__init__.py", line 697, in inline
    names = [d._name for d in self.get_references(line, column, include_builtins=True)]
  File "/usr/local/lib/code-server-4.103.2/lib/vscode/extensions/ms-python.python-2025.12.0/python_files/lib/jedilsp/jedi/api/helpers.py", line 487, in wrapper
    return func(self, line, column, *args, **kwargs)
  File "/usr/local/lib/code-server-4.103.2/lib/vscode/extensions/ms-python.python-2025.12.0/python_files/lib/jedilsp/jedi/api/__init__.py", line 429, in get_references
    return _references(**kwargs)
  File "/usr/local/lib/code-server-4.103.2/lib/vscode/extensions/ms-python.python-2025.12.0/python_files/lib/jedilsp/jedi/api/__init__.py", line 423, in _references
    names = find_references(self._get_module_context(), tree_name, scope == 'file')
  File "/usr/local/lib/code-server-4.103.2/lib/vscode/extensions/ms-python.python-2025.12.0/python_files/lib/jedilsp/jedi/inference/references.py", line 122, in find_references
    found_names = _find_defining_names(module_context, tree_name)
  File "/usr/local/lib/code-server-4.103.2/lib/vscode/extensions/ms-python.python-2025.12.0/python_files/lib/jedilsp/jedi/inference/references.py", line 53, in _find_defining_names
    found_names = _find_names(module_context, tree_name)
  File "/usr/local/lib/code-server-4.103.2/lib/vscode/extensions/ms-python.python-2025.12.0/python_files/lib/jedilsp/jedi/inference/references.py", line 74, in _find_names
    found_names = set(name.goto())
  File "/usr/local/lib/code-server-4.103.2/lib/vscode/extensions/ms-python.python-2025.12.0/python_files/lib/jedilsp/jedi/inference/names.py", line 157, in goto
    module_names = goto_import(context, name)
  File "/usr/local/lib/code-server-4.103.2/lib/vscode/extensions/ms-python.python-2025.12.0/python_files/lib/jedilsp/jedi/inference/cache.py", line 44, in wrapper
    rv = function(obj, *args, **kwargs)
  File "/usr/local/lib/code-server-4.103.2/lib/vscode/extensions/ms-python.python-2025.12.0/python_files/lib/jedilsp/jedi/inference/imports.py", line 75, in goto_import
    _prepare_infer_import(module_context, tree_name)
  File "/usr/local/lib/code-server-4.103.2/lib/vscode/extensions/ms-python.python-2025.12.0/python_files/lib/jedilsp/jedi/inference/imports.py", line 116, in _prepare_infer_import
    return from_import_name, tuple(import_path), import_node.level, importer.follow()
  File "/usr/local/lib/code-server-4.103.2/lib/vscode/extensions/ms-python.python-2025.12.0/python_files/lib/jedilsp/jedi/inference/imports.py", line 296, in follow
    return import_module_by_names(
  File "/usr/local/lib/code-server-4.103.2/lib/vscode/extensions/ms-python.python-2025.12.0/python_files/lib/jedilsp/jedi/inference/imports.py", line 376, in import_module_by_names
    value_set = ValueSet.from_sets([
  File "/usr/local/lib/code-server-4.103.2/lib/vscode/extensions/ms-python.python-2025.12.0/python_files/lib/jedilsp/jedi/inference/imports.py", line 377, in <listcomp>
    import_module(
  File "/usr/local/lib/code-server-4.103.2/lib/vscode/extensions/ms-python.python-2025.12.0/python_files/lib/jedilsp/jedi/plugins/__init__.py", line 21, in wrapper
    return built_functions[public_name](*args, **kwargs)
  File "/usr/local/lib/code-server-4.103.2/lib/vscode/extensions/ms-python.python-2025.12.0/python_files/lib/jedilsp/jedi/plugins/flask.py", line 20, in wrapper
    return callback(inference_state, import_names, module_context, *args, **kwargs)
  File "/usr/local/lib/code-server-4.103.2/lib/vscode/extensions/ms-python.python-2025.12.0/python_files/lib/jedilsp/jedi/inference/gradual/typeshed.py", line 115, in wrapper
    python_value_set = ValueSet.from_sets(
  File "/usr/local/lib/code-server-4.103.2/lib/vscode/extensions/ms-python.python-2025.12.0/python_files/lib/jedilsp/jedi/inference/base_value.py", line 430, in from_sets
    for set_ in sets:
  File "/usr/local/lib/code-server-4.103.2/lib/vscode/extensions/ms-python.python-2025.12.0/python_files/lib/jedilsp/jedi/inference/gradual/typeshed.py", line 116, in <genexpr>
    func(inference_state, import_names, p, sys_path,)
  File "/usr/local/lib/code-server-4.103.2/lib/vscode/extensions/ms-python.python-2025.12.0/python_files/lib/jedilsp/jedi/inference/imports.py", line 411, in import_module
    file_io_or_ns, is_pkg = inference_state.compiled_subprocess.get_module_info(
  File "/usr/local/lib/code-server-4.103.2/lib/vscode/extensions/ms-python.python-2025.12.0/python_files/lib/jedilsp/jedi/inference/compiled/subprocess/__init__.py", line 188, in wrapper
    result = self._compiled_subprocess.run(
  File "/usr/local/lib/code-server-4.103.2/lib/vscode/extensions/ms-python.python-2025.12.0/python_files/lib/jedilsp/jedi/inference/compiled/subprocess/__init__.py", line 293, in run
    self._send(delete_id, None)
  File "/usr/local/lib/code-server-4.103.2/lib/vscode/extensions/ms-python.python-2025.12.0/python_files/lib/jedilsp/jedi/inference/compiled/subprocess/__init__.py", line 318, in _send
    is_exception, traceback, result = pickle_load(self._get_process().stdout)
  File "/usr/local/lib/code-server-4.103.2/lib/vscode/extensions/ms-python.python-2025.12.0/python_files/lib/jedilsp/jedi/_compatibility.py", line 25, in pickle_load
    return Unpickler(file).load()
_pickle.UnpicklingError: invalid load key, ' '.

2026-08-29 16:00:07.428 [info] [Error - 4:00:07 PM] Request textDocument/codeAction failed.
2026-08-29 16:00:07.432 [info]   Message: _pickle.UnpicklingError: invalid load key, ' '.
  Code: -32603 
[object Object]
2026-08-29 16:00:07.473 [info] semantic_tokens_full file:///voc/work/W3_Learning_Venu/main.py 
2026-08-29 16:00:07.473 [info] ERROR:pygls.protocol.json_rpc:Exception occurred for message "58": _pickle.UnpicklingError: invalid load key, ' '.
NoneType: None

2026-08-29 16:00:07.477 [info] [Error - 4:00:07 PM] Request textDocument/semanticTokens/full failed.
2026-08-29 16:00:07.477 [info]   Message: _pickle.UnpicklingError: invalid load key, ' '.
  Code: -32603 
[object Object]
2026-08-29 16:00:07.527 [info] ERROR:pygls.protocol.json_rpc:Failed to handle request 59 textDocument/documentSymbol DocumentSymbolParams(text_document=TextDocumentIdentifier(uri='file:///voc/work/W3_Learning_Venu/main.py'), work_done_token=None, partial_result_token=None)
Traceback (most recent call last):
  File "/usr/local/lib/code-server-4.103.2/lib/vscode/extensions/ms-python.python-2025.12.0/python_files/lib/jedilsp/pygls/protocol/json_rpc.py", line 266, in _handle_request
    self._execute_request(msg_id, handler, params)
  File "/usr/local/lib/code-server-4.103.2/lib/vscode/extensions/ms-python.python-2025.12.0/python_files/lib/jedilsp/pygls/protocol/json_rpc.py", line 188, in _execute_request
    self._send_response(msg_id, handler(params))
  File "/usr/local/lib/code-server-4.103.2/lib/vscode/extensions/ms-python.python-2025.12.0/python_files/lib/jedilsp/jedi_language_server/server.py", line 546, in document_symbol
    document_symbols = jedi_utils.lsp_document_symbols(names)
  File "/usr/local/lib/code-server-4.103.2/lib/vscode/extensions/ms-python.python-2025.12.0/python_files/lib/jedilsp/jedi_language_server/jedi_utils.py", line 225, in lsp_document_symbols
    symbol_range = _document_symbol_range(name)
  File "/usr/local/lib/code-server-4.103.2/lib/vscode/extensions/ms-python.python-2025.12.0/python_files/lib/jedilsp/jedi_language_server/jedi_utils.py", line 204, in _document_symbol_range
    end = name.get_definition_end_position()
  File "/usr/local/lib/code-server-4.103.2/lib/vscode/extensions/ms-python.python-2025.12.0/python_files/lib/jedilsp/jedi/api/classes.py", line 260, in get_definition_end_position
    if self.type in ("function", "class"):
  File "/usr/local/lib/code-server-4.103.2/lib/vscode/extensions/ms-python.python-2025.12.0/python_files/lib/jedilsp/jedi/api/classes.py", line 190, in type
    for value in self._name.infer():
  File "/usr/local/lib/code-server-4.103.2/lib/vscode/extensions/ms-python.python-2025.12.0/python_files/lib/jedilsp/jedi/inference/names.py", line 281, in infer
    return tree_name_to_values(
  File "/usr/local/lib/code-server-4.103.2/lib/vscode/extensions/ms-python.python-2025.12.0/python_files/lib/jedilsp/jedi/plugins/__init__.py", line 21, in wrapper
    return built_functions[public_name](*args, **kwargs)
  File "/usr/local/lib/code-server-4.103.2/lib/vscode/extensions/ms-python.python-2025.12.0/python_files/lib/jedilsp/jedi/plugins/stdlib.py", line 878, in wrapper
    return func(inference_state, context, tree_name)
  File "/usr/local/lib/code-server-4.103.2/lib/vscode/extensions/ms-python.python-2025.12.0/python_files/lib/jedilsp/jedi/plugins/django.py", line 177, in wrapper
    result = func(inference_state, context, tree_name)
  File "/usr/local/lib/code-server-4.103.2/lib/vscode/extensions/ms-python.python-2025.12.0/python_files/lib/jedilsp/jedi/inference/syntax_tree.py", line 771, in tree_name_to_values
    types = imports.infer_import(context, tree_name)
  File "/usr/local/lib/code-server-4.103.2/lib/vscode/extensions/ms-python.python-2025.12.0/python_files/lib/jedilsp/jedi/inference/cache.py", line 44, in wrapper
    rv = function(obj, *args, **kwargs)
  File "/usr/local/lib/code-server-4.103.2/lib/vscode/extensions/ms-python.python-2025.12.0/python_files/lib/jedilsp/jedi/inference/imports.py", line 53, in infer_import
    _prepare_infer_import(module_context, tree_name)
  File "/usr/local/lib/code-server-4.103.2/lib/vscode/extensions/ms-python.python-2025.12.0/python_files/lib/jedilsp/jedi/inference/imports.py", line 116, in _prepare_infer_import
    return from_import_name, tuple(import_path), import_node.level, importer.follow()
  File "/usr/local/lib/code-server-4.103.2/lib/vscode/extensions/ms-python.python-2025.12.0/python_files/lib/jedilsp/jedi/inference/imports.py", line 296, in follow
    return import_module_by_names(
  File "/usr/local/lib/code-server-4.103.2/lib/vscode/extensions/ms-python.python-2025.12.0/python_files/lib/jedilsp/jedi/inference/imports.py", line 376, in import_module_by_names
    value_set = ValueSet.from_sets([
  File "/usr/local/lib/code-server-4.103.2/lib/vscode/extensions/ms-python.python-2025.12.0/python_files/lib/jedilsp/jedi/inference/imports.py", line 377, in <listcomp>
    import_module(
  File "/usr/local/lib/code-server-4.103.2/lib/vscode/extensions/ms-python.python-2025.12.0/python_files/lib/jedilsp/jedi/plugins/__init__.py", line 21, in wrapper
    return built_functions[public_name](*args, **kwargs)
  File "/usr/local/lib/code-server-4.103.2/lib/vscode/extensions/ms-python.python-2025.12.0/python_files/lib/jedilsp/jedi/plugins/flask.py", line 20, in wrapper
    return callback(inference_state, import_names, module_context, *args, **kwargs)
  File "/usr/local/lib/code-server-4.103.2/lib/vscode/extensions/ms-python.python-2025.12.0/python_files/lib/jedilsp/jedi/inference/gradual/typeshed.py", line 115, in wrapper
    python_value_set = ValueSet.from_sets(
  File "/usr/local/lib/code-server-4.103.2/lib/vscode/extensions/ms-python.python-2025.12.0/python_files/lib/jedilsp/jedi/inference/base_value.py", line 430, in from_sets
    for set_ in sets:
  File "/usr/local/lib/code-server-4.103.2/lib/vscode/extensions/ms-python.python-2025.12.0/python_files/lib/jedilsp/jedi/inference/gradual/typeshed.py", line 116, in <genexpr>
    func(inference_state, import_names, p, sys_path,)
  File "/usr/local/lib/code-server-4.103.2/lib/vscode/extensions/ms-python.python-2025.12.0/python_files/lib/jedilsp/jedi/inference/imports.py", line 411, in import_module
    file_io_or_ns, is_pkg = inference_state.compiled_subprocess.get_module_info(
  File "/usr/local/lib/code-server-4.103.2/lib/vscode/extensions/ms-python.python-2025.12.0/python_files/lib/jedilsp/jedi/inference/compiled/subprocess/__init__.py", line 188, in wrapper
    result = self._compiled_subprocess.run(
  File "/usr/local/lib/code-server-4.103.2/lib/vscode/extensions/ms-python.python-2025.12.0/python_files/lib/jedilsp/jedi/inference/compiled/subprocess/__init__.py", line 296, in run
    return self._send(inference_state_id, function, args, kwargs)
  File "/usr/local/lib/code-server-4.103.2/lib/vscode/extensions/ms-python.python-2025.12.0/python_files/lib/jedilsp/jedi/inference/compiled/subprocess/__init__.py", line 318, in _send
    is_exception, traceback, result = pickle_load(self._get_process().stdout)
  File "/usr/local/lib/code-server-4.103.2/lib/vscode/extensions/ms-python.python-2025.12.0/python_files/lib/jedilsp/jedi/_compatibility.py", line 25, in pickle_load
    return Unpickler(file).load()
_pickle.UnpicklingError: invalid load key, ' '.

2026-08-29 16:00:07.527 [info] [Error - 4:00:07 PM] Request textDocument/documentSymbol failed.
2026-08-29 16:00:07.541 [info]   Message: _pickle.UnpicklingError: invalid load key, ' '.
  Code: -32603 
[object Object]
2026-08-29 16:00:07.541 [info] ERROR:pygls.protocol.json_rpc:Failed to handle request 60 textDocument/documentSymbol DocumentSymbolParams(text_document=TextDocumentIdentifier(uri='file:///voc/work/W3_Learning_Venu/main.py'), work_done_token=None, partial_result_token=None)
Traceback (most recent call last):
  File "/usr/local/lib/code-server-4.103.2/lib/vscode/extensions/ms-python.python-2025.12.0/python_files/lib/jedilsp/pygls/protocol/json_rpc.py", line 266, in _handle_request
    self._execute_request(msg_id, handler, params)
  File "/usr/local/lib/code-server-4.103.2/lib/vscode/extensions/ms-python.python-2025.12.0/python_files/lib/jedilsp/pygls/protocol/json_rpc.py", line 188, in _execute_request
    self._send_response(msg_id, handler(params))
  File "/usr/local/lib/code-server-4.103.2/lib/vscode/extensions/ms-python.python-2025.12.0/python_files/lib/jedilsp/jedi_language_server/server.py", line 546, in document_symbol
    document_symbols = jedi_utils.lsp_document_symbols(names)
  File "/usr/local/lib/code-server-4.103.2/lib/vscode/extensions/ms-python.python-2025.12.0/python_files/lib/jedilsp/jedi_language_server/jedi_utils.py", line 225, in lsp_document_symbols
    symbol_range = _document_symbol_range(name)
  File "/usr/local/lib/code-server-4.103.2/lib/vscode/extensions/ms-python.python-2025.12.0/python_files/lib/jedilsp/jedi_language_server/jedi_utils.py", line 204, in _document_symbol_range
    end = name.get_definition_end_position()
  File "/usr/local/lib/code-server-4.103.2/lib/vscode/extensions/ms-python.python-2025.12.0/python_files/lib/jedilsp/jedi/api/classes.py", line 260, in get_definition_end_position
    if self.type in ("function", "class"):
  File "/usr/local/lib/code-server-4.103.2/lib/vscode/extensions/ms-python.python-2025.12.0/python_files/lib/jedilsp/jedi/api/classes.py", line 190, in type
    for value in self._name.infer():
  File "/usr/local/lib/code-server-4.103.2/lib/vscode/extensions/ms-python.python-2025.12.0/python_files/lib/jedilsp/jedi/inference/names.py", line 281, in infer
    return tree_name_to_values(
  File "/usr/local/lib/code-server-4.103.2/lib/vscode/extensions/ms-python.python-2025.12.0/python_files/lib/jedilsp/jedi/plugins/__init__.py", line 21, in wrapper
    return built_functions[public_name](*args, **kwargs)
  File "/usr/local/lib/code-server-4.103.2/lib/vscode/extensions/ms-python.python-2025.12.0/python_files/lib/jedilsp/jedi/plugins/stdlib.py", line 878, in wrapper
    return func(inference_state, context, tree_name)
  File "/usr/local/lib/code-server-4.103.2/lib/vscode/extensions/ms-python.python-2025.12.0/python_files/lib/jedilsp/jedi/plugins/django.py", line 177, in wrapper
    result = func(inference_state, context, tree_name)
  File "/usr/local/lib/code-server-4.103.2/lib/vscode/extensions/ms-python.python-2025.12.0/python_files/lib/jedilsp/jedi/inference/syntax_tree.py", line 771, in tree_name_to_values
    types = imports.infer_import(context, tree_name)
  File "/usr/local/lib/code-server-4.103.2/lib/vscode/extensions/ms-python.python-2025.12.0/python_files/lib/jedilsp/jedi/inference/cache.py", line 44, in wrapper
    rv = function(obj, *args, **kwargs)
  File "/usr/local/lib/code-server-4.103.2/lib/vscode/extensions/ms-python.python-2025.12.0/python_files/lib/jedilsp/jedi/inference/imports.py", line 53, in infer_import
    _prepare_infer_import(module_context, tree_name)
  File "/usr/local/lib/code-server-4.103.2/lib/vscode/extensions/ms-python.python-2025.12.0/python_files/lib/jedilsp/jedi/inference/imports.py", line 116, in _prepare_infer_import
    return from_import_name, tuple(import_path), import_node.level, importer.follow()
  File "/usr/local/lib/code-server-4.103.2/lib/vscode/extensions/ms-python.python-2025.12.0/python_files/lib/jedilsp/jedi/inference/imports.py", line 296, in follow
    return import_module_by_names(
  File "/usr/local/lib/code-server-4.103.2/lib/vscode/extensions/ms-python.python-2025.12.0/python_files/lib/jedilsp/jedi/inference/imports.py", line 376, in import_module_by_names
    value_set = ValueSet.from_sets([
  File "/usr/local/lib/code-server-4.103.2/lib/vscode/extensions/ms-python.python-2025.12.0/python_files/lib/jedilsp/jedi/inference/imports.py", line 377, in <listcomp>
    import_module(
  File "/usr/local/lib/code-server-4.103.2/lib/vscode/extensions/ms-python.python-2025.12.0/python_files/lib/jedilsp/jedi/plugins/__init__.py", line 21, in wrapper
    return built_functions[public_name](*args, **kwargs)
  File "/usr/local/lib/code-server-4.103.2/lib/vscode/extensions/ms-python.python-2025.12.0/python_files/lib/jedilsp/jedi/plugins/flask.py", line 20, in wrapper
    return callback(inference_state, import_names, module_context, *args, **kwargs)
  File "/usr/local/lib/code-server-4.103.2/lib/vscode/extensions/ms-python.python-2025.12.0/python_files/lib/jedilsp/jedi/inference/gradual/typeshed.py", line 115, in wrapper
    python_value_set = ValueSet.from_sets(
  File "/usr/local/lib/code-server-4.103.2/lib/vscode/extensions/ms-python.python-2025.12.0/python_files/lib/jedilsp/jedi/inference/base_value.py", line 430, in from_sets
    for set_ in sets:
  File "/usr/local/lib/code-server-4.103.2/lib/vscode/extensions/ms-python.python-2025.12.0/python_files/lib/jedilsp/jedi/inference/gradual/typeshed.py", line 116, in <genexpr>
    func(inference_state, import_names, p, sys_path,)
  File "/usr/local/lib/code-server-4.103.2/lib/vscode/extensions/ms-python.python-2025.12.0/python_files/lib/jedilsp/jedi/inference/imports.py", line 411, in import_module
    file_io_or_ns, is_pkg = inference_state.compiled_subprocess.get_module_info(
  File "/usr/local/lib/code-server-4.103.2/lib/vscode/extensions/ms-python.python-2025.12.0/python_files/lib/jedilsp/jedi/inference/compiled/subprocess/__init__.py", line 188, in wrapper
    result = self._compiled_subprocess.run(
  File "/usr/local/lib/code-server-4.103.2/lib/vscode/extensions/ms-python.python-2025.12.0/python_files/lib/jedilsp/jedi/inference/compiled/subprocess/__init__.py", line 293, in run
    self._send(delete_id, None)
  File "/usr/local/lib/code-server-4.103.2/lib/vscode/extensions/ms-python.python-2025.12.0/python_files/lib/jedilsp/jedi/inference/compiled/subprocess/__init__.py", line 318, in _send
    is_exception, traceback, result = pickle_load(self._get_process().stdout)
  File "/usr/local/lib/code-server-4.103.2/lib/vscode/extensions/ms-python.python-2025.12.0/python_files/lib/jedilsp/jedi/_compatibility.py", line 25, in pickle_load
    return Unpickler(file).load()
_pickle.UnpicklingError: invalid load key, ' '.

2026-08-29 16:00:07.541 [info] [Error - 4:00:07 PM] Request textDocument/documentSymbol failed.
2026-08-29 16:00:07.541 [info]   Message: _pickle.UnpicklingError: invalid load key, ' '.
  Code: -32603 
[object Object]
2026-08-29 16:00:08.110 [info] ERROR:pygls.protocol.json_rpc:Failed to handle request 61 textDocument/hover HoverParams(text_document=TextDocumentIdentifier(uri='file:///voc/work/W3_Learning_Venu/main.py'), position=1:11, work_done_token=None)
Traceback (most recent call last):
  File "/usr/local/lib/code-server-4.103.2/lib/vscode/extensions/ms-python.python-2025.12.0/python_files/lib/jedilsp/pygls/protocol/json_rpc.py", line 266, in _handle_request
    self._execute_request(msg_id, handler, params)
  File "/usr/local/lib/code-server-4.103.2/lib/vscode/extensions/ms-python.python-2025.12.0/python_files/lib/jedilsp/pygls/protocol/json_rpc.py", line 188, in _execute_request
    self._send_response(msg_id, handler(params))
  File "/usr/local/lib/code-server-4.103.2/lib/vscode/extensions/ms-python.python-2025.12.0/python_files/lib/jedilsp/jedi_language_server/notebook_utils.py", line 373, in wrapped
    result = f(notebook_server, notebook_params)
  File "/usr/local/lib/code-server-4.103.2/lib/vscode/extensions/ms-python.python-2025.12.0/python_files/lib/jedilsp/jedi_language_server/server.py", line 487, in hover
    jedi_script.help(*jedi_lines),
  File "/usr/local/lib/code-server-4.103.2/lib/vscode/extensions/ms-python.python-2025.12.0/python_files/lib/jedilsp/jedi/api/helpers.py", line 487, in wrapper
    return func(self, line, column, *args, **kwargs)
  File "/usr/local/lib/code-server-4.103.2/lib/vscode/extensions/ms-python.python-2025.12.0/python_files/lib/jedilsp/jedi/api/__init__.py", line 372, in help
    definitions = self.goto(line, column, follow_imports=True)
  File "/usr/local/lib/code-server-4.103.2/lib/vscode/extensions/ms-python.python-2025.12.0/python_files/lib/jedilsp/jedi/api/helpers.py", line 487, in wrapper
    return func(self, line, column, *args, **kwargs)
  File "/usr/local/lib/code-server-4.103.2/lib/vscode/extensions/ms-python.python-2025.12.0/python_files/lib/jedilsp/jedi/api/__init__.py", line 300, in goto
    names = list(name.goto())
  File "/usr/local/lib/code-server-4.103.2/lib/vscode/extensions/ms-python.python-2025.12.0/python_files/lib/jedilsp/jedi/inference/names.py", line 157, in goto
    module_names = goto_import(context, name)
  File "/usr/local/lib/code-server-4.103.2/lib/vscode/extensions/ms-python.python-2025.12.0/python_files/lib/jedilsp/jedi/inference/cache.py", line 44, in wrapper
    rv = function(obj, *args, **kwargs)
  File "/usr/local/lib/code-server-4.103.2/lib/vscode/extensions/ms-python.python-2025.12.0/python_files/lib/jedilsp/jedi/inference/imports.py", line 75, in goto_import
    _prepare_infer_import(module_context, tree_name)
  File "/usr/local/lib/code-server-4.103.2/lib/vscode/extensions/ms-python.python-2025.12.0/python_files/lib/jedilsp/jedi/inference/imports.py", line 116, in _prepare_infer_import
    return from_import_name, tuple(import_path), import_node.level, importer.follow()
  File "/usr/local/lib/code-server-4.103.2/lib/vscode/extensions/ms-python.python-2025.12.0/python_files/lib/jedilsp/jedi/inference/imports.py", line 296, in follow
    return import_module_by_names(
  File "/usr/local/lib/code-server-4.103.2/lib/vscode/extensions/ms-python.python-2025.12.0/python_files/lib/jedilsp/jedi/inference/imports.py", line 376, in import_module_by_names
    value_set = ValueSet.from_sets([
  File "/usr/local/lib/code-server-4.103.2/lib/vscode/extensions/ms-python.python-2025.12.0/python_files/lib/jedilsp/jedi/inference/imports.py", line 377, in <listcomp>
    import_module(
  File "/usr/local/lib/code-server-4.103.2/lib/vscode/extensions/ms-python.python-2025.12.0/python_files/lib/jedilsp/jedi/plugins/__init__.py", line 21, in wrapper
    return built_functions[public_name](*args, **kwargs)
  File "/usr/local/lib/code-server-4.103.2/lib/vscode/extensions/ms-python.python-2025.12.0/python_files/lib/jedilsp/jedi/plugins/flask.py", line 20, in wrapper
    return callback(inference_state, import_names, module_context, *args, **kwargs)
  File "/usr/local/lib/code-server-4.103.2/lib/vscode/extensions/ms-python.python-2025.12.0/python_files/lib/jedilsp/jedi/inference/gradual/typeshed.py", line 115, in wrapper
    python_value_set = ValueSet.from_sets(
  File "/usr/local/lib/code-server-4.103.2/lib/vscode/extensions/ms-python.python-2025.12.0/python_files/lib/jedilsp/jedi/inference/base_value.py", line 430, in from_sets
    for set_ in sets:
  File "/usr/local/lib/code-server-4.103.2/lib/vscode/extensions/ms-python.python-2025.12.0/python_files/lib/jedilsp/jedi/inference/gradual/typeshed.py", line 116, in <genexpr>
    func(inference_state, import_names, p, sys_path,)
  File "/usr/local/lib/code-server-4.103.2/lib/vscode/extensions/ms-python.python-2025.12.0/python_files/lib/jedilsp/jedi/inference/imports.py", line 411, in import_module
    file_io_or_ns, is_pkg = inference_state.compiled_subprocess.get_module_info(
  File "/usr/local/lib/code-server-4.103.2/lib/vscode/extensions/ms-python.python-2025.12.0/python_files/lib/jedilsp/jedi/inference/compiled/subprocess/__init__.py", line 188, in wrapper
    result = self._compiled_subprocess.run(
  File "/usr/local/lib/code-server-4.103.2/lib/vscode/extensions/ms-python.python-2025.12.0/python_files/lib/jedilsp/jedi/inference/compiled/subprocess/__init__.py", line 293, in run
    self._send(delete_id, None)
  File "/usr/local/lib/code-server-4.103.2/lib/vscode/extensions/ms-python.python-2025.12.0/python_files/lib/jedilsp/jedi/inference/compiled/subprocess/__init__.py", line 318, in _send
    is_exception, traceback, result = pickle_load(self._get_process().stdout)
  File "/usr/local/lib/code-server-4.103.2/lib/vscode/extensions/ms-python.python-2025.12.0/python_files/lib/jedilsp/jedi/_compatibility.py", line 25, in pickle_load
    return Unpickler(file).load()
_pickle.UnpicklingError: invalid load key, ' '.

2026-08-29 16:00:08.111 [info] [Error - 4:00:08 PM] Request textDocument/hover failed.
2026-08-29 16:00:08.120 [info]   Message: _pickle.UnpicklingError: invalid load key, ' '.
  Code: -32603 
[object Object]
2026-08-29 16:00:08.685 [info] ERROR:pygls.protocol.json_rpc:Failed to handle request 62 textDocument/codeAction CodeActionParams(text_document=TextDocumentIdentifier(uri='file:///voc/work/W3_Learning_Venu/main.py'), range=9:63-9:63, context=CodeActionContext(diagnostics=[], only=None, trigger_kind=<CodeActionTriggerKind.Automatic: 2>), work_done_token=None, partial_result_token=None)
Traceback (most recent call last):
  File "/usr/local/lib/code-server-4.103.2/lib/vscode/extensions/ms-python.python-2025.12.0/python_files/lib/jedilsp/pygls/protocol/json_rpc.py", line 266, in _handle_request
    self._execute_request(msg_id, handler, params)
  File "/usr/local/lib/code-server-4.103.2/lib/vscode/extensions/ms-python.python-2025.12.0/python_files/lib/jedilsp/pygls/protocol/json_rpc.py", line 188, in _execute_request
    self._send_response(msg_id, handler(params))
  File "/usr/local/lib/code-server-4.103.2/lib/vscode/extensions/ms-python.python-2025.12.0/python_files/lib/jedilsp/jedi_language_server/notebook_utils.py", line 373, in wrapped
    result = f(notebook_server, notebook_params)
  File "/usr/local/lib/code-server-4.103.2/lib/vscode/extensions/ms-python.python-2025.12.0/python_files/lib/jedilsp/jedi_language_server/server.py", line 671, in code_action
    inline_refactoring = jedi_script.inline(*jedi_lines)
  File "/usr/local/lib/code-server-4.103.2/lib/vscode/extensions/ms-python.python-2025.12.0/python_files/lib/jedilsp/jedi/api/__init__.py", line 697, in inline
    names = [d._name for d in self.get_references(line, column, include_builtins=True)]
  File "/usr/local/lib/code-server-4.103.2/lib/vscode/extensions/ms-python.python-2025.12.0/python_files/lib/jedilsp/jedi/api/helpers.py", line 487, in wrapper
    return func(self, line, column, *args, **kwargs)
  File "/usr/local/lib/code-server-4.103.2/lib/vscode/extensions/ms-python.python-2025.12.0/python_files/lib/jedilsp/jedi/api/__init__.py", line 429, in get_references
    return _references(**kwargs)
  File "/usr/local/lib/code-server-4.103.2/lib/vscode/extensions/ms-python.python-2025.12.0/python_files/lib/jedilsp/jedi/api/__init__.py", line 423, in _references
    names = find_references(self._get_module_context(), tree_name, scope == 'file')
  File "/usr/local/lib/code-server-4.103.2/lib/vscode/extensions/ms-python.python-2025.12.0/python_files/lib/jedilsp/jedi/inference/references.py", line 122, in find_references
    found_names = _find_defining_names(module_context, tree_name)
  File "/usr/local/lib/code-server-4.103.2/lib/vscode/extensions/ms-python.python-2025.12.0/python_files/lib/jedilsp/jedi/inference/references.py", line 53, in _find_defining_names
    found_names = _find_names(module_context, tree_name)
  File "/usr/local/lib/code-server-4.103.2/lib/vscode/extensions/ms-python.python-2025.12.0/python_files/lib/jedilsp/jedi/inference/references.py", line 74, in _find_names
    found_names = set(name.goto())
  File "/usr/local/lib/code-server-4.103.2/lib/vscode/extensions/ms-python.python-2025.12.0/python_files/lib/jedilsp/jedi/inference/names.py", line 157, in goto
    module_names = goto_import(context, name)
  File "/usr/local/lib/code-server-4.103.2/lib/vscode/extensions/ms-python.python-2025.12.0/python_files/lib/jedilsp/jedi/inference/cache.py", line 44, in wrapper
    rv = function(obj, *args, **kwargs)
  File "/usr/local/lib/code-server-4.103.2/lib/vscode/extensions/ms-python.python-2025.12.0/python_files/lib/jedilsp/jedi/inference/imports.py", line 75, in goto_import
    _prepare_infer_import(module_context, tree_name)
  File "/usr/local/lib/code-server-4.103.2/lib/vscode/extensions/ms-python.python-2025.12.0/python_files/lib/jedilsp/jedi/inference/imports.py", line 116, in _prepare_infer_import
    return from_import_name, tuple(import_path), import_node.level, importer.follow()
  File "/usr/local/lib/code-server-4.103.2/lib/vscode/extensions/ms-python.python-2025.12.0/python_files/lib/jedilsp/jedi/inference/imports.py", line 296, in follow
    return import_module_by_names(
  File "/usr/local/lib/code-server-4.103.2/lib/vscode/extensions/ms-python.python-2025.12.0/python_files/lib/jedilsp/jedi/inference/imports.py", line 376, in import_module_by_names
    value_set = ValueSet.from_sets([
  File "/usr/local/lib/code-server-4.103.2/lib/vscode/extensions/ms-python.python-2025.12.0/python_files/lib/jedilsp/jedi/inference/imports.py", line 377, in <listcomp>
    import_module(
  File "/usr/local/lib/code-server-4.103.2/lib/vscode/extensions/ms-python.python-2025.12.0/python_files/lib/jedilsp/jedi/plugins/__init__.py", line 21, in wrapper
    return built_functions[public_name](*args, **kwargs)
  File "/usr/local/lib/code-server-4.103.2/lib/vscode/extensions/ms-python.python-2025.12.0/python_files/lib/jedilsp/jedi/plugins/flask.py", line 20, in wrapper
    return callback(inference_state, import_names, module_context, *args, **kwargs)
  File "/usr/local/lib/code-server-4.103.2/lib/vscode/extensions/ms-python.python-2025.12.0/python_files/lib/jedilsp/jedi/inference/gradual/typeshed.py", line 115, in wrapper
    python_value_set = ValueSet.from_sets(
  File "/usr/local/lib/code-server-4.103.2/lib/vscode/extensions/ms-python.python-2025.12.0/python_files/lib/jedilsp/jedi/inference/base_value.py", line 430, in from_sets
    for set_ in sets:
  File "/usr/local/lib/code-server-4.103.2/lib/vscode/extensions/ms-python.python-2025.12.0/python_files/lib/jedilsp/jedi/inference/gradual/typeshed.py", line 116, in <genexpr>
    func(inference_state, import_names, p, sys_path,)
  File "/usr/local/lib/code-server-4.103.2/lib/vscode/extensions/ms-python.python-2025.12.0/python_files/lib/jedilsp/jedi/inference/imports.py", line 411, in import_module
    file_io_or_ns, is_pkg = inference_state.compiled_subprocess.get_module_info(
  File "/usr/local/lib/code-server-4.103.2/lib/vscode/extensions/ms-python.python-2025.12.0/python_files/lib/jedilsp/jedi/inference/compiled/subprocess/__init__.py", line 188, in wrapper
    result = self._compiled_subprocess.run(
  File "/usr/local/lib/code-server-4.103.2/lib/vscode/extensions/ms-python.python-2025.12.0/python_files/lib/jedilsp/jedi/inference/compiled/subprocess/__init__.py", line 293, in run
    self._send(delete_id, None)
  File "/usr/local/lib/code-server-4.103.2/lib/vscode/extensions/ms-python.python-2025.12.0/python_files/lib/jedilsp/jedi/inference/compiled/subprocess/__init__.py", line 318, in _send
    is_exception, traceback, result = pickle_load(self._get_process().stdout)
  File "/usr/local/lib/code-server-4.103.2/lib/vscode/extensions/ms-python.python-2025.12.0/python_files/lib/jedilsp/jedi/_compatibility.py", line 25, in pickle_load
    return Unpickler(file).load()
_pickle.UnpicklingError: invalid load key, ' '.

2026-08-29 16:00:08.686 [info] [Error - 4:00:08 PM] Request textDocument/codeAction failed.
2026-08-29 16:00:08.696 [info]   Message: _pickle.UnpicklingError: invalid load key, ' '.
  Code: -32603 
[object Object]
2026-08-29 16:00:10.722 [info] ERROR:pygls.protocol.json_rpc:Failed to handle request 64 textDocument/hover HoverParams(text_document=TextDocumentIdentifier(uri='file:///voc/work/W3_Learning_Venu/main.py'), position=9:3, work_done_token=None)
Traceback (most recent call last):
  File "/usr/local/lib/code-server-4.103.2/lib/vscode/extensions/ms-python.python-2025.12.0/python_files/lib/jedilsp/pygls/protocol/json_rpc.py", line 266, in _handle_request
    self._execute_request(msg_id, handler, params)
  File "/usr/local/lib/code-server-4.103.2/lib/vscode/extensions/ms-python.python-2025.12.0/python_files/lib/jedilsp/pygls/protocol/json_rpc.py", line 188, in _execute_request
    self._send_response(msg_id, handler(params))
  File "/usr/local/lib/code-server-4.103.2/lib/vscode/extensions/ms-python.python-2025.12.0/python_files/lib/jedilsp/jedi_language_server/notebook_utils.py", line 373, in wrapped
    result = f(notebook_server, notebook_params)
  File "/usr/local/lib/code-server-4.103.2/lib/vscode/extensions/ms-python.python-2025.12.0/python_files/lib/jedilsp/jedi_language_server/server.py", line 487, in hover
    jedi_script.help(*jedi_lines),
  File "/usr/local/lib/code-server-4.103.2/lib/vscode/extensions/ms-python.python-2025.12.0/python_files/lib/jedilsp/jedi/api/helpers.py", line 487, in wrapper
    return func(self, line, column, *args, **kwargs)
  File "/usr/local/lib/code-server-4.103.2/lib/vscode/extensions/ms-python.python-2025.12.0/python_files/lib/jedilsp/jedi/api/__init__.py", line 396, in help
    name = KeywordName(self._inference_state, leaf.value)
  File "/usr/local/lib/code-server-4.103.2/lib/vscode/extensions/ms-python.python-2025.12.0/python_files/lib/jedilsp/jedi/inference/names.py", line 103, in __init__
    self.parent_context = inference_state.builtins_module
  File "/usr/local/lib/code-server-4.103.2/lib/vscode/extensions/ms-python.python-2025.12.0/python_files/lib/jedilsp/jedi/inference/cache.py", line 44, in wrapper
    rv = function(obj, *args, **kwargs)
  File "/usr/local/lib/code-server-4.103.2/lib/vscode/extensions/ms-python.python-2025.12.0/python_files/lib/jedilsp/jedi/inference/__init__.py", line 129, in builtins_module
    builtins_module, = self.import_module((module_name,), sys_path=[])
  File "/usr/local/lib/code-server-4.103.2/lib/vscode/extensions/ms-python.python-2025.12.0/python_files/lib/jedilsp/jedi/inference/__init__.py", line 112, in import_module
    return imports.import_module_by_names(
  File "/usr/local/lib/code-server-4.103.2/lib/vscode/extensions/ms-python.python-2025.12.0/python_files/lib/jedilsp/jedi/inference/imports.py", line 376, in import_module_by_names
    value_set = ValueSet.from_sets([
  File "/usr/local/lib/code-server-4.103.2/lib/vscode/extensions/ms-python.python-2025.12.0/python_files/lib/jedilsp/jedi/inference/imports.py", line 377, in <listcomp>
    import_module(
  File "/usr/local/lib/code-server-4.103.2/lib/vscode/extensions/ms-python.python-2025.12.0/python_files/lib/jedilsp/jedi/plugins/__init__.py", line 21, in wrapper
    return built_functions[public_name](*args, **kwargs)
  File "/usr/local/lib/code-server-4.103.2/lib/vscode/extensions/ms-python.python-2025.12.0/python_files/lib/jedilsp/jedi/plugins/flask.py", line 20, in wrapper
    return callback(inference_state, import_names, module_context, *args, **kwargs)
  File "/usr/local/lib/code-server-4.103.2/lib/vscode/extensions/ms-python.python-2025.12.0/python_files/lib/jedilsp/jedi/inference/gradual/typeshed.py", line 115, in wrapper
    python_value_set = ValueSet.from_sets(
  File "/usr/local/lib/code-server-4.103.2/lib/vscode/extensions/ms-python.python-2025.12.0/python_files/lib/jedilsp/jedi/inference/base_value.py", line 430, in from_sets
    for set_ in sets:
  File "/usr/local/lib/code-server-4.103.2/lib/vscode/extensions/ms-python.python-2025.12.0/python_files/lib/jedilsp/jedi/inference/gradual/typeshed.py", line 116, in <genexpr>
    func(inference_state, import_names, p, sys_path,)
  File "/usr/local/lib/code-server-4.103.2/lib/vscode/extensions/ms-python.python-2025.12.0/python_files/lib/jedilsp/jedi/inference/imports.py", line 411, in import_module
    file_io_or_ns, is_pkg = inference_state.compiled_subprocess.get_module_info(
  File "/usr/local/lib/code-server-4.103.2/lib/vscode/extensions/ms-python.python-2025.12.0/python_files/lib/jedilsp/jedi/inference/compiled/subprocess/__init__.py", line 188, in wrapper
    result = self._compiled_subprocess.run(
  File "/usr/local/lib/code-server-4.103.2/lib/vscode/extensions/ms-python.python-2025.12.0/python_files/lib/jedilsp/jedi/inference/compiled/subprocess/__init__.py", line 296, in run
    return self._send(inference_state_id, function, args, kwargs)
  File "/usr/local/lib/code-server-4.103.2/lib/vscode/extensions/ms-python.python-2025.12.0/python_files/lib/jedilsp/jedi/inference/compiled/subprocess/__init__.py", line 318, in _send
    is_exception, traceback, result = pickle_load(self._get_process().stdout)
  File "/usr/local/lib/code-server-4.103.2/lib/vscode/extensions/ms-python.python-2025.12.0/python_files/lib/jedilsp/jedi/_compatibility.py", line 25, in pickle_load
    return Unpickler(file).load()
_pickle.UnpicklingError: invalid load key, ' '.

2026-08-29 16:00:10.722 [info] [Error - 4:00:10 PM] Request textDocument/hover failed.
2026-08-29 16:00:10.731 [info]   Message: _pickle.UnpicklingError: invalid load key, ' '.
  Code: -32603 
[object Object]
2026-08-29 16:00:11.432 [info] ERROR:pygls.protocol.json_rpc:Failed to handle request 65 textDocument/hover HoverParams(text_document=TextDocumentIdentifier(uri='file:///voc/work/W3_Learning_Venu/main.py'), position=9:4, work_done_token=None)
Traceback (most recent call last):
  File "/usr/local/lib/code-server-4.103.2/lib/vscode/extensions/ms-python.python-2025.12.0/python_files/lib/jedilsp/pygls/protocol/json_rpc.py", line 266, in _handle_request
    self._execute_request(msg_id, handler, params)
  File "/usr/local/lib/code-server-4.103.2/lib/vscode/extensions/ms-python.python-2025.12.0/python_files/lib/jedilsp/pygls/protocol/json_rpc.py", line 188, in _execute_request
    self._send_response(msg_id, handler(params))
  File "/usr/local/lib/code-server-4.103.2/lib/vscode/extensions/ms-python.python-2025.12.0/python_files/lib/jedilsp/jedi_language_server/notebook_utils.py", line 373, in wrapped
    result = f(notebook_server, notebook_params)
  File "/usr/local/lib/code-server-4.103.2/lib/vscode/extensions/ms-python.python-2025.12.0/python_files/lib/jedilsp/jedi_language_server/server.py", line 487, in hover
    jedi_script.help(*jedi_lines),
  File "/usr/local/lib/code-server-4.103.2/lib/vscode/extensions/ms-python.python-2025.12.0/python_files/lib/jedilsp/jedi/api/helpers.py", line 487, in wrapper
    return func(self, line, column, *args, **kwargs)
  File "/usr/local/lib/code-server-4.103.2/lib/vscode/extensions/ms-python.python-2025.12.0/python_files/lib/jedilsp/jedi/api/__init__.py", line 396, in help
    name = KeywordName(self._inference_state, leaf.value)
  File "/usr/local/lib/code-server-4.103.2/lib/vscode/extensions/ms-python.python-2025.12.0/python_files/lib/jedilsp/jedi/inference/names.py", line 103, in __init__
    self.parent_context = inference_state.builtins_module
  File "/usr/local/lib/code-server-4.103.2/lib/vscode/extensions/ms-python.python-2025.12.0/python_files/lib/jedilsp/jedi/inference/cache.py", line 44, in wrapper
    rv = function(obj, *args, **kwargs)
  File "/usr/local/lib/code-server-4.103.2/lib/vscode/extensions/ms-python.python-2025.12.0/python_files/lib/jedilsp/jedi/inference/__init__.py", line 129, in builtins_module
    builtins_module, = self.import_module((module_name,), sys_path=[])
  File "/usr/local/lib/code-server-4.103.2/lib/vscode/extensions/ms-python.python-2025.12.0/python_files/lib/jedilsp/jedi/inference/__init__.py", line 112, in import_module
    return imports.import_module_by_names(
  File "/usr/local/lib/code-server-4.103.2/lib/vscode/extensions/ms-python.python-2025.12.0/python_files/lib/jedilsp/jedi/inference/imports.py", line 376, in import_module_by_names
    value_set = ValueSet.from_sets([
  File "/usr/local/lib/code-server-4.103.2/lib/vscode/extensions/ms-python.python-2025.12.0/python_files/lib/jedilsp/jedi/inference/imports.py", line 377, in <listcomp>
    import_module(
  File "/usr/local/lib/code-server-4.103.2/lib/vscode/extensions/ms-python.python-2025.12.0/python_files/lib/jedilsp/jedi/plugins/__init__.py", line 21, in wrapper
    return built_functions[public_name](*args, **kwargs)
  File "/usr/local/lib/code-server-4.103.2/lib/vscode/extensions/ms-python.python-2025.12.0/python_files/lib/jedilsp/jedi/plugins/flask.py", line 20, in wrapper
    return callback(inference_state, import_names, module_context, *args, **kwargs)
  File "/usr/local/lib/code-server-4.103.2/lib/vscode/extensions/ms-python.python-2025.12.0/python_files/lib/jedilsp/jedi/inference/gradual/typeshed.py", line 115, in wrapper
    python_value_set = ValueSet.from_sets(
  File "/usr/local/lib/code-server-4.103.2/lib/vscode/extensions/ms-python.python-2025.12.0/python_files/lib/jedilsp/jedi/inference/base_value.py", line 430, in from_sets
    for set_ in sets:
  File "/usr/local/lib/code-server-4.103.2/lib/vscode/extensions/ms-python.python-2025.12.0/python_files/lib/jedilsp/jedi/inference/gradual/typeshed.py", line 116, in <genexpr>
    func(inference_state, import_names, p, sys_path,)
  File "/usr/local/lib/code-server-4.103.2/lib/vscode/extensions/ms-python.python-2025.12.0/python_files/lib/jedilsp/jedi/inference/imports.py", line 411, in import_module
    file_io_or_ns, is_pkg = inference_state.compiled_subprocess.get_module_info(
  File "/usr/local/lib/code-server-4.103.2/lib/vscode/extensions/ms-python.python-2025.12.0/python_files/lib/jedilsp/jedi/inference/compiled/subprocess/__init__.py", line 188, in wrapper
    result = self._compiled_subprocess.run(
  File "/usr/local/lib/code-server-4.103.2/lib/vscode/extensions/ms-python.python-2025.12.0/python_files/lib/jedilsp/jedi/inference/compiled/subprocess/__init__.py", line 296, in run
    return self._send(inference_state_id, function, args, kwargs)
  File "/usr/local/lib/code-server-4.103.2/lib/vscode/extensions/ms-python.python-2025.12.0/python_files/lib/jedilsp/jedi/inference/compiled/subprocess/__init__.py", line 318, in _send
    is_exception, traceback, result = pickle_load(self._get_process().stdout)
  File "/usr/local/lib/code-server-4.103.2/lib/vscode/extensions/ms-python.python-2025.12.0/python_files/lib/jedilsp/jedi/_compatibility.py", line 25, in pickle_load
    return Unpickler(file).load()
_pickle.UnpicklingError: invalid load key, ' '.

2026-08-29 16:00:11.432 [info] [Error - 4:00:11 PM] Request textDocument/hover failed.
2026-08-29 16:00:11.443 [info]   Message: _pickle.UnpicklingError: invalid load key, ' '.
  Code: -32603 
[object Object]
2026-08-29 16:00:11.741 [info] semantic_tokens_full file:///voc/work/W3_Learning_Venu/main.py 
2026-08-29 16:00:11.742 [info] ERROR:pygls.protocol.json_rpc:Exception occurred for message "67": _pickle.UnpicklingError: invalid load key, ' '.
NoneType: None

2026-08-29 16:00:11.751 [info] [Error - 4:00:11 PM] Request textDocument/semanticTokens/full failed.
2026-08-29 16:00:11.761 [info]   Message: _pickle.UnpicklingError: invalid load key, ' '.
  Code: -32603 
[object Object]
2026-08-29 16:00:11.801 [info] ERROR:pygls.protocol.json_rpc:Failed to handle request 68 textDocument/documentSymbol DocumentSymbolParams(text_document=TextDocumentIdentifier(uri='file:///voc/work/W3_Learning_Venu/main.py'), work_done_token=None, partial_result_token=None)
Traceback (most recent call last):
  File "/usr/local/lib/code-server-4.103.2/lib/vscode/extensions/ms-python.python-2025.12.0/python_files/lib/jedilsp/pygls/protocol/json_rpc.py", line 266, in _handle_request
    self._execute_request(msg_id, handler, params)
  File "/usr/local/lib/code-server-4.103.2/lib/vscode/extensions/ms-python.python-2025.12.0/python_files/lib/jedilsp/pygls/protocol/json_rpc.py", line 188, in _execute_request
    self._send_response(msg_id, handler(params))
  File "/usr/local/lib/code-server-4.103.2/lib/vscode/extensions/ms-python.python-2025.12.0/python_files/lib/jedilsp/jedi_language_server/server.py", line 546, in document_symbol
    document_symbols = jedi_utils.lsp_document_symbols(names)
  File "/usr/local/lib/code-server-4.103.2/lib/vscode/extensions/ms-python.python-2025.12.0/python_files/lib/jedilsp/jedi_language_server/jedi_utils.py", line 225, in lsp_document_symbols
    symbol_range = _document_symbol_range(name)
  File "/usr/local/lib/code-server-4.103.2/lib/vscode/extensions/ms-python.python-2025.12.0/python_files/lib/jedilsp/jedi_language_server/jedi_utils.py", line 204, in _document_symbol_range
    end = name.get_definition_end_position()
  File "/usr/local/lib/code-server-4.103.2/lib/vscode/extensions/ms-python.python-2025.12.0/python_files/lib/jedilsp/jedi/api/classes.py", line 260, in get_definition_end_position
    if self.type in ("function", "class"):
  File "/usr/local/lib/code-server-4.103.2/lib/vscode/extensions/ms-python.python-2025.12.0/python_files/lib/jedilsp/jedi/api/classes.py", line 190, in type
    for value in self._name.infer():
  File "/usr/local/lib/code-server-4.103.2/lib/vscode/extensions/ms-python.python-2025.12.0/python_files/lib/jedilsp/jedi/inference/names.py", line 281, in infer
    return tree_name_to_values(
  File "/usr/local/lib/code-server-4.103.2/lib/vscode/extensions/ms-python.python-2025.12.0/python_files/lib/jedilsp/jedi/plugins/__init__.py", line 21, in wrapper
    return built_functions[public_name](*args, **kwargs)
  File "/usr/local/lib/code-server-4.103.2/lib/vscode/extensions/ms-python.python-2025.12.0/python_files/lib/jedilsp/jedi/plugins/stdlib.py", line 878, in wrapper
    return func(inference_state, context, tree_name)
  File "/usr/local/lib/code-server-4.103.2/lib/vscode/extensions/ms-python.python-2025.12.0/python_files/lib/jedilsp/jedi/plugins/django.py", line 177, in wrapper
    result = func(inference_state, context, tree_name)
  File "/usr/local/lib/code-server-4.103.2/lib/vscode/extensions/ms-python.python-2025.12.0/python_files/lib/jedilsp/jedi/inference/syntax_tree.py", line 771, in tree_name_to_values
    types = imports.infer_import(context, tree_name)
  File "/usr/local/lib/code-server-4.103.2/lib/vscode/extensions/ms-python.python-2025.12.0/python_files/lib/jedilsp/jedi/inference/cache.py", line 44, in wrapper
    rv = function(obj, *args, **kwargs)
  File "/usr/local/lib/code-server-4.103.2/lib/vscode/extensions/ms-python.python-2025.12.0/python_files/lib/jedilsp/jedi/inference/imports.py", line 53, in infer_import
    _prepare_infer_import(module_context, tree_name)
  File "/usr/local/lib/code-server-4.103.2/lib/vscode/extensions/ms-python.python-2025.12.0/python_files/lib/jedilsp/jedi/inference/imports.py", line 116, in _prepare_infer_import
    return from_import_name, tuple(import_path), import_node.level, importer.follow()
  File "/usr/local/lib/code-server-4.103.2/lib/vscode/extensions/ms-python.python-2025.12.0/python_files/lib/jedilsp/jedi/inference/imports.py", line 296, in follow
    return import_module_by_names(
  File "/usr/local/lib/code-server-4.103.2/lib/vscode/extensions/ms-python.python-2025.12.0/python_files/lib/jedilsp/jedi/inference/imports.py", line 376, in import_module_by_names
    value_set = ValueSet.from_sets([
  File "/usr/local/lib/code-server-4.103.2/lib/vscode/extensions/ms-python.python-2025.12.0/python_files/lib/jedilsp/jedi/inference/imports.py", line 377, in <listcomp>
    import_module(
  File "/usr/local/lib/code-server-4.103.2/lib/vscode/extensions/ms-python.python-2025.12.0/python_files/lib/jedilsp/jedi/plugins/__init__.py", line 21, in wrapper
    return built_functions[public_name](*args, **kwargs)
  File "/usr/local/lib/code-server-4.103.2/lib/vscode/extensions/ms-python.python-2025.12.0/python_files/lib/jedilsp/jedi/plugins/flask.py", line 20, in wrapper
    return callback(inference_state, import_names, module_context, *args, **kwargs)
  File "/usr/local/lib/code-server-4.103.2/lib/vscode/extensions/ms-python.python-2025.12.0/python_files/lib/jedilsp/jedi/inference/gradual/typeshed.py", line 115, in wrapper
    python_value_set = ValueSet.from_sets(
  File "/usr/local/lib/code-server-4.103.2/lib/vscode/extensions/ms-python.python-2025.12.0/python_files/lib/jedilsp/jedi/inference/base_value.py", line 430, in from_sets
    for set_ in sets:
  File "/usr/local/lib/code-server-4.103.2/lib/vscode/extensions/ms-python.python-2025.12.0/python_files/lib/jedilsp/jedi/inference/gradual/typeshed.py", line 116, in <genexpr>
    func(inference_state, import_names, p, sys_path,)
  File "/usr/local/lib/code-server-4.103.2/lib/vscode/extensions/ms-python.python-2025.12.0/python_files/lib/jedilsp/jedi/inference/imports.py", line 411, in import_module
    file_io_or_ns, is_pkg = inference_state.compiled_subprocess.get_module_info(
  File "/usr/local/lib/code-server-4.103.2/lib/vscode/extensions/ms-python.python-2025.12.0/python_files/lib/jedilsp/jedi/inference/compiled/subprocess/__init__.py", line 188, in wrapper
    result = self._compiled_subprocess.run(
  File "/usr/local/lib/code-server-4.103.2/lib/vscode/extensions/ms-python.python-2025.12.0/python_files/lib/jedilsp/jedi/inference/compiled/subprocess/__init__.py", line 293, in run
    self._send(delete_id, None)
  File "/usr/local/lib/code-server-4.103.2/lib/vscode/extensions/ms-python.python-2025.12.0/python_files/lib/jedilsp/jedi/inference/compiled/subprocess/__init__.py", line 318, in _send
    is_exception, traceback, result = pickle_load(self._get_process().stdout)
  File "/usr/local/lib/code-server-4.103.2/lib/vscode/extensions/ms-python.python-2025.12.0/python_files/lib/jedilsp/jedi/_compatibility.py", line 25, in pickle_load
    return Unpickler(file).load()
_pickle.UnpicklingError: invalid load key, ' '.

2026-08-29 16:00:11.802 [info] [Error - 4:00:11 PM] Request textDocument/documentSymbol failed.
2026-08-29 16:00:11.811 [info]   Message: _pickle.UnpicklingError: invalid load key, ' '.
  Code: -32603 
[object Object]
2026-08-29 16:00:11.812 [info] ERROR:pygls.protocol.json_rpc:Failed to handle request 69 textDocument/documentSymbol DocumentSymbolParams(text_document=TextDocumentIdentifier(uri='file:///voc/work/W3_Learning_Venu/main.py'), work_done_token=None, partial_result_token=None)
Traceback (most recent call last):
  File "/usr/local/lib/code-server-4.103.2/lib/vscode/extensions/ms-python.python-2025.12.0/python_files/lib/jedilsp/pygls/protocol/json_rpc.py", line 266, in _handle_request
    self._execute_request(msg_id, handler, params)
  File "/usr/local/lib/code-server-4.103.2/lib/vscode/extensions/ms-python.python-2025.12.0/python_files/lib/jedilsp/pygls/protocol/json_rpc.py", line 188, in _execute_request
    self._send_response(msg_id, handler(params))
  File "/usr/local/lib/code-server-4.103.2/lib/vscode/extensions/ms-python.python-2025.12.0/python_files/lib/jedilsp/jedi_language_server/server.py", line 546, in document_symbol
    document_symbols = jedi_utils.lsp_document_symbols(names)
  File "/usr/local/lib/code-server-4.103.2/lib/vscode/extensions/ms-python.python-2025.12.0/python_files/lib/jedilsp/jedi_language_server/jedi_utils.py", line 225, in lsp_document_symbols
    symbol_range = _document_symbol_range(name)
  File "/usr/local/lib/code-server-4.103.2/lib/vscode/extensions/ms-python.python-2025.12.0/python_files/lib/jedilsp/jedi_language_server/jedi_utils.py", line 204, in _document_symbol_range
    end = name.get_definition_end_position()
  File "/usr/local/lib/code-server-4.103.2/lib/vscode/extensions/ms-python.python-2025.12.0/python_files/lib/jedilsp/jedi/api/classes.py", line 260, in get_definition_end_position
    if self.type in ("function", "class"):
  File "/usr/local/lib/code-server-4.103.2/lib/vscode/extensions/ms-python.python-2025.12.0/python_files/lib/jedilsp/jedi/api/classes.py", line 190, in type
    for value in self._name.infer():
  File "/usr/local/lib/code-server-4.103.2/lib/vscode/extensions/ms-python.python-2025.12.0/python_files/lib/jedilsp/jedi/inference/names.py", line 281, in infer
    return tree_name_to_values(
  File "/usr/local/lib/code-server-4.103.2/lib/vscode/extensions/ms-python.python-2025.12.0/python_files/lib/jedilsp/jedi/plugins/__init__.py", line 21, in wrapper
    return built_functions[public_name](*args, **kwargs)
  File "/usr/local/lib/code-server-4.103.2/lib/vscode/extensions/ms-python.python-2025.12.0/python_files/lib/jedilsp/jedi/plugins/stdlib.py", line 878, in wrapper
    return func(inference_state, context, tree_name)
  File "/usr/local/lib/code-server-4.103.2/lib/vscode/extensions/ms-python.python-2025.12.0/python_files/lib/jedilsp/jedi/plugins/django.py", line 177, in wrapper
    result = func(inference_state, context, tree_name)
  File "/usr/local/lib/code-server-4.103.2/lib/vscode/extensions/ms-python.python-2025.12.0/python_files/lib/jedilsp/jedi/inference/syntax_tree.py", line 771, in tree_name_to_values
    types = imports.infer_import(context, tree_name)
  File "/usr/local/lib/code-server-4.103.2/lib/vscode/extensions/ms-python.python-2025.12.0/python_files/lib/jedilsp/jedi/inference/cache.py", line 44, in wrapper
    rv = function(obj, *args, **kwargs)
  File "/usr/local/lib/code-server-4.103.2/lib/vscode/extensions/ms-python.python-2025.12.0/python_files/lib/jedilsp/jedi/inference/imports.py", line 53, in infer_import
    _prepare_infer_import(module_context, tree_name)
  File "/usr/local/lib/code-server-4.103.2/lib/vscode/extensions/ms-python.python-2025.12.0/python_files/lib/jedilsp/jedi/inference/imports.py", line 116, in _prepare_infer_import
    return from_import_name, tuple(import_path), import_node.level, importer.follow()
  File "/usr/local/lib/code-server-4.103.2/lib/vscode/extensions/ms-python.python-2025.12.0/python_files/lib/jedilsp/jedi/inference/imports.py", line 296, in follow
    return import_module_by_names(
  File "/usr/local/lib/code-server-4.103.2/lib/vscode/extensions/ms-python.python-2025.12.0/python_files/lib/jedilsp/jedi/inference/imports.py", line 376, in import_module_by_names
    value_set = ValueSet.from_sets([
  File "/usr/local/lib/code-server-4.103.2/lib/vscode/extensions/ms-python.python-2025.12.0/python_files/lib/jedilsp/jedi/inference/imports.py", line 377, in <listcomp>
    import_module(
  File "/usr/local/lib/code-server-4.103.2/lib/vscode/extensions/ms-python.python-2025.12.0/python_files/lib/jedilsp/jedi/plugins/__init__.py", line 21, in wrapper
    return built_functions[public_name](*args, **kwargs)
  File "/usr/local/lib/code-server-4.103.2/lib/vscode/extensions/ms-python.python-2025.12.0/python_files/lib/jedilsp/jedi/plugins/flask.py", line 20, in wrapper
    return callback(inference_state, import_names, module_context, *args, **kwargs)
  File "/usr/local/lib/code-server-4.103.2/lib/vscode/extensions/ms-python.python-2025.12.0/python_files/lib/jedilsp/jedi/inference/gradual/typeshed.py", line 115, in wrapper
    python_value_set = ValueSet.from_sets(
  File "/usr/local/lib/code-server-4.103.2/lib/vscode/extensions/ms-python.python-2025.12.0/python_files/lib/jedilsp/jedi/inference/base_value.py", line 430, in from_sets
    for set_ in sets:
  File "/usr/local/lib/code-server-4.103.2/lib/vscode/extensions/ms-python.python-2025.12.0/python_files/lib/jedilsp/jedi/inference/gradual/typeshed.py", line 116, in <genexpr>
    func(inference_state, import_names, p, sys_path,)
  File "/usr/local/lib/code-server-4.103.2/lib/vscode/extensions/ms-python.python-2025.12.0/python_files/lib/jedilsp/jedi/inference/imports.py", line 411, in import_module
    file_io_or_ns, is_pkg = inference_state.compiled_subprocess.get_module_info(
  File "/usr/local/lib/code-server-4.103.2/lib/vscode/extensions/ms-python.python-2025.12.0/python_files/lib/jedilsp/jedi/inference/compiled/subprocess/__init__.py", line 188, in wrapper
    result = self._compiled_subprocess.run(
  File "/usr/local/lib/code-server-4.103.2/lib/vscode/extensions/ms-python.python-2025.12.0/python_files/lib/jedilsp/jedi/inference/compiled/subprocess/__init__.py", line 293, in run
    self._send(delete_id, None)
  File "/usr/local/lib/code-server-4.103.2/lib/vscode/extensions/ms-python.python-2025.12.0/python_files/lib/jedilsp/jedi/inference/compiled/subprocess/__init__.py", line 318, in _send
    is_exception, traceback, result = pickle_load(self._get_process().stdout)
  File "/usr/local/lib/code-server-4.103.2/lib/vscode/extensions/ms-python.python-2025.12.0/python_files/lib/jedilsp/jedi/_compatibility.py", line 25, in pickle_load
    return Unpickler(file).load()
_pickle.UnpicklingError: invalid load key, ' '.

2026-08-29 16:00:11.812 [info] [Error - 4:00:11 PM] Request textDocument/documentSymbol failed.
2026-08-29 16:00:11.812 [info]   Message: _pickle.UnpicklingError: invalid load key, ' '.
  Code: -32603 
[object Object]
2026-08-29 16:00:12.491 [info] ERROR:pygls.protocol.json_rpc:Failed to handle request 70 textDocument/hover HoverParams(text_document=TextDocumentIdentifier(uri='file:///voc/work/W3_Learning_Venu/main.py'), position=8:4, work_done_token=None)
Traceback (most recent call last):
  File "/usr/local/lib/code-server-4.103.2/lib/vscode/extensions/ms-python.python-2025.12.0/python_files/lib/jedilsp/pygls/protocol/json_rpc.py", line 266, in _handle_request
    self._execute_request(msg_id, handler, params)
  File "/usr/local/lib/code-server-4.103.2/lib/vscode/extensions/ms-python.python-2025.12.0/python_files/lib/jedilsp/pygls/protocol/json_rpc.py", line 188, in _execute_request
    self._send_response(msg_id, handler(params))
  File "/usr/local/lib/code-server-4.103.2/lib/vscode/extensions/ms-python.python-2025.12.0/python_files/lib/jedilsp/jedi_language_server/notebook_utils.py", line 373, in wrapped
    result = f(notebook_server, notebook_params)
  File "/usr/local/lib/code-server-4.103.2/lib/vscode/extensions/ms-python.python-2025.12.0/python_files/lib/jedilsp/jedi_language_server/server.py", line 487, in hover
    jedi_script.help(*jedi_lines),
  File "/usr/local/lib/code-server-4.103.2/lib/vscode/extensions/ms-python.python-2025.12.0/python_files/lib/jedilsp/jedi/api/helpers.py", line 487, in wrapper
    return func(self, line, column, *args, **kwargs)
  File "/usr/local/lib/code-server-4.103.2/lib/vscode/extensions/ms-python.python-2025.12.0/python_files/lib/jedilsp/jedi/api/__init__.py", line 396, in help
    name = KeywordName(self._inference_state, leaf.value)
  File "/usr/local/lib/code-server-4.103.2/lib/vscode/extensions/ms-python.python-2025.12.0/python_files/lib/jedilsp/jedi/inference/names.py", line 103, in __init__
    self.parent_context = inference_state.builtins_module
  File "/usr/local/lib/code-server-4.103.2/lib/vscode/extensions/ms-python.python-2025.12.0/python_files/lib/jedilsp/jedi/inference/cache.py", line 44, in wrapper
    rv = function(obj, *args, **kwargs)
  File "/usr/local/lib/code-server-4.103.2/lib/vscode/extensions/ms-python.python-2025.12.0/python_files/lib/jedilsp/jedi/inference/__init__.py", line 129, in builtins_module
    builtins_module, = self.import_module((module_name,), sys_path=[])
  File "/usr/local/lib/code-server-4.103.2/lib/vscode/extensions/ms-python.python-2025.12.0/python_files/lib/jedilsp/jedi/inference/__init__.py", line 112, in import_module
    return imports.import_module_by_names(
  File "/usr/local/lib/code-server-4.103.2/lib/vscode/extensions/ms-python.python-2025.12.0/python_files/lib/jedilsp/jedi/inference/imports.py", line 376, in import_module_by_names
    value_set = ValueSet.from_sets([
  File "/usr/local/lib/code-server-4.103.2/lib/vscode/extensions/ms-python.python-2025.12.0/python_files/lib/jedilsp/jedi/inference/imports.py", line 377, in <listcomp>
    import_module(
  File "/usr/local/lib/code-server-4.103.2/lib/vscode/extensions/ms-python.python-2025.12.0/python_files/lib/jedilsp/jedi/plugins/__init__.py", line 21, in wrapper
    return built_functions[public_name](*args, **kwargs)
  File "/usr/local/lib/code-server-4.103.2/lib/vscode/extensions/ms-python.python-2025.12.0/python_files/lib/jedilsp/jedi/plugins/flask.py", line 20, in wrapper
    return callback(inference_state, import_names, module_context, *args, **kwargs)
  File "/usr/local/lib/code-server-4.103.2/lib/vscode/extensions/ms-python.python-2025.12.0/python_files/lib/jedilsp/jedi/inference/gradual/typeshed.py", line 115, in wrapper
    python_value_set = ValueSet.from_sets(
  File "/usr/local/lib/code-server-4.103.2/lib/vscode/extensions/ms-python.python-2025.12.0/python_files/lib/jedilsp/jedi/inference/base_value.py", line 430, in from_sets
    for set_ in sets:
  File "/usr/local/lib/code-server-4.103.2/lib/vscode/extensions/ms-python.python-2025.12.0/python_files/lib/jedilsp/jedi/inference/gradual/typeshed.py", line 116, in <genexpr>
    func(inference_state, import_names, p, sys_path,)
  File "/usr/local/lib/code-server-4.103.2/lib/vscode/extensions/ms-python.python-2025.12.0/python_files/lib/jedilsp/jedi/inference/imports.py", line 411, in import_module
    file_io_or_ns, is_pkg = inference_state.compiled_subprocess.get_module_info(
  File "/usr/local/lib/code-server-4.103.2/lib/vscode/extensions/ms-python.python-2025.12.0/python_files/lib/jedilsp/jedi/inference/compiled/subprocess/__init__.py", line 188, in wrapper
    result = self._compiled_subprocess.run(
  File "/usr/local/lib/code-server-4.103.2/lib/vscode/extensions/ms-python.python-2025.12.0/python_files/lib/jedilsp/jedi/inference/compiled/subprocess/__init__.py", line 293, in run
    self._send(delete_id, None)
  File "/usr/local/lib/code-server-4.103.2/lib/vscode/extensions/ms-python.python-2025.12.0/python_files/lib/jedilsp/jedi/inference/compiled/subprocess/__init__.py", line 318, in _send
    is_exception, traceback, result = pickle_load(self._get_process().stdout)
  File "/usr/local/lib/code-server-4.103.2/lib/vscode/extensions/ms-python.python-2025.12.0/python_files/lib/jedilsp/jedi/_compatibility.py", line 25, in pickle_load
    return Unpickler(file).load()
_pickle.UnpicklingError: invalid load key, ' '.

2026-08-29 16:00:12.491 [info] [Error - 4:00:12 PM] Request textDocument/hover failed.
2026-08-29 16:00:12.500 [info]   Message: _pickle.UnpicklingError: invalid load key, ' '.
  Code: -32603 
[object Object]
2026-08-29 16:00:13.580 [info] ERROR:pygls.protocol.json_rpc:Failed to handle request 71 textDocument/codeAction CodeActionParams(text_document=TextDocumentIdentifier(uri='file:///voc/work/W3_Learning_Venu/main.py'), range=9:63-9:63, context=CodeActionContext(diagnostics=[], only=None, trigger_kind=<CodeActionTriggerKind.Automatic: 2>), work_done_token=None, partial_result_token=None)
Traceback (most recent call last):
  File "/usr/local/lib/code-server-4.103.2/lib/vscode/extensions/ms-python.python-2025.12.0/python_files/lib/jedilsp/pygls/protocol/json_rpc.py", line 266, in _handle_request
    self._execute_request(msg_id, handler, params)
  File "/usr/local/lib/code-server-4.103.2/lib/vscode/extensions/ms-python.python-2025.12.0/python_files/lib/jedilsp/pygls/protocol/json_rpc.py", line 188, in _execute_request
    self._send_response(msg_id, handler(params))
  File "/usr/local/lib/code-server-4.103.2/lib/vscode/extensions/ms-python.python-2025.12.0/python_files/lib/jedilsp/jedi_language_server/notebook_utils.py", line 373, in wrapped
    result = f(notebook_server, notebook_params)
  File "/usr/local/lib/code-server-4.103.2/lib/vscode/extensions/ms-python.python-2025.12.0/python_files/lib/jedilsp/jedi_language_server/server.py", line 671, in code_action
    inline_refactoring = jedi_script.inline(*jedi_lines)
  File "/usr/local/lib/code-server-4.103.2/lib/vscode/extensions/ms-python.python-2025.12.0/python_files/lib/jedilsp/jedi/api/__init__.py", line 697, in inline
    names = [d._name for d in self.get_references(line, column, include_builtins=True)]
  File "/usr/local/lib/code-server-4.103.2/lib/vscode/extensions/ms-python.python-2025.12.0/python_files/lib/jedilsp/jedi/api/helpers.py", line 487, in wrapper
    return func(self, line, column, *args, **kwargs)
  File "/usr/local/lib/code-server-4.103.2/lib/vscode/extensions/ms-python.python-2025.12.0/python_files/lib/jedilsp/jedi/api/__init__.py", line 429, in get_references
    return _references(**kwargs)
  File "/usr/local/lib/code-server-4.103.2/lib/vscode/extensions/ms-python.python-2025.12.0/python_files/lib/jedilsp/jedi/api/__init__.py", line 423, in _references
    names = find_references(self._get_module_context(), tree_name, scope == 'file')
  File "/usr/local/lib/code-server-4.103.2/lib/vscode/extensions/ms-python.python-2025.12.0/python_files/lib/jedilsp/jedi/inference/references.py", line 122, in find_references
    found_names = _find_defining_names(module_context, tree_name)
  File "/usr/local/lib/code-server-4.103.2/lib/vscode/extensions/ms-python.python-2025.12.0/python_files/lib/jedilsp/jedi/inference/references.py", line 53, in _find_defining_names
    found_names = _find_names(module_context, tree_name)
  File "/usr/local/lib/code-server-4.103.2/lib/vscode/extensions/ms-python.python-2025.12.0/python_files/lib/jedilsp/jedi/inference/references.py", line 74, in _find_names
    found_names = set(name.goto())
  File "/usr/local/lib/code-server-4.103.2/lib/vscode/extensions/ms-python.python-2025.12.0/python_files/lib/jedilsp/jedi/inference/names.py", line 157, in goto
    module_names = goto_import(context, name)
  File "/usr/local/lib/code-server-4.103.2/lib/vscode/extensions/ms-python.python-2025.12.0/python_files/lib/jedilsp/jedi/inference/cache.py", line 44, in wrapper
    rv = function(obj, *args, **kwargs)
  File "/usr/local/lib/code-server-4.103.2/lib/vscode/extensions/ms-python.python-2025.12.0/python_files/lib/jedilsp/jedi/inference/imports.py", line 75, in goto_import
    _prepare_infer_import(module_context, tree_name)
  File "/usr/local/lib/code-server-4.103.2/lib/vscode/extensions/ms-python.python-2025.12.0/python_files/lib/jedilsp/jedi/inference/imports.py", line 116, in _prepare_infer_import
    return from_import_name, tuple(import_path), import_node.level, importer.follow()
  File "/usr/local/lib/code-server-4.103.2/lib/vscode/extensions/ms-python.python-2025.12.0/python_files/lib/jedilsp/jedi/inference/imports.py", line 296, in follow
    return import_module_by_names(
  File "/usr/local/lib/code-server-4.103.2/lib/vscode/extensions/ms-python.python-2025.12.0/python_files/lib/jedilsp/jedi/inference/imports.py", line 376, in import_module_by_names
    value_set = ValueSet.from_sets([
  File "/usr/local/lib/code-server-4.103.2/lib/vscode/extensions/ms-python.python-2025.12.0/python_files/lib/jedilsp/jedi/inference/imports.py", line 377, in <listcomp>
    import_module(
  File "/usr/local/lib/code-server-4.103.2/lib/vscode/extensions/ms-python.python-2025.12.0/python_files/lib/jedilsp/jedi/plugins/__init__.py", line 21, in wrapper
    return built_functions[public_name](*args, **kwargs)
  File "/usr/local/lib/code-server-4.103.2/lib/vscode/extensions/ms-python.python-2025.12.0/python_files/lib/jedilsp/jedi/plugins/flask.py", line 20, in wrapper
    return callback(inference_state, import_names, module_context, *args, **kwargs)
  File "/usr/local/lib/code-server-4.103.2/lib/vscode/extensions/ms-python.python-2025.12.0/python_files/lib/jedilsp/jedi/inference/gradual/typeshed.py", line 115, in wrapper
    python_value_set = ValueSet.from_sets(
  File "/usr/local/lib/code-server-4.103.2/lib/vscode/extensions/ms-python.python-2025.12.0/python_files/lib/jedilsp/jedi/inference/base_value.py", line 430, in from_sets
    for set_ in sets:
  File "/usr/local/lib/code-server-4.103.2/lib/vscode/extensions/ms-python.python-2025.12.0/python_files/lib/jedilsp/jedi/inference/gradual/typeshed.py", line 116, in <genexpr>
    func(inference_state, import_names, p, sys_path,)
  File "/usr/local/lib/code-server-4.103.2/lib/vscode/extensions/ms-python.python-2025.12.0/python_files/lib/jedilsp/jedi/inference/imports.py", line 411, in import_module
    file_io_or_ns, is_pkg = inference_state.compiled_subprocess.get_module_info(
  File "/usr/local/lib/code-server-4.103.2/lib/vscode/extensions/ms-python.python-2025.12.0/python_files/lib/jedilsp/jedi/inference/compiled/subprocess/__init__.py", line 188, in wrapper
    result = self._compiled_subprocess.run(
  File "/usr/local/lib/code-server-4.103.2/lib/vscode/extensions/ms-python.python-2025.12.0/python_files/lib/jedilsp/jedi/inference/compiled/subprocess/__init__.py", line 293, in run
    self._send(delete_id, None)
  File "/usr/local/lib/code-server-4.103.2/lib/vscode/extensions/ms-python.python-2025.12.0/python_files/lib/jedilsp/jedi/inference/compiled/subprocess/__init__.py", line 318, in _send
    is_exception, traceback, result = pickle_load(self._get_process().stdout)
  File "/usr/local/lib/code-server-4.103.2/lib/vscode/extensions/ms-python.python-2025.12.0/python_files/lib/jedilsp/jedi/_compatibility.py", line 25, in pickle_load
    return Unpickler(file).load()
_pickle.UnpicklingError: invalid load key, ' '.

2026-08-29 16:00:13.580 [info] [Error - 4:00:13 PM] Request textDocument/codeAction failed.
2026-08-29 16:00:13.589 [info]   Message: _pickle.UnpicklingError: invalid load key, ' '.
  Code: -32603 
[object Object]
2026-08-29 16:00:13.639 [info] semantic_tokens_full file:///voc/work/W3_Learning_Venu/main.py 
2026-08-29 16:00:13.639 [info] ERROR:pygls.protocol.json_rpc:Exception occurred for message "72": _pickle.UnpicklingError: invalid load key, ' '.
NoneType: None

2026-08-29 16:00:13.649 [info] [Error - 4:00:13 PM] Request textDocument/semanticTokens/full failed.
2026-08-29 16:00:13.649 [info]   Message: _pickle.UnpicklingError: invalid load key, ' '.
  Code: -32603 
[object Object]
2026-08-29 16:00:13.687 [info] ERROR:pygls.protocol.json_rpc:Failed to handle request 73 textDocument/documentSymbol DocumentSymbolParams(text_document=TextDocumentIdentifier(uri='file:///voc/work/W3_Learning_Venu/main.py'), work_done_token=None, partial_result_token=None)
Traceback (most recent call last):
  File "/usr/local/lib/code-server-4.103.2/lib/vscode/extensions/ms-python.python-2025.12.0/python_files/lib/jedilsp/pygls/protocol/json_rpc.py", line 266, in _handle_request
    self._execute_request(msg_id, handler, params)
  File "/usr/local/lib/code-server-4.103.2/lib/vscode/extensions/ms-python.python-2025.12.0/python_files/lib/jedilsp/pygls/protocol/json_rpc.py", line 188, in _execute_request
    self._send_response(msg_id, handler(params))
  File "/usr/local/lib/code-server-4.103.2/lib/vscode/extensions/ms-python.python-2025.12.0/python_files/lib/jedilsp/jedi_language_server/server.py", line 546, in document_symbol
    document_symbols = jedi_utils.lsp_document_symbols(names)
  File "/usr/local/lib/code-server-4.103.2/lib/vscode/extensions/ms-python.python-2025.12.0/python_files/lib/jedilsp/jedi_language_server/jedi_utils.py", line 225, in lsp_document_symbols
    symbol_range = _document_symbol_range(name)
  File "/usr/local/lib/code-server-4.103.2/lib/vscode/extensions/ms-python.python-2025.12.0/python_files/lib/jedilsp/jedi_language_server/jedi_utils.py", line 204, in _document_symbol_range
    end = name.get_definition_end_position()
  File "/usr/local/lib/code-server-4.103.2/lib/vscode/extensions/ms-python.python-2025.12.0/python_files/lib/jedilsp/jedi/api/classes.py", line 260, in get_definition_end_position
    if self.type in ("function", "class"):
  File "/usr/local/lib/code-server-4.103.2/lib/vscode/extensions/ms-python.python-2025.12.0/python_files/lib/jedilsp/jedi/api/classes.py", line 190, in type
    for value in self._name.infer():
  File "/usr/local/lib/code-server-4.103.2/lib/vscode/extensions/ms-python.python-2025.12.0/python_files/lib/jedilsp/jedi/inference/names.py", line 281, in infer
    return tree_name_to_values(
  File "/usr/local/lib/code-server-4.103.2/lib/vscode/extensions/ms-python.python-2025.12.0/python_files/lib/jedilsp/jedi/plugins/__init__.py", line 21, in wrapper
    return built_functions[public_name](*args, **kwargs)
  File "/usr/local/lib/code-server-4.103.2/lib/vscode/extensions/ms-python.python-2025.12.0/python_files/lib/jedilsp/jedi/plugins/stdlib.py", line 878, in wrapper
    return func(inference_state, context, tree_name)
  File "/usr/local/lib/code-server-4.103.2/lib/vscode/extensions/ms-python.python-2025.12.0/python_files/lib/jedilsp/jedi/plugins/django.py", line 177, in wrapper
    result = func(inference_state, context, tree_name)
  File "/usr/local/lib/code-server-4.103.2/lib/vscode/extensions/ms-python.python-2025.12.0/python_files/lib/jedilsp/jedi/inference/syntax_tree.py", line 771, in tree_name_to_values
    types = imports.infer_import(context, tree_name)
  File "/usr/local/lib/code-server-4.103.2/lib/vscode/extensions/ms-python.python-2025.12.0/python_files/lib/jedilsp/jedi/inference/cache.py", line 44, in wrapper
    rv = function(obj, *args, **kwargs)
  File "/usr/local/lib/code-server-4.103.2/lib/vscode/extensions/ms-python.python-2025.12.0/python_files/lib/jedilsp/jedi/inference/imports.py", line 53, in infer_import
    _prepare_infer_import(module_context, tree_name)
  File "/usr/local/lib/code-server-4.103.2/lib/vscode/extensions/ms-python.python-2025.12.0/python_files/lib/jedilsp/jedi/inference/imports.py", line 116, in _prepare_infer_import
    return from_import_name, tuple(import_path), import_node.level, importer.follow()
  File "/usr/local/lib/code-server-4.103.2/lib/vscode/extensions/ms-python.python-2025.12.0/python_files/lib/jedilsp/jedi/inference/imports.py", line 296, in follow
    return import_module_by_names(
  File "/usr/local/lib/code-server-4.103.2/lib/vscode/extensions/ms-python.python-2025.12.0/python_files/lib/jedilsp/jedi/inference/imports.py", line 376, in import_module_by_names
    value_set = ValueSet.from_sets([
  File "/usr/local/lib/code-server-4.103.2/lib/vscode/extensions/ms-python.python-2025.12.0/python_files/lib/jedilsp/jedi/inference/imports.py", line 377, in <listcomp>
    import_module(
  File "/usr/local/lib/code-server-4.103.2/lib/vscode/extensions/ms-python.python-2025.12.0/python_files/lib/jedilsp/jedi/plugins/__init__.py", line 21, in wrapper
    return built_functions[public_name](*args, **kwargs)
  File "/usr/local/lib/code-server-4.103.2/lib/vscode/extensions/ms-python.python-2025.12.0/python_files/lib/jedilsp/jedi/plugins/flask.py", line 20, in wrapper
    return callback(inference_state, import_names, module_context, *args, **kwargs)
  File "/usr/local/lib/code-server-4.103.2/lib/vscode/extensions/ms-python.python-2025.12.0/python_files/lib/jedilsp/jedi/inference/gradual/typeshed.py", line 115, in wrapper
    python_value_set = ValueSet.from_sets(
  File "/usr/local/lib/code-server-4.103.2/lib/vscode/extensions/ms-python.python-2025.12.0/python_files/lib/jedilsp/jedi/inference/base_value.py", line 430, in from_sets
    for set_ in sets:
  File "/usr/local/lib/code-server-4.103.2/lib/vscode/extensions/ms-python.python-2025.12.0/python_files/lib/jedilsp/jedi/inference/gradual/typeshed.py", line 116, in <genexpr>
    func(inference_state, import_names, p, sys_path,)
  File "/usr/local/lib/code-server-4.103.2/lib/vscode/extensions/ms-python.python-2025.12.0/python_files/lib/jedilsp/jedi/inference/imports.py", line 411, in import_module
    file_io_or_ns, is_pkg = inference_state.compiled_subprocess.get_module_info(
  File "/usr/local/lib/code-server-4.103.2/lib/vscode/extensions/ms-python.python-2025.12.0/python_files/lib/jedilsp/jedi/inference/compiled/subprocess/__init__.py", line 188, in wrapper
    result = self._compiled_subprocess.run(
  File "/usr/local/lib/code-server-4.103.2/lib/vscode/extensions/ms-python.python-2025.12.0/python_files/lib/jedilsp/jedi/inference/compiled/subprocess/__init__.py", line 296, in run
    return self._send(inference_state_id, function, args, kwargs)
  File "/usr/local/lib/code-server-4.103.2/lib/vscode/extensions/ms-python.python-2025.12.0/python_files/lib/jedilsp/jedi/inference/compiled/subprocess/__init__.py", line 318, in _send
    is_exception, traceback, result = pickle_load(self._get_process().stdout)
  File "/usr/local/lib/code-server-4.103.2/lib/vscode/extensions/ms-python.python-2025.12.0/python_files/lib/jedilsp/jedi/_compatibility.py", line 25, in pickle_load
    return Unpickler(file).load()
_pickle.UnpicklingError: invalid load key, ' '.

2026-08-29 16:00:13.687 [info] [Error - 4:00:13 PM] Request textDocument/documentSymbol failed.
2026-08-29 16:00:13.707 [info]   Message: _pickle.UnpicklingError: invalid load key, ' '.
  Code: -32603 
[object Object]
2026-08-29 16:00:13.707 [info] ERROR:pygls.protocol.json_rpc:Failed to handle request 74 textDocument/documentSymbol DocumentSymbolParams(text_document=TextDocumentIdentifier(uri='file:///voc/work/W3_Learning_Venu/main.py'), work_done_token=None, partial_result_token=None)
Traceback (most recent call last):
  File "/usr/local/lib/code-server-4.103.2/lib/vscode/extensions/ms-python.python-2025.12.0/python_files/lib/jedilsp/pygls/protocol/json_rpc.py", line 266, in _handle_request
    self._execute_request(msg_id, handler, params)
  File "/usr/local/lib/code-server-4.103.2/lib/vscode/extensions/ms-python.python-2025.12.0/python_files/lib/jedilsp/pygls/protocol/json_rpc.py", line 188, in _execute_request
    self._send_response(msg_id, handler(params))
  File "/usr/local/lib/code-server-4.103.2/lib/vscode/extensions/ms-python.python-2025.12.0/python_files/lib/jedilsp/jedi_language_server/server.py", line 546, in document_symbol
    document_symbols = jedi_utils.lsp_document_symbols(names)
  File "/usr/local/lib/code-server-4.103.2/lib/vscode/extensions/ms-python.python-2025.12.0/python_files/lib/jedilsp/jedi_language_server/jedi_utils.py", line 225, in lsp_document_symbols
    symbol_range = _document_symbol_range(name)
  File "/usr/local/lib/code-server-4.103.2/lib/vscode/extensions/ms-python.python-2025.12.0/python_files/lib/jedilsp/jedi_language_server/jedi_utils.py", line 204, in _document_symbol_range
    end = name.get_definition_end_position()
  File "/usr/local/lib/code-server-4.103.2/lib/vscode/extensions/ms-python.python-2025.12.0/python_files/lib/jedilsp/jedi/api/classes.py", line 260, in get_definition_end_position
    if self.type in ("function", "class"):
  File "/usr/local/lib/code-server-4.103.2/lib/vscode/extensions/ms-python.python-2025.12.0/python_files/lib/jedilsp/jedi/api/classes.py", line 190, in type
    for value in self._name.infer():
  File "/usr/local/lib/code-server-4.103.2/lib/vscode/extensions/ms-python.python-2025.12.0/python_files/lib/jedilsp/jedi/inference/names.py", line 281, in infer
    return tree_name_to_values(
  File "/usr/local/lib/code-server-4.103.2/lib/vscode/extensions/ms-python.python-2025.12.0/python_files/lib/jedilsp/jedi/plugins/__init__.py", line 21, in wrapper
    return built_functions[public_name](*args, **kwargs)
  File "/usr/local/lib/code-server-4.103.2/lib/vscode/extensions/ms-python.python-2025.12.0/python_files/lib/jedilsp/jedi/plugins/stdlib.py", line 878, in wrapper
    return func(inference_state, context, tree_name)
  File "/usr/local/lib/code-server-4.103.2/lib/vscode/extensions/ms-python.python-2025.12.0/python_files/lib/jedilsp/jedi/plugins/django.py", line 177, in wrapper
    result = func(inference_state, context, tree_name)
  File "/usr/local/lib/code-server-4.103.2/lib/vscode/extensions/ms-python.python-2025.12.0/python_files/lib/jedilsp/jedi/inference/syntax_tree.py", line 771, in tree_name_to_values
    types = imports.infer_import(context, tree_name)
  File "/usr/local/lib/code-server-4.103.2/lib/vscode/extensions/ms-python.python-2025.12.0/python_files/lib/jedilsp/jedi/inference/cache.py", line 44, in wrapper
    rv = function(obj, *args, **kwargs)
  File "/usr/local/lib/code-server-4.103.2/lib/vscode/extensions/ms-python.python-2025.12.0/python_files/lib/jedilsp/jedi/inference/imports.py", line 53, in infer_import
    _prepare_infer_import(module_context, tree_name)
  File "/usr/local/lib/code-server-4.103.2/lib/vscode/extensions/ms-python.python-2025.12.0/python_files/lib/jedilsp/jedi/inference/imports.py", line 116, in _prepare_infer_import
    return from_import_name, tuple(import_path), import_node.level, importer.follow()
  File "/usr/local/lib/code-server-4.103.2/lib/vscode/extensions/ms-python.python-2025.12.0/python_files/lib/jedilsp/jedi/inference/imports.py", line 296, in follow
    return import_module_by_names(
  File "/usr/local/lib/code-server-4.103.2/lib/vscode/extensions/ms-python.python-2025.12.0/python_files/lib/jedilsp/jedi/inference/imports.py", line 376, in import_module_by_names
    value_set = ValueSet.from_sets([
  File "/usr/local/lib/code-server-4.103.2/lib/vscode/extensions/ms-python.python-2025.12.0/python_files/lib/jedilsp/jedi/inference/imports.py", line 377, in <listcomp>
    import_module(
  File "/usr/local/lib/code-server-4.103.2/lib/vscode/extensions/ms-python.python-2025.12.0/python_files/lib/jedilsp/jedi/plugins/__init__.py", line 21, in wrapper
    return built_functions[public_name](*args, **kwargs)
  File "/usr/local/lib/code-server-4.103.2/lib/vscode/extensions/ms-python.python-2025.12.0/python_files/lib/jedilsp/jedi/plugins/flask.py", line 20, in wrapper
    return callback(inference_state, import_names, module_context, *args, **kwargs)
  File "/usr/local/lib/code-server-4.103.2/lib/vscode/extensions/ms-python.python-2025.12.0/python_files/lib/jedilsp/jedi/inference/gradual/typeshed.py", line 115, in wrapper
    python_value_set = ValueSet.from_sets(
  File "/usr/local/lib/code-server-4.103.2/lib/vscode/extensions/ms-python.python-2025.12.0/python_files/lib/jedilsp/jedi/inference/base_value.py", line 430, in from_sets
    for set_ in sets:
  File "/usr/local/lib/code-server-4.103.2/lib/vscode/extensions/ms-python.python-2025.12.0/python_files/lib/jedilsp/jedi/inference/gradual/typeshed.py", line 116, in <genexpr>
    func(inference_state, import_names, p, sys_path,)
  File "/usr/local/lib/code-server-4.103.2/lib/vscode/extensions/ms-python.python-2025.12.0/python_files/lib/jedilsp/jedi/inference/imports.py", line 411, in import_module
    file_io_or_ns, is_pkg = inference_state.compiled_subprocess.get_module_info(
  File "/usr/local/lib/code-server-4.103.2/lib/vscode/extensions/ms-python.python-2025.12.0/python_files/lib/jedilsp/jedi/inference/compiled/subprocess/__init__.py", line 188, in wrapper
    result = self._compiled_subprocess.run(
  File "/usr/local/lib/code-server-4.103.2/lib/vscode/extensions/ms-python.python-2025.12.0/python_files/lib/jedilsp/jedi/inference/compiled/subprocess/__init__.py", line 293, in run
    self._send(delete_id, None)
  File "/usr/local/lib/code-server-4.103.2/lib/vscode/extensions/ms-python.python-2025.12.0/python_files/lib/jedilsp/jedi/inference/compiled/subprocess/__init__.py", line 318, in _send
    is_exception, traceback, result = pickle_load(self._get_process().stdout)
  File "/usr/local/lib/code-server-4.103.2/lib/vscode/extensions/ms-python.python-2025.12.0/python_files/lib/jedilsp/jedi/_compatibility.py", line 25, in pickle_load
    return Unpickler(file).load()
_pickle.UnpicklingError: invalid load key, ' '.

2026-08-29 16:00:13.707 [info] [Error - 4:00:13 PM] Request textDocument/documentSymbol failed.
2026-08-29 16:00:13.707 [info]   Message: _pickle.UnpicklingError: invalid load key, ' '.
  Code: -32603 
[object Object]
2026-08-29 16:00:13.711 [info] ERROR:pygls.protocol.json_rpc:Failed to handle request 75 textDocument/hover HoverParams(text_document=TextDocumentIdentifier(uri='file:///voc/work/W3_Learning_Venu/main.py'), position=8:4, work_done_token=None)
Traceback (most recent call last):
  File "/usr/local/lib/code-server-4.103.2/lib/vscode/extensions/ms-python.python-2025.12.0/python_files/lib/jedilsp/pygls/protocol/json_rpc.py", line 266, in _handle_request
    self._execute_request(msg_id, handler, params)
  File "/usr/local/lib/code-server-4.103.2/lib/vscode/extensions/ms-python.python-2025.12.0/python_files/lib/jedilsp/pygls/protocol/json_rpc.py", line 188, in _execute_request
    self._send_response(msg_id, handler(params))
  File "/usr/local/lib/code-server-4.103.2/lib/vscode/extensions/ms-python.python-2025.12.0/python_files/lib/jedilsp/jedi_language_server/notebook_utils.py", line 373, in wrapped
    result = f(notebook_server, notebook_params)
  File "/usr/local/lib/code-server-4.103.2/lib/vscode/extensions/ms-python.python-2025.12.0/python_files/lib/jedilsp/jedi_language_server/server.py", line 487, in hover
    jedi_script.help(*jedi_lines),
  File "/usr/local/lib/code-server-4.103.2/lib/vscode/extensions/ms-python.python-2025.12.0/python_files/lib/jedilsp/jedi/api/helpers.py", line 487, in wrapper
    return func(self, line, column, *args, **kwargs)
  File "/usr/local/lib/code-server-4.103.2/lib/vscode/extensions/ms-python.python-2025.12.0/python_files/lib/jedilsp/jedi/api/__init__.py", line 396, in help
    name = KeywordName(self._inference_state, leaf.value)
  File "/usr/local/lib/code-server-4.103.2/lib/vscode/extensions/ms-python.python-2025.12.0/python_files/lib/jedilsp/jedi/inference/names.py", line 103, in __init__
    self.parent_context = inference_state.builtins_module
  File "/usr/local/lib/code-server-4.103.2/lib/vscode/extensions/ms-python.python-2025.12.0/python_files/lib/jedilsp/jedi/inference/cache.py", line 44, in wrapper
    rv = function(obj, *args, **kwargs)
  File "/usr/local/lib/code-server-4.103.2/lib/vscode/extensions/ms-python.python-2025.12.0/python_files/lib/jedilsp/jedi/inference/__init__.py", line 129, in builtins_module
    builtins_module, = self.import_module((module_name,), sys_path=[])
  File "/usr/local/lib/code-server-4.103.2/lib/vscode/extensions/ms-python.python-2025.12.0/python_files/lib/jedilsp/jedi/inference/__init__.py", line 112, in import_module
    return imports.import_module_by_names(
  File "/usr/local/lib/code-server-4.103.2/lib/vscode/extensions/ms-python.python-2025.12.0/python_files/lib/jedilsp/jedi/inference/imports.py", line 376, in import_module_by_names
    value_set = ValueSet.from_sets([
  File "/usr/local/lib/code-server-4.103.2/lib/vscode/extensions/ms-python.python-2025.12.0/python_files/lib/jedilsp/jedi/inference/imports.py", line 377, in <listcomp>
    import_module(
  File "/usr/local/lib/code-server-4.103.2/lib/vscode/extensions/ms-python.python-2025.12.0/python_files/lib/jedilsp/jedi/plugins/__init__.py", line 21, in wrapper
    return built_functions[public_name](*args, **kwargs)
  File "/usr/local/lib/code-server-4.103.2/lib/vscode/extensions/ms-python.python-2025.12.0/python_files/lib/jedilsp/jedi/plugins/flask.py", line 20, in wrapper
    return callback(inference_state, import_names, module_context, *args, **kwargs)
  File "/usr/local/lib/code-server-4.103.2/lib/vscode/extensions/ms-python.python-2025.12.0/python_files/lib/jedilsp/jedi/inference/gradual/typeshed.py", line 115, in wrapper
    python_value_set = ValueSet.from_sets(
  File "/usr/local/lib/code-server-4.103.2/lib/vscode/extensions/ms-python.python-2025.12.0/python_files/lib/jedilsp/jedi/inference/base_value.py", line 430, in from_sets
    for set_ in sets:
  File "/usr/local/lib/code-server-4.103.2/lib/vscode/extensions/ms-python.python-2025.12.0/python_files/lib/jedilsp/jedi/inference/gradual/typeshed.py", line 116, in <genexpr>
    func(inference_state, import_names, p, sys_path,)
  File "/usr/local/lib/code-server-4.103.2/lib/vscode/extensions/ms-python.python-2025.12.0/python_files/lib/jedilsp/jedi/inference/imports.py", line 411, in import_module
    file_io_or_ns, is_pkg = inference_state.compiled_subprocess.get_module_info(
  File "/usr/local/lib/code-server-4.103.2/lib/vscode/extensions/ms-python.python-2025.12.0/python_files/lib/jedilsp/jedi/inference/compiled/subprocess/__init__.py", line 188, in wrapper
    result = self._compiled_subprocess.run(
  File "/usr/local/lib/code-server-4.103.2/lib/vscode/extensions/ms-python.python-2025.12.0/python_files/lib/jedilsp/jedi/inference/compiled/subprocess/__init__.py", line 293, in run
    self._send(delete_id, None)
  File "/usr/local/lib/code-server-4.103.2/lib/vscode/extensions/ms-python.python-2025.12.0/python_files/lib/jedilsp/jedi/inference/compiled/subprocess/__init__.py", line 318, in _send
    is_exception, traceback, result = pickle_load(self._get_process().stdout)
  File "/usr/local/lib/code-server-4.103.2/lib/vscode/extensions/ms-python.python-2025.12.0/python_files/lib/jedilsp/jedi/_compatibility.py", line 25, in pickle_load
    return Unpickler(file).load()
_pickle.UnpicklingError: invalid load key, ' '.

2026-08-29 16:00:13.717 [info] [Error - 4:00:13 PM] Request textDocument/hover failed.
2026-08-29 16:00:13.718 [info]   Message: _pickle.UnpicklingError: invalid load key, ' '.
  Code: -32603 
[object Object]
2026-08-29 16:00:14.727 [info] ERROR:pygls.protocol.json_rpc:Failed to handle request 76 textDocument/hover HoverParams(text_document=TextDocumentIdentifier(uri='file:///voc/work/W3_Learning_Venu/main.py'), position=8:0, work_done_token=None)
Traceback (most recent call last):
  File "/usr/local/lib/code-server-4.103.2/lib/vscode/extensions/ms-python.python-2025.12.0/python_files/lib/jedilsp/pygls/protocol/json_rpc.py", line 266, in _handle_request
    self._execute_request(msg_id, handler, params)
  File "/usr/local/lib/code-server-4.103.2/lib/vscode/extensions/ms-python.python-2025.12.0/python_files/lib/jedilsp/pygls/protocol/json_rpc.py", line 188, in _execute_request
    self._send_response(msg_id, handler(params))
  File "/usr/local/lib/code-server-4.103.2/lib/vscode/extensions/ms-python.python-2025.12.0/python_files/lib/jedilsp/jedi_language_server/notebook_utils.py", line 373, in wrapped
    result = f(notebook_server, notebook_params)
  File "/usr/local/lib/code-server-4.103.2/lib/vscode/extensions/ms-python.python-2025.12.0/python_files/lib/jedilsp/jedi_language_server/server.py", line 487, in hover
    jedi_script.help(*jedi_lines),
  File "/usr/local/lib/code-server-4.103.2/lib/vscode/extensions/ms-python.python-2025.12.0/python_files/lib/jedilsp/jedi/api/helpers.py", line 487, in wrapper
    return func(self, line, column, *args, **kwargs)
  File "/usr/local/lib/code-server-4.103.2/lib/vscode/extensions/ms-python.python-2025.12.0/python_files/lib/jedilsp/jedi/api/__init__.py", line 396, in help
    name = KeywordName(self._inference_state, leaf.value)
  File "/usr/local/lib/code-server-4.103.2/lib/vscode/extensions/ms-python.python-2025.12.0/python_files/lib/jedilsp/jedi/inference/names.py", line 103, in __init__
    self.parent_context = inference_state.builtins_module
  File "/usr/local/lib/code-server-4.103.2/lib/vscode/extensions/ms-python.python-2025.12.0/python_files/lib/jedilsp/jedi/inference/cache.py", line 44, in wrapper
    rv = function(obj, *args, **kwargs)
  File "/usr/local/lib/code-server-4.103.2/lib/vscode/extensions/ms-python.python-2025.12.0/python_files/lib/jedilsp/jedi/inference/__init__.py", line 129, in builtins_module
    builtins_module, = self.import_module((module_name,), sys_path=[])
  File "/usr/local/lib/code-server-4.103.2/lib/vscode/extensions/ms-python.python-2025.12.0/python_files/lib/jedilsp/jedi/inference/__init__.py", line 112, in import_module
    return imports.import_module_by_names(
  File "/usr/local/lib/code-server-4.103.2/lib/vscode/extensions/ms-python.python-2025.12.0/python_files/lib/jedilsp/jedi/inference/imports.py", line 376, in import_module_by_names
    value_set = ValueSet.from_sets([
  File "/usr/local/lib/code-server-4.103.2/lib/vscode/extensions/ms-python.python-2025.12.0/python_files/lib/jedilsp/jedi/inference/imports.py", line 377, in <listcomp>
    import_module(
  File "/usr/local/lib/code-server-4.103.2/lib/vscode/extensions/ms-python.python-2025.12.0/python_files/lib/jedilsp/jedi/plugins/__init__.py", line 21, in wrapper
    return built_functions[public_name](*args, **kwargs)
  File "/usr/local/lib/code-server-4.103.2/lib/vscode/extensions/ms-python.python-2025.12.0/python_files/lib/jedilsp/jedi/plugins/flask.py", line 20, in wrapper
    return callback(inference_state, import_names, module_context, *args, **kwargs)
  File "/usr/local/lib/code-server-4.103.2/lib/vscode/extensions/ms-python.python-2025.12.0/python_files/lib/jedilsp/jedi/inference/gradual/typeshed.py", line 115, in wrapper
    python_value_set = ValueSet.from_sets(
  File "/usr/local/lib/code-server-4.103.2/lib/vscode/extensions/ms-python.python-2025.12.0/python_files/lib/jedilsp/jedi/inference/base_value.py", line 430, in from_sets
    for set_ in sets:
  File "/usr/local/lib/code-server-4.103.2/lib/vscode/extensions/ms-python.python-2025.12.0/python_files/lib/jedilsp/jedi/inference/gradual/typeshed.py", line 116, in <genexpr>
    func(inference_state, import_names, p, sys_path,)
  File "/usr/local/lib/code-server-4.103.2/lib/vscode/extensions/ms-python.python-2025.12.0/python_files/lib/jedilsp/jedi/inference/imports.py", line 411, in import_module
    file_io_or_ns, is_pkg = inference_state.compiled_subprocess.get_module_info(
  File "/usr/local/lib/code-server-4.103.2/lib/vscode/extensions/ms-python.python-2025.12.0/python_files/lib/jedilsp/jedi/inference/compiled/subprocess/__init__.py", line 188, in wrapper
    result = self._compiled_subprocess.run(
  File "/usr/local/lib/code-server-4.103.2/lib/vscode/extensions/ms-python.python-2025.12.0/python_files/lib/jedilsp/jedi/inference/compiled/subprocess/__init__.py", line 293, in run
    self._send(delete_id, None)
  File "/usr/local/lib/code-server-4.103.2/lib/vscode/extensions/ms-python.python-2025.12.0/python_files/lib/jedilsp/jedi/inference/compiled/subprocess/__init__.py", line 318, in _send
    is_exception, traceback, result = pickle_load(self._get_process().stdout)
  File "/usr/local/lib/code-server-4.103.2/lib/vscode/extensions/ms-python.python-2025.12.0/python_files/lib/jedilsp/jedi/_compatibility.py", line 25, in pickle_load
    return Unpickler(file).load()
_pickle.UnpicklingError: invalid load key, ' '.

2026-08-29 16:00:14.728 [info] [Error - 4:00:14 PM] Request textDocument/hover failed.
2026-08-29 16:00:14.737 [info]   Message: _pickle.UnpicklingError: invalid load key, ' '.
  Code: -32603 
[object Object]
2026-08-29 16:00:15.070 [info] ERROR:pygls.protocol.json_rpc:Failed to handle request 78 textDocument/codeAction CodeActionParams(text_document=TextDocumentIdentifier(uri='file:///voc/work/W3_Learning_Venu/main.py'), range=8:0-8:0, context=CodeActionContext(diagnostics=[], only=None, trigger_kind=<CodeActionTriggerKind.Automatic: 2>), work_done_token=None, partial_result_token=None)
Traceback (most recent call last):
  File "/usr/local/lib/code-server-4.103.2/lib/vscode/extensions/ms-python.python-2025.12.0/python_files/lib/jedilsp/pygls/protocol/json_rpc.py", line 266, in _handle_request
    self._execute_request(msg_id, handler, params)
  File "/usr/local/lib/code-server-4.103.2/lib/vscode/extensions/ms-python.python-2025.12.0/python_files/lib/jedilsp/pygls/protocol/json_rpc.py", line 188, in _execute_request
    self._send_response(msg_id, handler(params))
  File "/usr/local/lib/code-server-4.103.2/lib/vscode/extensions/ms-python.python-2025.12.0/python_files/lib/jedilsp/jedi_language_server/notebook_utils.py", line 373, in wrapped
    result = f(notebook_server, notebook_params)
  File "/usr/local/lib/code-server-4.103.2/lib/vscode/extensions/ms-python.python-2025.12.0/python_files/lib/jedilsp/jedi_language_server/server.py", line 717, in code_action
    extract_function_refactoring = jedi_script.extract_function(
  File "/usr/local/lib/code-server-4.103.2/lib/vscode/extensions/ms-python.python-2025.12.0/python_files/lib/jedilsp/jedi/api/helpers.py", line 487, in wrapper
    return func(self, line, column, *args, **kwargs)
  File "/usr/local/lib/code-server-4.103.2/lib/vscode/extensions/ms-python.python-2025.12.0/python_files/lib/jedilsp/jedi/api/__init__.py", line 675, in extract_function
    return extract_function(
  File "/usr/local/lib/code-server-4.103.2/lib/vscode/extensions/ms-python.python-2025.12.0/python_files/lib/jedilsp/jedi/api/refactoring/extract.py", line 216, in extract_function
    params, return_variables = list(_find_inputs_and_outputs(module_context, context, nodes))
  File "/usr/local/lib/code-server-4.103.2/lib/vscode/extensions/ms-python.python-2025.12.0/python_files/lib/jedilsp/jedi/api/refactoring/extract.py", line 332, in _find_inputs_and_outputs
    name_definitions = context.goto(name, name.start_pos)
  File "/usr/local/lib/code-server-4.103.2/lib/vscode/extensions/ms-python.python-2025.12.0/python_files/lib/jedilsp/jedi/inference/context.py", line 34, in goto
    names = finder.filter_name(filters, name_or_str)
  File "/usr/local/lib/code-server-4.103.2/lib/vscode/extensions/ms-python.python-2025.12.0/python_files/lib/jedilsp/jedi/inference/finder.py", line 35, in filter_name
    for filter in filters:
  File "/usr/local/lib/code-server-4.103.2/lib/vscode/extensions/ms-python.python-2025.12.0/python_files/lib/jedilsp/jedi/inference/context.py", line 496, in get_global_filters
    b = next(base_context.inference_state.builtins_module.get_filters(), None)
  File "/usr/local/lib/code-server-4.103.2/lib/vscode/extensions/ms-python.python-2025.12.0/python_files/lib/jedilsp/jedi/inference/cache.py", line 44, in wrapper
    rv = function(obj, *args, **kwargs)
  File "/usr/local/lib/code-server-4.103.2/lib/vscode/extensions/ms-python.python-2025.12.0/python_files/lib/jedilsp/jedi/inference/__init__.py", line 129, in builtins_module
    builtins_module, = self.import_module((module_name,), sys_path=[])
  File "/usr/local/lib/code-server-4.103.2/lib/vscode/extensions/ms-python.python-2025.12.0/python_files/lib/jedilsp/jedi/inference/__init__.py", line 112, in import_module
    return imports.import_module_by_names(
  File "/usr/local/lib/code-server-4.103.2/lib/vscode/extensions/ms-python.python-2025.12.0/python_files/lib/jedilsp/jedi/inference/imports.py", line 376, in import_module_by_names
    value_set = ValueSet.from_sets([
  File "/usr/local/lib/code-server-4.103.2/lib/vscode/extensions/ms-python.python-2025.12.0/python_files/lib/jedilsp/jedi/inference/imports.py", line 377, in <listcomp>
    import_module(
  File "/usr/local/lib/code-server-4.103.2/lib/vscode/extensions/ms-python.python-2025.12.0/python_files/lib/jedilsp/jedi/plugins/__init__.py", line 21, in wrapper
    return built_functions[public_name](*args, **kwargs)
  File "/usr/local/lib/code-server-4.103.2/lib/vscode/extensions/ms-python.python-2025.12.0/python_files/lib/jedilsp/jedi/plugins/flask.py", line 20, in wrapper
    return callback(inference_state, import_names, module_context, *args, **kwargs)
  File "/usr/local/lib/code-server-4.103.2/lib/vscode/extensions/ms-python.python-2025.12.0/python_files/lib/jedilsp/jedi/inference/gradual/typeshed.py", line 115, in wrapper
    python_value_set = ValueSet.from_sets(
  File "/usr/local/lib/code-server-4.103.2/lib/vscode/extensions/ms-python.python-2025.12.0/python_files/lib/jedilsp/jedi/inference/base_value.py", line 430, in from_sets
    for set_ in sets:
  File "/usr/local/lib/code-server-4.103.2/lib/vscode/extensions/ms-python.python-2025.12.0/python_files/lib/jedilsp/jedi/inference/gradual/typeshed.py", line 116, in <genexpr>
    func(inference_state, import_names, p, sys_path,)
  File "/usr/local/lib/code-server-4.103.2/lib/vscode/extensions/ms-python.python-2025.12.0/python_files/lib/jedilsp/jedi/inference/imports.py", line 411, in import_module
    file_io_or_ns, is_pkg = inference_state.compiled_subprocess.get_module_info(
  File "/usr/local/lib/code-server-4.103.2/lib/vscode/extensions/ms-python.python-2025.12.0/python_files/lib/jedilsp/jedi/inference/compiled/subprocess/__init__.py", line 188, in wrapper
    result = self._compiled_subprocess.run(
  File "/usr/local/lib/code-server-4.103.2/lib/vscode/extensions/ms-python.python-2025.12.0/python_files/lib/jedilsp/jedi/inference/compiled/subprocess/__init__.py", line 293, in run
    self._send(delete_id, None)
  File "/usr/local/lib/code-server-4.103.2/lib/vscode/extensions/ms-python.python-2025.12.0/python_files/lib/jedilsp/jedi/inference/compiled/subprocess/__init__.py", line 318, in _send
    is_exception, traceback, result = pickle_load(self._get_process().stdout)
  File "/usr/local/lib/code-server-4.103.2/lib/vscode/extensions/ms-python.python-2025.12.0/python_files/lib/jedilsp/jedi/_compatibility.py", line 25, in pickle_load
    return Unpickler(file).load()
_pickle.UnpicklingError: invalid load key, ' '.

2026-08-29 16:00:15.071 [info] [Error - 4:00:15 PM] Request textDocument/codeAction failed.
2026-08-29 16:00:15.081 [info]   Message: _pickle.UnpicklingError: invalid load key, ' '.
  Code: -32603 
[object Object]
2026-08-29 16:00:16.256 [info] ERROR:pygls.protocol.json_rpc:Failed to handle request 79 textDocument/codeAction CodeActionParams(text_document=TextDocumentIdentifier(uri='file:///voc/work/W3_Learning_Venu/main.py'), range=8:1-8:1, context=CodeActionContext(diagnostics=[], only=None, trigger_kind=<CodeActionTriggerKind.Automatic: 2>), work_done_token=None, partial_result_token=None)
Traceback (most recent call last):
  File "/usr/local/lib/code-server-4.103.2/lib/vscode/extensions/ms-python.python-2025.12.0/python_files/lib/jedilsp/pygls/protocol/json_rpc.py", line 266, in _handle_request
    self._execute_request(msg_id, handler, params)
  File "/usr/local/lib/code-server-4.103.2/lib/vscode/extensions/ms-python.python-2025.12.0/python_files/lib/jedilsp/pygls/protocol/json_rpc.py", line 188, in _execute_request
    self._send_response(msg_id, handler(params))
  File "/usr/local/lib/code-server-4.103.2/lib/vscode/extensions/ms-python.python-2025.12.0/python_files/lib/jedilsp/jedi_language_server/notebook_utils.py", line 373, in wrapped
    result = f(notebook_server, notebook_params)
  File "/usr/local/lib/code-server-4.103.2/lib/vscode/extensions/ms-python.python-2025.12.0/python_files/lib/jedilsp/jedi_language_server/server.py", line 717, in code_action
    extract_function_refactoring = jedi_script.extract_function(
  File "/usr/local/lib/code-server-4.103.2/lib/vscode/extensions/ms-python.python-2025.12.0/python_files/lib/jedilsp/jedi/api/helpers.py", line 487, in wrapper
    return func(self, line, column, *args, **kwargs)
  File "/usr/local/lib/code-server-4.103.2/lib/vscode/extensions/ms-python.python-2025.12.0/python_files/lib/jedilsp/jedi/api/__init__.py", line 675, in extract_function
    return extract_function(
  File "/usr/local/lib/code-server-4.103.2/lib/vscode/extensions/ms-python.python-2025.12.0/python_files/lib/jedilsp/jedi/api/refactoring/extract.py", line 216, in extract_function
    params, return_variables = list(_find_inputs_and_outputs(module_context, context, nodes))
  File "/usr/local/lib/code-server-4.103.2/lib/vscode/extensions/ms-python.python-2025.12.0/python_files/lib/jedilsp/jedi/api/refactoring/extract.py", line 332, in _find_inputs_and_outputs
    name_definitions = context.goto(name, name.start_pos)
  File "/usr/local/lib/code-server-4.103.2/lib/vscode/extensions/ms-python.python-2025.12.0/python_files/lib/jedilsp/jedi/inference/context.py", line 34, in goto
    names = finder.filter_name(filters, name_or_str)
  File "/usr/local/lib/code-server-4.103.2/lib/vscode/extensions/ms-python.python-2025.12.0/python_files/lib/jedilsp/jedi/inference/finder.py", line 35, in filter_name
    for filter in filters:
  File "/usr/local/lib/code-server-4.103.2/lib/vscode/extensions/ms-python.python-2025.12.0/python_files/lib/jedilsp/jedi/inference/context.py", line 496, in get_global_filters
    b = next(base_context.inference_state.builtins_module.get_filters(), None)
  File "/usr/local/lib/code-server-4.103.2/lib/vscode/extensions/ms-python.python-2025.12.0/python_files/lib/jedilsp/jedi/inference/cache.py", line 44, in wrapper
    rv = function(obj, *args, **kwargs)
  File "/usr/local/lib/code-server-4.103.2/lib/vscode/extensions/ms-python.python-2025.12.0/python_files/lib/jedilsp/jedi/inference/__init__.py", line 129, in builtins_module
    builtins_module, = self.import_module((module_name,), sys_path=[])
  File "/usr/local/lib/code-server-4.103.2/lib/vscode/extensions/ms-python.python-2025.12.0/python_files/lib/jedilsp/jedi/inference/__init__.py", line 112, in import_module
    return imports.import_module_by_names(
  File "/usr/local/lib/code-server-4.103.2/lib/vscode/extensions/ms-python.python-2025.12.0/python_files/lib/jedilsp/jedi/inference/imports.py", line 376, in import_module_by_names
    value_set = ValueSet.from_sets([
  File "/usr/local/lib/code-server-4.103.2/lib/vscode/extensions/ms-python.python-2025.12.0/python_files/lib/jedilsp/jedi/inference/imports.py", line 377, in <listcomp>
    import_module(
  File "/usr/local/lib/code-server-4.103.2/lib/vscode/extensions/ms-python.python-2025.12.0/python_files/lib/jedilsp/jedi/plugins/__init__.py", line 21, in wrapper
    return built_functions[public_name](*args, **kwargs)
  File "/usr/local/lib/code-server-4.103.2/lib/vscode/extensions/ms-python.python-2025.12.0/python_files/lib/jedilsp/jedi/plugins/flask.py", line 20, in wrapper
    return callback(inference_state, import_names, module_context, *args, **kwargs)
  File "/usr/local/lib/code-server-4.103.2/lib/vscode/extensions/ms-python.python-2025.12.0/python_files/lib/jedilsp/jedi/inference/gradual/typeshed.py", line 115, in wrapper
    python_value_set = ValueSet.from_sets(
  File "/usr/local/lib/code-server-4.103.2/lib/vscode/extensions/ms-python.python-2025.12.0/python_files/lib/jedilsp/jedi/inference/base_value.py", line 430, in from_sets
    for set_ in sets:
  File "/usr/local/lib/code-server-4.103.2/lib/vscode/extensions/ms-python.python-2025.12.0/python_files/lib/jedilsp/jedi/inference/gradual/typeshed.py", line 116, in <genexpr>
    func(inference_state, import_names, p, sys_path,)
  File "/usr/local/lib/code-server-4.103.2/lib/vscode/extensions/ms-python.python-2025.12.0/python_files/lib/jedilsp/jedi/inference/imports.py", line 411, in import_module
    file_io_or_ns, is_pkg = inference_state.compiled_subprocess.get_module_info(
  File "/usr/local/lib/code-server-4.103.2/lib/vscode/extensions/ms-python.python-2025.12.0/python_files/lib/jedilsp/jedi/inference/compiled/subprocess/__init__.py", line 188, in wrapper
    result = self._compiled_subprocess.run(
  File "/usr/local/lib/code-server-4.103.2/lib/vscode/extensions/ms-python.python-2025.12.0/python_files/lib/jedilsp/jedi/inference/compiled/subprocess/__init__.py", line 293, in run
    self._send(delete_id, None)
  File "/usr/local/lib/code-server-4.103.2/lib/vscode/extensions/ms-python.python-2025.12.0/python_files/lib/jedilsp/jedi/inference/compiled/subprocess/__init__.py", line 318, in _send
    is_exception, traceback, result = pickle_load(self._get_process().stdout)
  File "/usr/local/lib/code-server-4.103.2/lib/vscode/extensions/ms-python.python-2025.12.0/python_files/lib/jedilsp/jedi/_compatibility.py", line 25, in pickle_load
    return Unpickler(file).load()
_pickle.UnpicklingError: invalid load key, ' '.

2026-08-29 16:00:16.256 [info] [Error - 4:00:16 PM] Request textDocument/codeAction failed.
2026-08-29 16:00:16.267 [info]   Message: _pickle.UnpicklingError: invalid load key, ' '.
  Code: -32603 
[object Object]
2026-08-29 16:00:16.294 [info] semantic_tokens_full file:///voc/work/W3_Learning_Venu/main.py 
2026-08-29 16:00:16.295 [info] ERROR:pygls.protocol.json_rpc:Exception occurred for message "80": _pickle.UnpicklingError: invalid load key, ' '.
NoneType: None

2026-08-29 16:00:16.306 [info] [Error - 4:00:16 PM] Request textDocument/semanticTokens/full failed.
2026-08-29 16:00:16.306 [info]   Message: _pickle.UnpicklingError: invalid load key, ' '.
  Code: -32603 
[object Object]
2026-08-29 16:00:16.358 [info] ERROR:pygls.protocol.json_rpc:Failed to handle request 81 textDocument/documentSymbol DocumentSymbolParams(text_document=TextDocumentIdentifier(uri='file:///voc/work/W3_Learning_Venu/main.py'), work_done_token=None, partial_result_token=None)
Traceback (most recent call last):
  File "/usr/local/lib/code-server-4.103.2/lib/vscode/extensions/ms-python.python-2025.12.0/python_files/lib/jedilsp/pygls/protocol/json_rpc.py", line 266, in _handle_request
    self._execute_request(msg_id, handler, params)
  File "/usr/local/lib/code-server-4.103.2/lib/vscode/extensions/ms-python.python-2025.12.0/python_files/lib/jedilsp/pygls/protocol/json_rpc.py", line 188, in _execute_request
    self._send_response(msg_id, handler(params))
  File "/usr/local/lib/code-server-4.103.2/lib/vscode/extensions/ms-python.python-2025.12.0/python_files/lib/jedilsp/jedi_language_server/server.py", line 546, in document_symbol
    document_symbols = jedi_utils.lsp_document_symbols(names)
  File "/usr/local/lib/code-server-4.103.2/lib/vscode/extensions/ms-python.python-2025.12.0/python_files/lib/jedilsp/jedi_language_server/jedi_utils.py", line 225, in lsp_document_symbols
    symbol_range = _document_symbol_range(name)
  File "/usr/local/lib/code-server-4.103.2/lib/vscode/extensions/ms-python.python-2025.12.0/python_files/lib/jedilsp/jedi_language_server/jedi_utils.py", line 204, in _document_symbol_range
    end = name.get_definition_end_position()
  File "/usr/local/lib/code-server-4.103.2/lib/vscode/extensions/ms-python.python-2025.12.0/python_files/lib/jedilsp/jedi/api/classes.py", line 260, in get_definition_end_position
    if self.type in ("function", "class"):
  File "/usr/local/lib/code-server-4.103.2/lib/vscode/extensions/ms-python.python-2025.12.0/python_files/lib/jedilsp/jedi/api/classes.py", line 190, in type
    for value in self._name.infer():
  File "/usr/local/lib/code-server-4.103.2/lib/vscode/extensions/ms-python.python-2025.12.0/python_files/lib/jedilsp/jedi/inference/names.py", line 281, in infer
    return tree_name_to_values(
  File "/usr/local/lib/code-server-4.103.2/lib/vscode/extensions/ms-python.python-2025.12.0/python_files/lib/jedilsp/jedi/plugins/__init__.py", line 21, in wrapper
    return built_functions[public_name](*args, **kwargs)
  File "/usr/local/lib/code-server-4.103.2/lib/vscode/extensions/ms-python.python-2025.12.0/python_files/lib/jedilsp/jedi/plugins/stdlib.py", line 878, in wrapper
    return func(inference_state, context, tree_name)
  File "/usr/local/lib/code-server-4.103.2/lib/vscode/extensions/ms-python.python-2025.12.0/python_files/lib/jedilsp/jedi/plugins/django.py", line 177, in wrapper
    result = func(inference_state, context, tree_name)
  File "/usr/local/lib/code-server-4.103.2/lib/vscode/extensions/ms-python.python-2025.12.0/python_files/lib/jedilsp/jedi/inference/syntax_tree.py", line 771, in tree_name_to_values
    types = imports.infer_import(context, tree_name)
  File "/usr/local/lib/code-server-4.103.2/lib/vscode/extensions/ms-python.python-2025.12.0/python_files/lib/jedilsp/jedi/inference/cache.py", line 44, in wrapper
    rv = function(obj, *args, **kwargs)
  File "/usr/local/lib/code-server-4.103.2/lib/vscode/extensions/ms-python.python-2025.12.0/python_files/lib/jedilsp/jedi/inference/imports.py", line 53, in infer_import
    _prepare_infer_import(module_context, tree_name)
  File "/usr/local/lib/code-server-4.103.2/lib/vscode/extensions/ms-python.python-2025.12.0/python_files/lib/jedilsp/jedi/inference/imports.py", line 116, in _prepare_infer_import
    return from_import_name, tuple(import_path), import_node.level, importer.follow()
  File "/usr/local/lib/code-server-4.103.2/lib/vscode/extensions/ms-python.python-2025.12.0/python_files/lib/jedilsp/jedi/inference/imports.py", line 296, in follow
    return import_module_by_names(
  File "/usr/local/lib/code-server-4.103.2/lib/vscode/extensions/ms-python.python-2025.12.0/python_files/lib/jedilsp/jedi/inference/imports.py", line 376, in import_module_by_names
    value_set = ValueSet.from_sets([
  File "/usr/local/lib/code-server-4.103.2/lib/vscode/extensions/ms-python.python-2025.12.0/python_files/lib/jedilsp/jedi/inference/imports.py", line 377, in <listcomp>
    import_module(
  File "/usr/local/lib/code-server-4.103.2/lib/vscode/extensions/ms-python.python-2025.12.0/python_files/lib/jedilsp/jedi/plugins/__init__.py", line 21, in wrapper
    return built_functions[public_name](*args, **kwargs)
  File "/usr/local/lib/code-server-4.103.2/lib/vscode/extensions/ms-python.python-2025.12.0/python_files/lib/jedilsp/jedi/plugins/flask.py", line 20, in wrapper
    return callback(inference_state, import_names, module_context, *args, **kwargs)
  File "/usr/local/lib/code-server-4.103.2/lib/vscode/extensions/ms-python.python-2025.12.0/python_files/lib/jedilsp/jedi/inference/gradual/typeshed.py", line 115, in wrapper
    python_value_set = ValueSet.from_sets(
  File "/usr/local/lib/code-server-4.103.2/lib/vscode/extensions/ms-python.python-2025.12.0/python_files/lib/jedilsp/jedi/inference/base_value.py", line 430, in from_sets
    for set_ in sets:
  File "/usr/local/lib/code-server-4.103.2/lib/vscode/extensions/ms-python.python-2025.12.0/python_files/lib/jedilsp/jedi/inference/gradual/typeshed.py", line 116, in <genexpr>
    func(inference_state, import_names, p, sys_path,)
  File "/usr/local/lib/code-server-4.103.2/lib/vscode/extensions/ms-python.python-2025.12.0/python_files/lib/jedilsp/jedi/inference/imports.py", line 411, in import_module
    file_io_or_ns, is_pkg = inference_state.compiled_subprocess.get_module_info(
  File "/usr/local/lib/code-server-4.103.2/lib/vscode/extensions/ms-python.python-2025.12.0/python_files/lib/jedilsp/jedi/inference/compiled/subprocess/__init__.py", line 188, in wrapper
    result = self._compiled_subprocess.run(
  File "/usr/local/lib/code-server-4.103.2/lib/vscode/extensions/ms-python.python-2025.12.0/python_files/lib/jedilsp/jedi/inference/compiled/subprocess/__init__.py", line 293, in run
    self._send(delete_id, None)
  File "/usr/local/lib/code-server-4.103.2/lib/vscode/extensions/ms-python.python-2025.12.0/python_files/lib/jedilsp/jedi/inference/compiled/subprocess/__init__.py", line 318, in _send
    is_exception, traceback, result = pickle_load(self._get_process().stdout)
  File "/usr/local/lib/code-server-4.103.2/lib/vscode/extensions/ms-python.python-2025.12.0/python_files/lib/jedilsp/jedi/_compatibility.py", line 25, in pickle_load
    return Unpickler(file).load()
_pickle.UnpicklingError: invalid load key, ' '.

2026-08-29 16:00:16.358 [info] [Error - 4:00:16 PM] Request textDocument/documentSymbol failed.
2026-08-29 16:00:16.369 [info]   Message: _pickle.UnpicklingError: invalid load key, ' '.
  Code: -32603 
[object Object]
2026-08-29 16:00:16.369 [info] ERROR:pygls.protocol.json_rpc:Failed to handle request 82 textDocument/documentSymbol DocumentSymbolParams(text_document=TextDocumentIdentifier(uri='file:///voc/work/W3_Learning_Venu/main.py'), work_done_token=None, partial_result_token=None)
Traceback (most recent call last):
  File "/usr/local/lib/code-server-4.103.2/lib/vscode/extensions/ms-python.python-2025.12.0/python_files/lib/jedilsp/pygls/protocol/json_rpc.py", line 266, in _handle_request
    self._execute_request(msg_id, handler, params)
  File "/usr/local/lib/code-server-4.103.2/lib/vscode/extensions/ms-python.python-2025.12.0/python_files/lib/jedilsp/pygls/protocol/json_rpc.py", line 188, in _execute_request
    self._send_response(msg_id, handler(params))
  File "/usr/local/lib/code-server-4.103.2/lib/vscode/extensions/ms-python.python-2025.12.0/python_files/lib/jedilsp/jedi_language_server/server.py", line 546, in document_symbol
    document_symbols = jedi_utils.lsp_document_symbols(names)
  File "/usr/local/lib/code-server-4.103.2/lib/vscode/extensions/ms-python.python-2025.12.0/python_files/lib/jedilsp/jedi_language_server/jedi_utils.py", line 225, in lsp_document_symbols
    symbol_range = _document_symbol_range(name)
  File "/usr/local/lib/code-server-4.103.2/lib/vscode/extensions/ms-python.python-2025.12.0/python_files/lib/jedilsp/jedi_language_server/jedi_utils.py", line 204, in _document_symbol_range
    end = name.get_definition_end_position()
  File "/usr/local/lib/code-server-4.103.2/lib/vscode/extensions/ms-python.python-2025.12.0/python_files/lib/jedilsp/jedi/api/classes.py", line 260, in get_definition_end_position
    if self.type in ("function", "class"):
  File "/usr/local/lib/code-server-4.103.2/lib/vscode/extensions/ms-python.python-2025.12.0/python_files/lib/jedilsp/jedi/api/classes.py", line 190, in type
    for value in self._name.infer():
  File "/usr/local/lib/code-server-4.103.2/lib/vscode/extensions/ms-python.python-2025.12.0/python_files/lib/jedilsp/jedi/inference/names.py", line 281, in infer
    return tree_name_to_values(
  File "/usr/local/lib/code-server-4.103.2/lib/vscode/extensions/ms-python.python-2025.12.0/python_files/lib/jedilsp/jedi/plugins/__init__.py", line 21, in wrapper
    return built_functions[public_name](*args, **kwargs)
  File "/usr/local/lib/code-server-4.103.2/lib/vscode/extensions/ms-python.python-2025.12.0/python_files/lib/jedilsp/jedi/plugins/stdlib.py", line 878, in wrapper
    return func(inference_state, context, tree_name)
  File "/usr/local/lib/code-server-4.103.2/lib/vscode/extensions/ms-python.python-2025.12.0/python_files/lib/jedilsp/jedi/plugins/django.py", line 177, in wrapper
    result = func(inference_state, context, tree_name)
  File "/usr/local/lib/code-server-4.103.2/lib/vscode/extensions/ms-python.python-2025.12.0/python_files/lib/jedilsp/jedi/inference/syntax_tree.py", line 771, in tree_name_to_values
    types = imports.infer_import(context, tree_name)
  File "/usr/local/lib/code-server-4.103.2/lib/vscode/extensions/ms-python.python-2025.12.0/python_files/lib/jedilsp/jedi/inference/cache.py", line 44, in wrapper
    rv = function(obj, *args, **kwargs)
  File "/usr/local/lib/code-server-4.103.2/lib/vscode/extensions/ms-python.python-2025.12.0/python_files/lib/jedilsp/jedi/inference/imports.py", line 53, in infer_import
    _prepare_infer_import(module_context, tree_name)
  File "/usr/local/lib/code-server-4.103.2/lib/vscode/extensions/ms-python.python-2025.12.0/python_files/lib/jedilsp/jedi/inference/imports.py", line 116, in _prepare_infer_import
    return from_import_name, tuple(import_path), import_node.level, importer.follow()
  File "/usr/local/lib/code-server-4.103.2/lib/vscode/extensions/ms-python.python-2025.12.0/python_files/lib/jedilsp/jedi/inference/imports.py", line 296, in follow
    return import_module_by_names(
  File "/usr/local/lib/code-server-4.103.2/lib/vscode/extensions/ms-python.python-2025.12.0/python_files/lib/jedilsp/jedi/inference/imports.py", line 376, in import_module_by_names
    value_set = ValueSet.from_sets([
  File "/usr/local/lib/code-server-4.103.2/lib/vscode/extensions/ms-python.python-2025.12.0/python_files/lib/jedilsp/jedi/inference/imports.py", line 377, in <listcomp>
    import_module(
  File "/usr/local/lib/code-server-4.103.2/lib/vscode/extensions/ms-python.python-2025.12.0/python_files/lib/jedilsp/jedi/plugins/__init__.py", line 21, in wrapper
    return built_functions[public_name](*args, **kwargs)
  File "/usr/local/lib/code-server-4.103.2/lib/vscode/extensions/ms-python.python-2025.12.0/python_files/lib/jedilsp/jedi/plugins/flask.py", line 20, in wrapper
    return callback(inference_state, import_names, module_context, *args, **kwargs)
  File "/usr/local/lib/code-server-4.103.2/lib/vscode/extensions/ms-python.python-2025.12.0/python_files/lib/jedilsp/jedi/inference/gradual/typeshed.py", line 115, in wrapper
    python_value_set = ValueSet.from_sets(
  File "/usr/local/lib/code-server-4.103.2/lib/vscode/extensions/ms-python.python-2025.12.0/python_files/lib/jedilsp/jedi/inference/base_value.py", line 430, in from_sets
    for set_ in sets:
  File "/usr/local/lib/code-server-4.103.2/lib/vscode/extensions/ms-python.python-2025.12.0/python_files/lib/jedilsp/jedi/inference/gradual/typeshed.py", line 116, in <genexpr>
    func(inference_state, import_names, p, sys_path,)
  File "/usr/local/lib/code-server-4.103.2/lib/vscode/extensions/ms-python.python-2025.12.0/python_files/lib/jedilsp/jedi/inference/imports.py", line 411, in import_module
    file_io_or_ns, is_pkg = inference_state.compiled_subprocess.get_module_info(
  File "/usr/local/lib/code-server-4.103.2/lib/vscode/extensions/ms-python.python-2025.12.0/python_files/lib/jedilsp/jedi/inference/compiled/subprocess/__init__.py", line 188, in wrapper
    result = self._compiled_subprocess.run(
  File "/usr/local/lib/code-server-4.103.2/lib/vscode/extensions/ms-python.python-2025.12.0/python_files/lib/jedilsp/jedi/inference/compiled/subprocess/__init__.py", line 293, in run
    self._send(delete_id, None)
  File "/usr/local/lib/code-server-4.103.2/lib/vscode/extensions/ms-python.python-2025.12.0/python_files/lib/jedilsp/jedi/inference/compiled/subprocess/__init__.py", line 318, in _send
    is_exception, traceback, result = pickle_load(self._get_process().stdout)
  File "/usr/local/lib/code-server-4.103.2/lib/vscode/extensions/ms-python.python-2025.12.0/python_files/lib/jedilsp/jedi/_compatibility.py", line 25, in pickle_load
    return Unpickler(file).load()
_pickle.UnpicklingError: invalid load key, ' '.

2026-08-29 16:00:16.370 [info] [Error - 4:00:16 PM] Request textDocument/documentSymbol failed.
2026-08-29 16:00:16.370 [info]   Message: _pickle.UnpicklingError: invalid load key, ' '.
  Code: -32603 
[object Object]
2026-08-29 16:00:51.268 [info] ERROR:pygls.protocol.json_rpc:Failed to handle request 86 textDocument/hover HoverParams(text_document=TextDocumentIdentifier(uri='file:///voc/work/W3_Learning_Venu/main.py'), position=9:21, work_done_token=None)
Traceback (most recent call last):
  File "/usr/local/lib/code-server-4.103.2/lib/vscode/extensions/ms-python.python-2025.12.0/python_files/lib/jedilsp/pygls/protocol/json_rpc.py", line 266, in _handle_request
    self._execute_request(msg_id, handler, params)
  File "/usr/local/lib/code-server-4.103.2/lib/vscode/extensions/ms-python.python-2025.12.0/python_files/lib/jedilsp/pygls/protocol/json_rpc.py", line 188, in _execute_request
    self._send_response(msg_id, handler(params))
  File "/usr/local/lib/code-server-4.103.2/lib/vscode/extensions/ms-python.python-2025.12.0/python_files/lib/jedilsp/jedi_language_server/notebook_utils.py", line 373, in wrapped
    result = f(notebook_server, notebook_params)
  File "/usr/local/lib/code-server-4.103.2/lib/vscode/extensions/ms-python.python-2025.12.0/python_files/lib/jedilsp/jedi_language_server/server.py", line 487, in hover
    jedi_script.help(*jedi_lines),
  File "/usr/local/lib/code-server-4.103.2/lib/vscode/extensions/ms-python.python-2025.12.0/python_files/lib/jedilsp/jedi/api/helpers.py", line 487, in wrapper
    return func(self, line, column, *args, **kwargs)
  File "/usr/local/lib/code-server-4.103.2/lib/vscode/extensions/ms-python.python-2025.12.0/python_files/lib/jedilsp/jedi/api/__init__.py", line 372, in help
    definitions = self.goto(line, column, follow_imports=True)
  File "/usr/local/lib/code-server-4.103.2/lib/vscode/extensions/ms-python.python-2025.12.0/python_files/lib/jedilsp/jedi/api/helpers.py", line 487, in wrapper
    return func(self, line, column, *args, **kwargs)
  File "/usr/local/lib/code-server-4.103.2/lib/vscode/extensions/ms-python.python-2025.12.0/python_files/lib/jedilsp/jedi/api/__init__.py", line 300, in goto
    names = list(name.goto())
  File "/usr/local/lib/code-server-4.103.2/lib/vscode/extensions/ms-python.python-2025.12.0/python_files/lib/jedilsp/jedi/inference/names.py", line 157, in goto
    module_names = goto_import(context, name)
  File "/usr/local/lib/code-server-4.103.2/lib/vscode/extensions/ms-python.python-2025.12.0/python_files/lib/jedilsp/jedi/inference/cache.py", line 44, in wrapper
    rv = function(obj, *args, **kwargs)
  File "/usr/local/lib/code-server-4.103.2/lib/vscode/extensions/ms-python.python-2025.12.0/python_files/lib/jedilsp/jedi/inference/imports.py", line 75, in goto_import
    _prepare_infer_import(module_context, tree_name)
  File "/usr/local/lib/code-server-4.103.2/lib/vscode/extensions/ms-python.python-2025.12.0/python_files/lib/jedilsp/jedi/inference/imports.py", line 116, in _prepare_infer_import
    return from_import_name, tuple(import_path), import_node.level, importer.follow()
  File "/usr/local/lib/code-server-4.103.2/lib/vscode/extensions/ms-python.python-2025.12.0/python_files/lib/jedilsp/jedi/inference/imports.py", line 296, in follow
    return import_module_by_names(
  File "/usr/local/lib/code-server-4.103.2/lib/vscode/extensions/ms-python.python-2025.12.0/python_files/lib/jedilsp/jedi/inference/imports.py", line 376, in import_module_by_names
    value_set = ValueSet.from_sets([
  File "/usr/local/lib/code-server-4.103.2/lib/vscode/extensions/ms-python.python-2025.12.0/python_files/lib/jedilsp/jedi/inference/imports.py", line 377, in <listcomp>
    import_module(
  File "/usr/local/lib/code-server-4.103.2/lib/vscode/extensions/ms-python.python-2025.12.0/python_files/lib/jedilsp/jedi/plugins/__init__.py", line 21, in wrapper
    return built_functions[public_name](*args, **kwargs)
  File "/usr/local/lib/code-server-4.103.2/lib/vscode/extensions/ms-python.python-2025.12.0/python_files/lib/jedilsp/jedi/plugins/flask.py", line 20, in wrapper
    return callback(inference_state, import_names, module_context, *args, **kwargs)
  File "/usr/local/lib/code-server-4.103.2/lib/vscode/extensions/ms-python.python-2025.12.0/python_files/lib/jedilsp/jedi/inference/gradual/typeshed.py", line 115, in wrapper
    python_value_set = ValueSet.from_sets(
  File "/usr/local/lib/code-server-4.103.2/lib/vscode/extensions/ms-python.python-2025.12.0/python_files/lib/jedilsp/jedi/inference/base_value.py", line 430, in from_sets
    for set_ in sets:
  File "/usr/local/lib/code-server-4.103.2/lib/vscode/extensions/ms-python.python-2025.12.0/python_files/lib/jedilsp/jedi/inference/gradual/typeshed.py", line 116, in <genexpr>
    func(inference_state, import_names, p, sys_path,)
  File "/usr/local/lib/code-server-4.103.2/lib/vscode/extensions/ms-python.python-2025.12.0/python_files/lib/jedilsp/jedi/inference/imports.py", line 411, in import_module
    file_io_or_ns, is_pkg = inference_state.compiled_subprocess.get_module_info(
  File "/usr/local/lib/code-server-4.103.2/lib/vscode/extensions/ms-python.python-2025.12.0/python_files/lib/jedilsp/jedi/inference/compiled/subprocess/__init__.py", line 188, in wrapper
    result = self._compiled_subprocess.run(
  File "/usr/local/lib/code-server-4.103.2/lib/vscode/extensions/ms-python.python-2025.12.0/python_files/lib/jedilsp/jedi/inference/compiled/subprocess/__init__.py", line 293, in run
    self._send(delete_id, None)
  File "/usr/local/lib/code-server-4.103.2/lib/vscode/extensions/ms-python.python-2025.12.0/python_files/lib/jedilsp/jedi/inference/compiled/subprocess/__init__.py", line 318, in _send
    is_exception, traceback, result = pickle_load(self._get_process().stdout)
  File "/usr/local/lib/code-server-4.103.2/lib/vscode/extensions/ms-python.python-2025.12.0/python_files/lib/jedilsp/jedi/_compatibility.py", line 25, in pickle_load
    return Unpickler(file).load()
_pickle.UnpicklingError: invalid load key, ' '.

2026-08-29 16:00:51.269 [info] [Error - 4:00:51 PM] Request textDocument/hover failed.
2026-08-29 16:00:51.280 [info]   Message: _pickle.UnpicklingError: invalid load key, ' '.
  Code: -32603 
[object Object]
2026-08-29 16:00:56.563 [info] ERROR:pygls.protocol.json_rpc:Failed to handle request 88 textDocument/hover HoverParams(text_document=TextDocumentIdentifier(uri='file:///voc/work/W3_Learning_Venu/main.py'), position=5:11, work_done_token=None)
Traceback (most recent call last):
  File "/usr/local/lib/code-server-4.103.2/lib/vscode/extensions/ms-python.python-2025.12.0/python_files/lib/jedilsp/pygls/protocol/json_rpc.py", line 266, in _handle_request
    self._execute_request(msg_id, handler, params)
  File "/usr/local/lib/code-server-4.103.2/lib/vscode/extensions/ms-python.python-2025.12.0/python_files/lib/jedilsp/pygls/protocol/json_rpc.py", line 188, in _execute_request
    self._send_response(msg_id, handler(params))
  File "/usr/local/lib/code-server-4.103.2/lib/vscode/extensions/ms-python.python-2025.12.0/python_files/lib/jedilsp/jedi_language_server/notebook_utils.py", line 373, in wrapped
    result = f(notebook_server, notebook_params)
  File "/usr/local/lib/code-server-4.103.2/lib/vscode/extensions/ms-python.python-2025.12.0/python_files/lib/jedilsp/jedi_language_server/server.py", line 487, in hover
    jedi_script.help(*jedi_lines),
  File "/usr/local/lib/code-server-4.103.2/lib/vscode/extensions/ms-python.python-2025.12.0/python_files/lib/jedilsp/jedi/api/helpers.py", line 487, in wrapper
    return func(self, line, column, *args, **kwargs)
  File "/usr/local/lib/code-server-4.103.2/lib/vscode/extensions/ms-python.python-2025.12.0/python_files/lib/jedilsp/jedi/api/__init__.py", line 372, in help
    definitions = self.goto(line, column, follow_imports=True)
  File "/usr/local/lib/code-server-4.103.2/lib/vscode/extensions/ms-python.python-2025.12.0/python_files/lib/jedilsp/jedi/api/helpers.py", line 487, in wrapper
    return func(self, line, column, *args, **kwargs)
  File "/usr/local/lib/code-server-4.103.2/lib/vscode/extensions/ms-python.python-2025.12.0/python_files/lib/jedilsp/jedi/api/__init__.py", line 300, in goto
    names = list(name.goto())
  File "/usr/local/lib/code-server-4.103.2/lib/vscode/extensions/ms-python.python-2025.12.0/python_files/lib/jedilsp/jedi/inference/names.py", line 157, in goto
    module_names = goto_import(context, name)
  File "/usr/local/lib/code-server-4.103.2/lib/vscode/extensions/ms-python.python-2025.12.0/python_files/lib/jedilsp/jedi/inference/cache.py", line 44, in wrapper
    rv = function(obj, *args, **kwargs)
  File "/usr/local/lib/code-server-4.103.2/lib/vscode/extensions/ms-python.python-2025.12.0/python_files/lib/jedilsp/jedi/inference/imports.py", line 75, in goto_import
    _prepare_infer_import(module_context, tree_name)
  File "/usr/local/lib/code-server-4.103.2/lib/vscode/extensions/ms-python.python-2025.12.0/python_files/lib/jedilsp/jedi/inference/imports.py", line 116, in _prepare_infer_import
    return from_import_name, tuple(import_path), import_node.level, importer.follow()
  File "/usr/local/lib/code-server-4.103.2/lib/vscode/extensions/ms-python.python-2025.12.0/python_files/lib/jedilsp/jedi/inference/imports.py", line 296, in follow
    return import_module_by_names(
  File "/usr/local/lib/code-server-4.103.2/lib/vscode/extensions/ms-python.python-2025.12.0/python_files/lib/jedilsp/jedi/inference/imports.py", line 376, in import_module_by_names
    value_set = ValueSet.from_sets([
  File "/usr/local/lib/code-server-4.103.2/lib/vscode/extensions/ms-python.python-2025.12.0/python_files/lib/jedilsp/jedi/inference/imports.py", line 377, in <listcomp>
    import_module(
  File "/usr/local/lib/code-server-4.103.2/lib/vscode/extensions/ms-python.python-2025.12.0/python_files/lib/jedilsp/jedi/plugins/__init__.py", line 21, in wrapper
    return built_functions[public_name](*args, **kwargs)
  File "/usr/local/lib/code-server-4.103.2/lib/vscode/extensions/ms-python.python-2025.12.0/python_files/lib/jedilsp/jedi/plugins/flask.py", line 20, in wrapper
    return callback(inference_state, import_names, module_context, *args, **kwargs)
  File "/usr/local/lib/code-server-4.103.2/lib/vscode/extensions/ms-python.python-2025.12.0/python_files/lib/jedilsp/jedi/inference/gradual/typeshed.py", line 115, in wrapper
    python_value_set = ValueSet.from_sets(
  File "/usr/local/lib/code-server-4.103.2/lib/vscode/extensions/ms-python.python-2025.12.0/python_files/lib/jedilsp/jedi/inference/base_value.py", line 430, in from_sets
    for set_ in sets:
  File "/usr/local/lib/code-server-4.103.2/lib/vscode/extensions/ms-python.python-2025.12.0/python_files/lib/jedilsp/jedi/inference/gradual/typeshed.py", line 116, in <genexpr>
    func(inference_state, import_names, p, sys_path,)
  File "/usr/local/lib/code-server-4.103.2/lib/vscode/extensions/ms-python.python-2025.12.0/python_files/lib/jedilsp/jedi/inference/imports.py", line 411, in import_module
    file_io_or_ns, is_pkg = inference_state.compiled_subprocess.get_module_info(
  File "/usr/local/lib/code-server-4.103.2/lib/vscode/extensions/ms-python.python-2025.12.0/python_files/lib/jedilsp/jedi/inference/compiled/subprocess/__init__.py", line 188, in wrapper
    result = self._compiled_subprocess.run(
  File "/usr/local/lib/code-server-4.103.2/lib/vscode/extensions/ms-python.python-2025.12.0/python_files/lib/jedilsp/jedi/inference/compiled/subprocess/__init__.py", line 293, in run
    self._send(delete_id, None)
  File "/usr/local/lib/code-server-4.103.2/lib/vscode/extensions/ms-python.python-2025.12.0/python_files/lib/jedilsp/jedi/inference/compiled/subprocess/__init__.py", line 318, in _send
    is_exception, traceback, result = pickle_load(self._get_process().stdout)
  File "/usr/local/lib/code-server-4.103.2/lib/vscode/extensions/ms-python.python-2025.12.0/python_files/lib/jedilsp/jedi/_compatibility.py", line 25, in pickle_load
    return Unpickler(file).load()
_pickle.UnpicklingError: invalid load key, ' '.

2026-08-29 16:00:56.564 [info] [Error - 4:00:56 PM] Request textDocument/hover failed.
2026-08-29 16:00:56.564 [info]   Message: _pickle.UnpicklingError: invalid load key, ' '.
  Code: -32603 
[object Object]
2026-08-29 16:01:08.915 [info] semantic_tokens_full file:///voc/work/W3_Learning_Venu/test.py 
2026-08-29 16:01:09.121 [info] semantic_tokens_range file:///voc/work/W3_Learning_Venu/test.py 0:0-0:0
2026-08-29 16:01:10.471 [info] ERROR:pygls.protocol.json_rpc:Failed to handle request 93 textDocument/codeAction CodeActionParams(text_document=TextDocumentIdentifier(uri='file:///voc/work/W3_Learning_Venu/test.py'), range=9:63-9:63, context=CodeActionContext(diagnostics=[], only=None, trigger_kind=<CodeActionTriggerKind.Automatic: 2>), work_done_token=None, partial_result_token=None)
Traceback (most recent call last):
  File "/usr/local/lib/code-server-4.103.2/lib/vscode/extensions/ms-python.python-2025.12.0/python_files/lib/jedilsp/pygls/protocol/json_rpc.py", line 266, in _handle_request
    self._execute_request(msg_id, handler, params)
  File "/usr/local/lib/code-server-4.103.2/lib/vscode/extensions/ms-python.python-2025.12.0/python_files/lib/jedilsp/pygls/protocol/json_rpc.py", line 188, in _execute_request
    self._send_response(msg_id, handler(params))
  File "/usr/local/lib/code-server-4.103.2/lib/vscode/extensions/ms-python.python-2025.12.0/python_files/lib/jedilsp/jedi_language_server/notebook_utils.py", line 373, in wrapped
    result = f(notebook_server, notebook_params)
  File "/usr/local/lib/code-server-4.103.2/lib/vscode/extensions/ms-python.python-2025.12.0/python_files/lib/jedilsp/jedi_language_server/server.py", line 671, in code_action
    inline_refactoring = jedi_script.inline(*jedi_lines)
  File "/usr/local/lib/code-server-4.103.2/lib/vscode/extensions/ms-python.python-2025.12.0/python_files/lib/jedilsp/jedi/api/__init__.py", line 697, in inline
    names = [d._name for d in self.get_references(line, column, include_builtins=True)]
  File "/usr/local/lib/code-server-4.103.2/lib/vscode/extensions/ms-python.python-2025.12.0/python_files/lib/jedilsp/jedi/api/helpers.py", line 487, in wrapper
    return func(self, line, column, *args, **kwargs)
  File "/usr/local/lib/code-server-4.103.2/lib/vscode/extensions/ms-python.python-2025.12.0/python_files/lib/jedilsp/jedi/api/__init__.py", line 429, in get_references
    return _references(**kwargs)
  File "/usr/local/lib/code-server-4.103.2/lib/vscode/extensions/ms-python.python-2025.12.0/python_files/lib/jedilsp/jedi/api/__init__.py", line 423, in _references
    names = find_references(self._get_module_context(), tree_name, scope == 'file')
  File "/usr/local/lib/code-server-4.103.2/lib/vscode/extensions/ms-python.python-2025.12.0/python_files/lib/jedilsp/jedi/inference/references.py", line 122, in find_references
    found_names = _find_defining_names(module_context, tree_name)
  File "/usr/local/lib/code-server-4.103.2/lib/vscode/extensions/ms-python.python-2025.12.0/python_files/lib/jedilsp/jedi/inference/references.py", line 53, in _find_defining_names
    found_names = _find_names(module_context, tree_name)
  File "/usr/local/lib/code-server-4.103.2/lib/vscode/extensions/ms-python.python-2025.12.0/python_files/lib/jedilsp/jedi/inference/references.py", line 74, in _find_names
    found_names = set(name.goto())
  File "/usr/local/lib/code-server-4.103.2/lib/vscode/extensions/ms-python.python-2025.12.0/python_files/lib/jedilsp/jedi/inference/names.py", line 157, in goto
    module_names = goto_import(context, name)
  File "/usr/local/lib/code-server-4.103.2/lib/vscode/extensions/ms-python.python-2025.12.0/python_files/lib/jedilsp/jedi/inference/cache.py", line 44, in wrapper
    rv = function(obj, *args, **kwargs)
  File "/usr/local/lib/code-server-4.103.2/lib/vscode/extensions/ms-python.python-2025.12.0/python_files/lib/jedilsp/jedi/inference/imports.py", line 75, in goto_import
    _prepare_infer_import(module_context, tree_name)
  File "/usr/local/lib/code-server-4.103.2/lib/vscode/extensions/ms-python.python-2025.12.0/python_files/lib/jedilsp/jedi/inference/imports.py", line 116, in _prepare_infer_import
    return from_import_name, tuple(import_path), import_node.level, importer.follow()
  File "/usr/local/lib/code-server-4.103.2/lib/vscode/extensions/ms-python.python-2025.12.0/python_files/lib/jedilsp/jedi/inference/imports.py", line 296, in follow
    return import_module_by_names(
  File "/usr/local/lib/code-server-4.103.2/lib/vscode/extensions/ms-python.python-2025.12.0/python_files/lib/jedilsp/jedi/inference/imports.py", line 376, in import_module_by_names
    value_set = ValueSet.from_sets([
  File "/usr/local/lib/code-server-4.103.2/lib/vscode/extensions/ms-python.python-2025.12.0/python_files/lib/jedilsp/jedi/inference/imports.py", line 377, in <listcomp>
    import_module(
  File "/usr/local/lib/code-server-4.103.2/lib/vscode/extensions/ms-python.python-2025.12.0/python_files/lib/jedilsp/jedi/plugins/__init__.py", line 21, in wrapper
    return built_functions[public_name](*args, **kwargs)
  File "/usr/local/lib/code-server-4.103.2/lib/vscode/extensions/ms-python.python-2025.12.0/python_files/lib/jedilsp/jedi/plugins/flask.py", line 20, in wrapper
    return callback(inference_state, import_names, module_context, *args, **kwargs)
  File "/usr/local/lib/code-server-4.103.2/lib/vscode/extensions/ms-python.python-2025.12.0/python_files/lib/jedilsp/jedi/inference/gradual/typeshed.py", line 115, in wrapper
    python_value_set = ValueSet.from_sets(
  File "/usr/local/lib/code-server-4.103.2/lib/vscode/extensions/ms-python.python-2025.12.0/python_files/lib/jedilsp/jedi/inference/base_value.py", line 430, in from_sets
    for set_ in sets:
  File "/usr/local/lib/code-server-4.103.2/lib/vscode/extensions/ms-python.python-2025.12.0/python_files/lib/jedilsp/jedi/inference/gradual/typeshed.py", line 116, in <genexpr>
    func(inference_state, import_names, p, sys_path,)
  File "/usr/local/lib/code-server-4.103.2/lib/vscode/extensions/ms-python.python-2025.12.0/python_files/lib/jedilsp/jedi/inference/imports.py", line 411, in import_module
    file_io_or_ns, is_pkg = inference_state.compiled_subprocess.get_module_info(
  File "/usr/local/lib/code-server-4.103.2/lib/vscode/extensions/ms-python.python-2025.12.0/python_files/lib/jedilsp/jedi/inference/compiled/subprocess/__init__.py", line 188, in wrapper
    result = self._compiled_subprocess.run(
  File "/usr/local/lib/code-server-4.103.2/lib/vscode/extensions/ms-python.python-2025.12.0/python_files/lib/jedilsp/jedi/inference/compiled/subprocess/__init__.py", line 293, in run
    self._send(delete_id, None)
  File "/usr/local/lib/code-server-4.103.2/lib/vscode/extensions/ms-python.python-2025.12.0/python_files/lib/jedilsp/jedi/inference/compiled/subprocess/__init__.py", line 318, in _send
    is_exception, traceback, result = pickle_load(self._get_process().stdout)
  File "/usr/local/lib/code-server-4.103.2/lib/vscode/extensions/ms-python.python-2025.12.0/python_files/lib/jedilsp/jedi/_compatibility.py", line 25, in pickle_load
    return Unpickler(file).load()
_pickle.UnpicklingError: invalid load key, ' '.

2026-08-29 16:01:10.472 [info] [Error - 4:01:10 PM] Request textDocument/codeAction failed.
2026-08-29 16:01:10.485 [info]   Message: _pickle.UnpicklingError: invalid load key, ' '.
  Code: -32603 
[object Object]
2026-08-29 16:01:10.520 [info] semantic_tokens_full file:///voc/work/W3_Learning_Venu/test.py 
2026-08-29 16:01:10.521 [info] ERROR:pygls.protocol.json_rpc:Exception occurred for message "94": _pickle.UnpicklingError: invalid load key, ' '.
NoneType: None

2026-08-29 16:01:10.529 [info] [Error - 4:01:10 PM] Request textDocument/semanticTokens/full failed.
2026-08-29 16:01:10.529 [info]   Message: _pickle.UnpicklingError: invalid load key, ' '.
  Code: -32603 
[object Object]
2026-08-29 16:01:10.557 [info] ERROR:pygls.protocol.json_rpc:Failed to handle request 95 textDocument/documentSymbol DocumentSymbolParams(text_document=TextDocumentIdentifier(uri='file:///voc/work/W3_Learning_Venu/test.py'), work_done_token=None, partial_result_token=None)
Traceback (most recent call last):
  File "/usr/local/lib/code-server-4.103.2/lib/vscode/extensions/ms-python.python-2025.12.0/python_files/lib/jedilsp/pygls/protocol/json_rpc.py", line 266, in _handle_request
    self._execute_request(msg_id, handler, params)
  File "/usr/local/lib/code-server-4.103.2/lib/vscode/extensions/ms-python.python-2025.12.0/python_files/lib/jedilsp/pygls/protocol/json_rpc.py", line 188, in _execute_request
    self._send_response(msg_id, handler(params))
  File "/usr/local/lib/code-server-4.103.2/lib/vscode/extensions/ms-python.python-2025.12.0/python_files/lib/jedilsp/jedi_language_server/server.py", line 546, in document_symbol
    document_symbols = jedi_utils.lsp_document_symbols(names)
  File "/usr/local/lib/code-server-4.103.2/lib/vscode/extensions/ms-python.python-2025.12.0/python_files/lib/jedilsp/jedi_language_server/jedi_utils.py", line 225, in lsp_document_symbols
    symbol_range = _document_symbol_range(name)
  File "/usr/local/lib/code-server-4.103.2/lib/vscode/extensions/ms-python.python-2025.12.0/python_files/lib/jedilsp/jedi_language_server/jedi_utils.py", line 204, in _document_symbol_range
    end = name.get_definition_end_position()
  File "/usr/local/lib/code-server-4.103.2/lib/vscode/extensions/ms-python.python-2025.12.0/python_files/lib/jedilsp/jedi/api/classes.py", line 260, in get_definition_end_position
    if self.type in ("function", "class"):
  File "/usr/local/lib/code-server-4.103.2/lib/vscode/extensions/ms-python.python-2025.12.0/python_files/lib/jedilsp/jedi/api/classes.py", line 190, in type
    for value in self._name.infer():
  File "/usr/local/lib/code-server-4.103.2/lib/vscode/extensions/ms-python.python-2025.12.0/python_files/lib/jedilsp/jedi/inference/names.py", line 281, in infer
    return tree_name_to_values(
  File "/usr/local/lib/code-server-4.103.2/lib/vscode/extensions/ms-python.python-2025.12.0/python_files/lib/jedilsp/jedi/plugins/__init__.py", line 21, in wrapper
    return built_functions[public_name](*args, **kwargs)
  File "/usr/local/lib/code-server-4.103.2/lib/vscode/extensions/ms-python.python-2025.12.0/python_files/lib/jedilsp/jedi/plugins/stdlib.py", line 878, in wrapper
    return func(inference_state, context, tree_name)
  File "/usr/local/lib/code-server-4.103.2/lib/vscode/extensions/ms-python.python-2025.12.0/python_files/lib/jedilsp/jedi/plugins/django.py", line 177, in wrapper
    result = func(inference_state, context, tree_name)
  File "/usr/local/lib/code-server-4.103.2/lib/vscode/extensions/ms-python.python-2025.12.0/python_files/lib/jedilsp/jedi/inference/syntax_tree.py", line 771, in tree_name_to_values
    types = imports.infer_import(context, tree_name)
  File "/usr/local/lib/code-server-4.103.2/lib/vscode/extensions/ms-python.python-2025.12.0/python_files/lib/jedilsp/jedi/inference/cache.py", line 44, in wrapper
    rv = function(obj, *args, **kwargs)
  File "/usr/local/lib/code-server-4.103.2/lib/vscode/extensions/ms-python.python-2025.12.0/python_files/lib/jedilsp/jedi/inference/imports.py", line 53, in infer_import
    _prepare_infer_import(module_context, tree_name)
  File "/usr/local/lib/code-server-4.103.2/lib/vscode/extensions/ms-python.python-2025.12.0/python_files/lib/jedilsp/jedi/inference/imports.py", line 116, in _prepare_infer_import
    return from_import_name, tuple(import_path), import_node.level, importer.follow()
  File "/usr/local/lib/code-server-4.103.2/lib/vscode/extensions/ms-python.python-2025.12.0/python_files/lib/jedilsp/jedi/inference/imports.py", line 296, in follow
    return import_module_by_names(
  File "/usr/local/lib/code-server-4.103.2/lib/vscode/extensions/ms-python.python-2025.12.0/python_files/lib/jedilsp/jedi/inference/imports.py", line 376, in import_module_by_names
    value_set = ValueSet.from_sets([
  File "/usr/local/lib/code-server-4.103.2/lib/vscode/extensions/ms-python.python-2025.12.0/python_files/lib/jedilsp/jedi/inference/imports.py", line 377, in <listcomp>
    import_module(
  File "/usr/local/lib/code-server-4.103.2/lib/vscode/extensions/ms-python.python-2025.12.0/python_files/lib/jedilsp/jedi/plugins/__init__.py", line 21, in wrapper
    return built_functions[public_name](*args, **kwargs)
  File "/usr/local/lib/code-server-4.103.2/lib/vscode/extensions/ms-python.python-2025.12.0/python_files/lib/jedilsp/jedi/plugins/flask.py", line 20, in wrapper
    return callback(inference_state, import_names, module_context, *args, **kwargs)
  File "/usr/local/lib/code-server-4.103.2/lib/vscode/extensions/ms-python.python-2025.12.0/python_files/lib/jedilsp/jedi/inference/gradual/typeshed.py", line 115, in wrapper
    python_value_set = ValueSet.from_sets(
  File "/usr/local/lib/code-server-4.103.2/lib/vscode/extensions/ms-python.python-2025.12.0/python_files/lib/jedilsp/jedi/inference/base_value.py", line 430, in from_sets
    for set_ in sets:
  File "/usr/local/lib/code-server-4.103.2/lib/vscode/extensions/ms-python.python-2025.12.0/python_files/lib/jedilsp/jedi/inference/gradual/typeshed.py", line 116, in <genexpr>
    func(inference_state, import_names, p, sys_path,)
  File "/usr/local/lib/code-server-4.103.2/lib/vscode/extensions/ms-python.python-2025.12.0/python_files/lib/jedilsp/jedi/inference/imports.py", line 411, in import_module
    file_io_or_ns, is_pkg = inference_state.compiled_subprocess.get_module_info(
  File "/usr/local/lib/code-server-4.103.2/lib/vscode/extensions/ms-python.python-2025.12.0/python_files/lib/jedilsp/jedi/inference/compiled/subprocess/__init__.py", line 188, in wrapper
    result = self._compiled_subprocess.run(
  File "/usr/local/lib/code-server-4.103.2/lib/vscode/extensions/ms-python.python-2025.12.0/python_files/lib/jedilsp/jedi/inference/compiled/subprocess/__init__.py", line 293, in run
    self._send(delete_id, None)
  File "/usr/local/lib/code-server-4.103.2/lib/vscode/extensions/ms-python.python-2025.12.0/python_files/lib/jedilsp/jedi/inference/compiled/subprocess/__init__.py", line 318, in _send
    is_exception, traceback, result = pickle_load(self._get_process().stdout)
  File "/usr/local/lib/code-server-4.103.2/lib/vscode/extensions/ms-python.python-2025.12.0/python_files/lib/jedilsp/jedi/_compatibility.py", line 25, in pickle_load
    return Unpickler(file).load()
_pickle.UnpicklingError: invalid load key, ' '.

2026-08-29 16:01:10.557 [info] [Error - 4:01:10 PM] Request textDocument/documentSymbol failed.
2026-08-29 16:01:10.565 [info]   Message: _pickle.UnpicklingError: invalid load key, ' '.
  Code: -32603 
[object Object]
2026-08-29 16:01:10.568 [info] ERROR:pygls.protocol.json_rpc:Failed to handle request 96 textDocument/documentSymbol DocumentSymbolParams(text_document=TextDocumentIdentifier(uri='file:///voc/work/W3_Learning_Venu/test.py'), work_done_token=None, partial_result_token=None)
Traceback (most recent call last):
  File "/usr/local/lib/code-server-4.103.2/lib/vscode/extensions/ms-python.python-2025.12.0/python_files/lib/jedilsp/pygls/protocol/json_rpc.py", line 266, in _handle_request
    self._execute_request(msg_id, handler, params)
  File "/usr/local/lib/code-server-4.103.2/lib/vscode/extensions/ms-python.python-2025.12.0/python_files/lib/jedilsp/pygls/protocol/json_rpc.py", line 188, in _execute_request
    self._send_response(msg_id, handler(params))
  File "/usr/local/lib/code-server-4.103.2/lib/vscode/extensions/ms-python.python-2025.12.0/python_files/lib/jedilsp/jedi_language_server/server.py", line 546, in document_symbol
    document_symbols = jedi_utils.lsp_document_symbols(names)
  File "/usr/local/lib/code-server-4.103.2/lib/vscode/extensions/ms-python.python-2025.12.0/python_files/lib/jedilsp/jedi_language_server/jedi_utils.py", line 225, in lsp_document_symbols
    symbol_range = _document_symbol_range(name)
  File "/usr/local/lib/code-server-4.103.2/lib/vscode/extensions/ms-python.python-2025.12.0/python_files/lib/jedilsp/jedi_language_server/jedi_utils.py", line 204, in _document_symbol_range
    end = name.get_definition_end_position()
  File "/usr/local/lib/code-server-4.103.2/lib/vscode/extensions/ms-python.python-2025.12.0/python_files/lib/jedilsp/jedi/api/classes.py", line 260, in get_definition_end_position
    if self.type in ("function", "class"):
  File "/usr/local/lib/code-server-4.103.2/lib/vscode/extensions/ms-python.python-2025.12.0/python_files/lib/jedilsp/jedi/api/classes.py", line 190, in type
    for value in self._name.infer():
  File "/usr/local/lib/code-server-4.103.2/lib/vscode/extensions/ms-python.python-2025.12.0/python_files/lib/jedilsp/jedi/inference/names.py", line 281, in infer
    return tree_name_to_values(
  File "/usr/local/lib/code-server-4.103.2/lib/vscode/extensions/ms-python.python-2025.12.0/python_files/lib/jedilsp/jedi/plugins/__init__.py", line 21, in wrapper
    return built_functions[public_name](*args, **kwargs)
  File "/usr/local/lib/code-server-4.103.2/lib/vscode/extensions/ms-python.python-2025.12.0/python_files/lib/jedilsp/jedi/plugins/stdlib.py", line 878, in wrapper
    return func(inference_state, context, tree_name)
  File "/usr/local/lib/code-server-4.103.2/lib/vscode/extensions/ms-python.python-2025.12.0/python_files/lib/jedilsp/jedi/plugins/django.py", line 177, in wrapper
    result = func(inference_state, context, tree_name)
  File "/usr/local/lib/code-server-4.103.2/lib/vscode/extensions/ms-python.python-2025.12.0/python_files/lib/jedilsp/jedi/inference/syntax_tree.py", line 771, in tree_name_to_values
    types = imports.infer_import(context, tree_name)
  File "/usr/local/lib/code-server-4.103.2/lib/vscode/extensions/ms-python.python-2025.12.0/python_files/lib/jedilsp/jedi/inference/cache.py", line 44, in wrapper
    rv = function(obj, *args, **kwargs)
  File "/usr/local/lib/code-server-4.103.2/lib/vscode/extensions/ms-python.python-2025.12.0/python_files/lib/jedilsp/jedi/inference/imports.py", line 53, in infer_import
    _prepare_infer_import(module_context, tree_name)
  File "/usr/local/lib/code-server-4.103.2/lib/vscode/extensions/ms-python.python-2025.12.0/python_files/lib/jedilsp/jedi/inference/imports.py", line 116, in _prepare_infer_import
    return from_import_name, tuple(import_path), import_node.level, importer.follow()
  File "/usr/local/lib/code-server-4.103.2/lib/vscode/extensions/ms-python.python-2025.12.0/python_files/lib/jedilsp/jedi/inference/imports.py", line 296, in follow
    return import_module_by_names(
  File "/usr/local/lib/code-server-4.103.2/lib/vscode/extensions/ms-python.python-2025.12.0/python_files/lib/jedilsp/jedi/inference/imports.py", line 376, in import_module_by_names
    value_set = ValueSet.from_sets([
  File "/usr/local/lib/code-server-4.103.2/lib/vscode/extensions/ms-python.python-2025.12.0/python_files/lib/jedilsp/jedi/inference/imports.py", line 377, in <listcomp>
    import_module(
  File "/usr/local/lib/code-server-4.103.2/lib/vscode/extensions/ms-python.python-2025.12.0/python_files/lib/jedilsp/jedi/plugins/__init__.py", line 21, in wrapper
    return built_functions[public_name](*args, **kwargs)
  File "/usr/local/lib/code-server-4.103.2/lib/vscode/extensions/ms-python.python-2025.12.0/python_files/lib/jedilsp/jedi/plugins/flask.py", line 20, in wrapper
    return callback(inference_state, import_names, module_context, *args, **kwargs)
  File "/usr/local/lib/code-server-4.103.2/lib/vscode/extensions/ms-python.python-2025.12.0/python_files/lib/jedilsp/jedi/inference/gradual/typeshed.py", line 115, in wrapper
    python_value_set = ValueSet.from_sets(
  File "/usr/local/lib/code-server-4.103.2/lib/vscode/extensions/ms-python.python-2025.12.0/python_files/lib/jedilsp/jedi/inference/base_value.py", line 430, in from_sets
    for set_ in sets:
  File "/usr/local/lib/code-server-4.103.2/lib/vscode/extensions/ms-python.python-2025.12.0/python_files/lib/jedilsp/jedi/inference/gradual/typeshed.py", line 116, in <genexpr>
    func(inference_state, import_names, p, sys_path,)
  File "/usr/local/lib/code-server-4.103.2/lib/vscode/extensions/ms-python.python-2025.12.0/python_files/lib/jedilsp/jedi/inference/imports.py", line 411, in import_module
    file_io_or_ns, is_pkg = inference_state.compiled_subprocess.get_module_info(
  File "/usr/local/lib/code-server-4.103.2/lib/vscode/extensions/ms-python.python-2025.12.0/python_files/lib/jedilsp/jedi/inference/compiled/subprocess/__init__.py", line 188, in wrapper
    result = self._compiled_subprocess.run(
  File "/usr/local/lib/code-server-4.103.2/lib/vscode/extensions/ms-python.python-2025.12.0/python_files/lib/jedilsp/jedi/inference/compiled/subprocess/__init__.py", line 293, in run
    self._send(delete_id, None)
  File "/usr/local/lib/code-server-4.103.2/lib/vscode/extensions/ms-python.python-2025.12.0/python_files/lib/jedilsp/jedi/inference/compiled/subprocess/__init__.py", line 318, in _send
    is_exception, traceback, result = pickle_load(self._get_process().stdout)
  File "/usr/local/lib/code-server-4.103.2/lib/vscode/extensions/ms-python.python-2025.12.0/python_files/lib/jedilsp/jedi/_compatibility.py", line 25, in pickle_load
    return Unpickler(file).load()
_pickle.UnpicklingError: invalid load key, ' '.

2026-08-29 16:01:10.574 [info] [Error - 4:01:10 PM] Request textDocument/documentSymbol failed.
2026-08-29 16:01:10.574 [info]   Message: _pickle.UnpicklingError: invalid load key, ' '.
  Code: -32603 
[object Object]
2026-08-29 16:01:10.640 [info] ERROR:pygls.protocol.json_rpc:Failed to handle request 97 textDocument/hover HoverParams(text_document=TextDocumentIdentifier(uri='file:///voc/work/W3_Learning_Venu/test.py'), position=4:18, work_done_token=None)
Traceback (most recent call last):
  File "/usr/local/lib/code-server-4.103.2/lib/vscode/extensions/ms-python.python-2025.12.0/python_files/lib/jedilsp/pygls/protocol/json_rpc.py", line 266, in _handle_request
    self._execute_request(msg_id, handler, params)
  File "/usr/local/lib/code-server-4.103.2/lib/vscode/extensions/ms-python.python-2025.12.0/python_files/lib/jedilsp/pygls/protocol/json_rpc.py", line 188, in _execute_request
    self._send_response(msg_id, handler(params))
  File "/usr/local/lib/code-server-4.103.2/lib/vscode/extensions/ms-python.python-2025.12.0/python_files/lib/jedilsp/jedi_language_server/notebook_utils.py", line 373, in wrapped
    result = f(notebook_server, notebook_params)
  File "/usr/local/lib/code-server-4.103.2/lib/vscode/extensions/ms-python.python-2025.12.0/python_files/lib/jedilsp/jedi_language_server/server.py", line 487, in hover
    jedi_script.help(*jedi_lines),
  File "/usr/local/lib/code-server-4.103.2/lib/vscode/extensions/ms-python.python-2025.12.0/python_files/lib/jedilsp/jedi/api/helpers.py", line 487, in wrapper
    return func(self, line, column, *args, **kwargs)
  File "/usr/local/lib/code-server-4.103.2/lib/vscode/extensions/ms-python.python-2025.12.0/python_files/lib/jedilsp/jedi/api/__init__.py", line 372, in help
    definitions = self.goto(line, column, follow_imports=True)
  File "/usr/local/lib/code-server-4.103.2/lib/vscode/extensions/ms-python.python-2025.12.0/python_files/lib/jedilsp/jedi/api/helpers.py", line 487, in wrapper
    return func(self, line, column, *args, **kwargs)
  File "/usr/local/lib/code-server-4.103.2/lib/vscode/extensions/ms-python.python-2025.12.0/python_files/lib/jedilsp/jedi/api/__init__.py", line 300, in goto
    names = list(name.goto())
  File "/usr/local/lib/code-server-4.103.2/lib/vscode/extensions/ms-python.python-2025.12.0/python_files/lib/jedilsp/jedi/inference/names.py", line 157, in goto
    module_names = goto_import(context, name)
  File "/usr/local/lib/code-server-4.103.2/lib/vscode/extensions/ms-python.python-2025.12.0/python_files/lib/jedilsp/jedi/inference/cache.py", line 44, in wrapper
    rv = function(obj, *args, **kwargs)
  File "/usr/local/lib/code-server-4.103.2/lib/vscode/extensions/ms-python.python-2025.12.0/python_files/lib/jedilsp/jedi/inference/imports.py", line 75, in goto_import
    _prepare_infer_import(module_context, tree_name)
  File "/usr/local/lib/code-server-4.103.2/lib/vscode/extensions/ms-python.python-2025.12.0/python_files/lib/jedilsp/jedi/inference/imports.py", line 116, in _prepare_infer_import
    return from_import_name, tuple(import_path), import_node.level, importer.follow()
  File "/usr/local/lib/code-server-4.103.2/lib/vscode/extensions/ms-python.python-2025.12.0/python_files/lib/jedilsp/jedi/inference/imports.py", line 296, in follow
    return import_module_by_names(
  File "/usr/local/lib/code-server-4.103.2/lib/vscode/extensions/ms-python.python-2025.12.0/python_files/lib/jedilsp/jedi/inference/imports.py", line 376, in import_module_by_names
    value_set = ValueSet.from_sets([
  File "/usr/local/lib/code-server-4.103.2/lib/vscode/extensions/ms-python.python-2025.12.0/python_files/lib/jedilsp/jedi/inference/imports.py", line 377, in <listcomp>
    import_module(
  File "/usr/local/lib/code-server-4.103.2/lib/vscode/extensions/ms-python.python-2025.12.0/python_files/lib/jedilsp/jedi/plugins/__init__.py", line 21, in wrapper
    return built_functions[public_name](*args, **kwargs)
  File "/usr/local/lib/code-server-4.103.2/lib/vscode/extensions/ms-python.python-2025.12.0/python_files/lib/jedilsp/jedi/plugins/flask.py", line 20, in wrapper
    return callback(inference_state, import_names, module_context, *args, **kwargs)
  File "/usr/local/lib/code-server-4.103.2/lib/vscode/extensions/ms-python.python-2025.12.0/python_files/lib/jedilsp/jedi/inference/gradual/typeshed.py", line 115, in wrapper
    python_value_set = ValueSet.from_sets(
  File "/usr/local/lib/code-server-4.103.2/lib/vscode/extensions/ms-python.python-2025.12.0/python_files/lib/jedilsp/jedi/inference/base_value.py", line 430, in from_sets
    for set_ in sets:
  File "/usr/local/lib/code-server-4.103.2/lib/vscode/extensions/ms-python.python-2025.12.0/python_files/lib/jedilsp/jedi/inference/gradual/typeshed.py", line 116, in <genexpr>
    func(inference_state, import_names, p, sys_path,)
  File "/usr/local/lib/code-server-4.103.2/lib/vscode/extensions/ms-python.python-2025.12.0/python_files/lib/jedilsp/jedi/inference/imports.py", line 411, in import_module
    file_io_or_ns, is_pkg = inference_state.compiled_subprocess.get_module_info(
  File "/usr/local/lib/code-server-4.103.2/lib/vscode/extensions/ms-python.python-2025.12.0/python_files/lib/jedilsp/jedi/inference/compiled/subprocess/__init__.py", line 188, in wrapper
    result = self._compiled_subprocess.run(
  File "/usr/local/lib/code-server-4.103.2/lib/vscode/extensions/ms-python.python-2025.12.0/python_files/lib/jedilsp/jedi/inference/compiled/subprocess/__init__.py", line 293, in run
    self._send(delete_id, None)
  File "/usr/local/lib/code-server-4.103.2/lib/vscode/extensions/ms-python.python-2025.12.0/python_files/lib/jedilsp/jedi/inference/compiled/subprocess/__init__.py", line 318, in _send
    is_exception, traceback, result = pickle_load(self._get_process().stdout)
  File "/usr/local/lib/code-server-4.103.2/lib/vscode/extensions/ms-python.python-2025.12.0/python_files/lib/jedilsp/jedi/_compatibility.py", line 25, in pickle_load
    return Unpickler(file).load()
_pickle.UnpicklingError: invalid load key, ' '.

2026-08-29 16:01:10.641 [info] [Error - 4:01:10 PM] Request textDocument/hover failed.
2026-08-29 16:01:10.649 [info]   Message: _pickle.UnpicklingError: invalid load key, ' '.
  Code: -32603 
[object Object]
2026-08-29 16:02:22.190 [info] ERROR:pygls.protocol.json_rpc:Failed to handle request 98 textDocument/documentHighlight DocumentHighlightParams(text_document=TextDocumentIdentifier(uri='file:///voc/work/W3_Learning_Venu/test.py'), position=9:63, work_done_token=None, partial_result_token=None)
Traceback (most recent call last):
  File "/usr/local/lib/code-server-4.103.2/lib/vscode/extensions/ms-python.python-2025.12.0/python_files/lib/jedilsp/pygls/protocol/json_rpc.py", line 266, in _handle_request
    self._execute_request(msg_id, handler, params)
  File "/usr/local/lib/code-server-4.103.2/lib/vscode/extensions/ms-python.python-2025.12.0/python_files/lib/jedilsp/pygls/protocol/json_rpc.py", line 188, in _execute_request
    self._send_response(msg_id, handler(params))
  File "/usr/local/lib/code-server-4.103.2/lib/vscode/extensions/ms-python.python-2025.12.0/python_files/lib/jedilsp/jedi_language_server/server.py", line 466, in highlight
    names = jedi_script.get_references(*jedi_lines, scope="file")
  File "/usr/local/lib/code-server-4.103.2/lib/vscode/extensions/ms-python.python-2025.12.0/python_files/lib/jedilsp/jedi/api/helpers.py", line 487, in wrapper
    return func(self, line, column, *args, **kwargs)
  File "/usr/local/lib/code-server-4.103.2/lib/vscode/extensions/ms-python.python-2025.12.0/python_files/lib/jedilsp/jedi/api/__init__.py", line 429, in get_references
    return _references(**kwargs)
  File "/usr/local/lib/code-server-4.103.2/lib/vscode/extensions/ms-python.python-2025.12.0/python_files/lib/jedilsp/jedi/api/__init__.py", line 423, in _references
    names = find_references(self._get_module_context(), tree_name, scope == 'file')
  File "/usr/local/lib/code-server-4.103.2/lib/vscode/extensions/ms-python.python-2025.12.0/python_files/lib/jedilsp/jedi/inference/references.py", line 122, in find_references
    found_names = _find_defining_names(module_context, tree_name)
  File "/usr/local/lib/code-server-4.103.2/lib/vscode/extensions/ms-python.python-2025.12.0/python_files/lib/jedilsp/jedi/inference/references.py", line 53, in _find_defining_names
    found_names = _find_names(module_context, tree_name)
  File "/usr/local/lib/code-server-4.103.2/lib/vscode/extensions/ms-python.python-2025.12.0/python_files/lib/jedilsp/jedi/inference/references.py", line 74, in _find_names
    found_names = set(name.goto())
  File "/usr/local/lib/code-server-4.103.2/lib/vscode/extensions/ms-python.python-2025.12.0/python_files/lib/jedilsp/jedi/inference/names.py", line 157, in goto
    module_names = goto_import(context, name)
  File "/usr/local/lib/code-server-4.103.2/lib/vscode/extensions/ms-python.python-2025.12.0/python_files/lib/jedilsp/jedi/inference/cache.py", line 44, in wrapper
    rv = function(obj, *args, **kwargs)
  File "/usr/local/lib/code-server-4.103.2/lib/vscode/extensions/ms-python.python-2025.12.0/python_files/lib/jedilsp/jedi/inference/imports.py", line 75, in goto_import
    _prepare_infer_import(module_context, tree_name)
  File "/usr/local/lib/code-server-4.103.2/lib/vscode/extensions/ms-python.python-2025.12.0/python_files/lib/jedilsp/jedi/inference/imports.py", line 116, in _prepare_infer_import
    return from_import_name, tuple(import_path), import_node.level, importer.follow()
  File "/usr/local/lib/code-server-4.103.2/lib/vscode/extensions/ms-python.python-2025.12.0/python_files/lib/jedilsp/jedi/inference/imports.py", line 296, in follow
    return import_module_by_names(
  File "/usr/local/lib/code-server-4.103.2/lib/vscode/extensions/ms-python.python-2025.12.0/python_files/lib/jedilsp/jedi/inference/imports.py", line 376, in import_module_by_names
    value_set = ValueSet.from_sets([
  File "/usr/local/lib/code-server-4.103.2/lib/vscode/extensions/ms-python.python-2025.12.0/python_files/lib/jedilsp/jedi/inference/imports.py", line 377, in <listcomp>
    import_module(
  File "/usr/local/lib/code-server-4.103.2/lib/vscode/extensions/ms-python.python-2025.12.0/python_files/lib/jedilsp/jedi/plugins/__init__.py", line 21, in wrapper
    return built_functions[public_name](*args, **kwargs)
  File "/usr/local/lib/code-server-4.103.2/lib/vscode/extensions/ms-python.python-2025.12.0/python_files/lib/jedilsp/jedi/plugins/flask.py", line 20, in wrapper
    return callback(inference_state, import_names, module_context, *args, **kwargs)
  File "/usr/local/lib/code-server-4.103.2/lib/vscode/extensions/ms-python.python-2025.12.0/python_files/lib/jedilsp/jedi/inference/gradual/typeshed.py", line 115, in wrapper
    python_value_set = ValueSet.from_sets(
  File "/usr/local/lib/code-server-4.103.2/lib/vscode/extensions/ms-python.python-2025.12.0/python_files/lib/jedilsp/jedi/inference/base_value.py", line 430, in from_sets
    for set_ in sets:
  File "/usr/local/lib/code-server-4.103.2/lib/vscode/extensions/ms-python.python-2025.12.0/python_files/lib/jedilsp/jedi/inference/gradual/typeshed.py", line 116, in <genexpr>
    func(inference_state, import_names, p, sys_path,)
  File "/usr/local/lib/code-server-4.103.2/lib/vscode/extensions/ms-python.python-2025.12.0/python_files/lib/jedilsp/jedi/inference/imports.py", line 411, in import_module
    file_io_or_ns, is_pkg = inference_state.compiled_subprocess.get_module_info(
  File "/usr/local/lib/code-server-4.103.2/lib/vscode/extensions/ms-python.python-2025.12.0/python_files/lib/jedilsp/jedi/inference/compiled/subprocess/__init__.py", line 188, in wrapper
    result = self._compiled_subprocess.run(
  File "/usr/local/lib/code-server-4.103.2/lib/vscode/extensions/ms-python.python-2025.12.0/python_files/lib/jedilsp/jedi/inference/compiled/subprocess/__init__.py", line 293, in run
    self._send(delete_id, None)
  File "/usr/local/lib/code-server-4.103.2/lib/vscode/extensions/ms-python.python-2025.12.0/python_files/lib/jedilsp/jedi/inference/compiled/subprocess/__init__.py", line 318, in _send
    is_exception, traceback, result = pickle_load(self._get_process().stdout)
  File "/usr/local/lib/code-server-4.103.2/lib/vscode/extensions/ms-python.python-2025.12.0/python_files/lib/jedilsp/jedi/_compatibility.py", line 25, in pickle_load
    return Unpickler(file).load()
_pickle.UnpicklingError: invalid load key, ' '.

2026-08-29 16:02:22.192 [info] [Error - 4:02:22 PM] Request textDocument/documentHighlight failed.
2026-08-29 16:02:22.192 [info]   Message: _pickle.UnpicklingError: invalid load key, ' '.
  Code: -32603 
[object Object]
2026-08-29 16:02:23.838 [info] ERROR:pygls.protocol.json_rpc:Failed to handle request 99 textDocument/documentHighlight DocumentHighlightParams(text_document=TextDocumentIdentifier(uri='file:///voc/work/W3_Learning_Venu/test.py'), position=8:62, work_done_token=None, partial_result_token=None)
Traceback (most recent call last):
  File "/usr/local/lib/code-server-4.103.2/lib/vscode/extensions/ms-python.python-2025.12.0/python_files/lib/jedilsp/pygls/protocol/json_rpc.py", line 266, in _handle_request
    self._execute_request(msg_id, handler, params)
  File "/usr/local/lib/code-server-4.103.2/lib/vscode/extensions/ms-python.python-2025.12.0/python_files/lib/jedilsp/pygls/protocol/json_rpc.py", line 188, in _execute_request
    self._send_response(msg_id, handler(params))
  File "/usr/local/lib/code-server-4.103.2/lib/vscode/extensions/ms-python.python-2025.12.0/python_files/lib/jedilsp/jedi_language_server/server.py", line 466, in highlight
    names = jedi_script.get_references(*jedi_lines, scope="file")
  File "/usr/local/lib/code-server-4.103.2/lib/vscode/extensions/ms-python.python-2025.12.0/python_files/lib/jedilsp/jedi/api/helpers.py", line 487, in wrapper
    return func(self, line, column, *args, **kwargs)
  File "/usr/local/lib/code-server-4.103.2/lib/vscode/extensions/ms-python.python-2025.12.0/python_files/lib/jedilsp/jedi/api/__init__.py", line 429, in get_references
    return _references(**kwargs)
  File "/usr/local/lib/code-server-4.103.2/lib/vscode/extensions/ms-python.python-2025.12.0/python_files/lib/jedilsp/jedi/api/__init__.py", line 423, in _references
    names = find_references(self._get_module_context(), tree_name, scope == 'file')
  File "/usr/local/lib/code-server-4.103.2/lib/vscode/extensions/ms-python.python-2025.12.0/python_files/lib/jedilsp/jedi/inference/references.py", line 122, in find_references
    found_names = _find_defining_names(module_context, tree_name)
  File "/usr/local/lib/code-server-4.103.2/lib/vscode/extensions/ms-python.python-2025.12.0/python_files/lib/jedilsp/jedi/inference/references.py", line 53, in _find_defining_names
    found_names = _find_names(module_context, tree_name)
  File "/usr/local/lib/code-server-4.103.2/lib/vscode/extensions/ms-python.python-2025.12.0/python_files/lib/jedilsp/jedi/inference/references.py", line 74, in _find_names
    found_names = set(name.goto())
  File "/usr/local/lib/code-server-4.103.2/lib/vscode/extensions/ms-python.python-2025.12.0/python_files/lib/jedilsp/jedi/inference/names.py", line 157, in goto
    module_names = goto_import(context, name)
  File "/usr/local/lib/code-server-4.103.2/lib/vscode/extensions/ms-python.python-2025.12.0/python_files/lib/jedilsp/jedi/inference/cache.py", line 44, in wrapper
    rv = function(obj, *args, **kwargs)
  File "/usr/local/lib/code-server-4.103.2/lib/vscode/extensions/ms-python.python-2025.12.0/python_files/lib/jedilsp/jedi/inference/imports.py", line 75, in goto_import
    _prepare_infer_import(module_context, tree_name)
  File "/usr/local/lib/code-server-4.103.2/lib/vscode/extensions/ms-python.python-2025.12.0/python_files/lib/jedilsp/jedi/inference/imports.py", line 116, in _prepare_infer_import
    return from_import_name, tuple(import_path), import_node.level, importer.follow()
  File "/usr/local/lib/code-server-4.103.2/lib/vscode/extensions/ms-python.python-2025.12.0/python_files/lib/jedilsp/jedi/inference/imports.py", line 296, in follow
    return import_module_by_names(
  File "/usr/local/lib/code-server-4.103.2/lib/vscode/extensions/ms-python.python-2025.12.0/python_files/lib/jedilsp/jedi/inference/imports.py", line 376, in import_module_by_names
    value_set = ValueSet.from_sets([
  File "/usr/local/lib/code-server-4.103.2/lib/vscode/extensions/ms-python.python-2025.12.0/python_files/lib/jedilsp/jedi/inference/imports.py", line 377, in <listcomp>
    import_module(
  File "/usr/local/lib/code-server-4.103.2/lib/vscode/extensions/ms-python.python-2025.12.0/python_files/lib/jedilsp/jedi/plugins/__init__.py", line 21, in wrapper
    return built_functions[public_name](*args, **kwargs)
  File "/usr/local/lib/code-server-4.103.2/lib/vscode/extensions/ms-python.python-2025.12.0/python_files/lib/jedilsp/jedi/plugins/flask.py", line 20, in wrapper
    return callback(inference_state, import_names, module_context, *args, **kwargs)
  File "/usr/local/lib/code-server-4.103.2/lib/vscode/extensions/ms-python.python-2025.12.0/python_files/lib/jedilsp/jedi/inference/gradual/typeshed.py", line 115, in wrapper
    python_value_set = ValueSet.from_sets(
  File "/usr/local/lib/code-server-4.103.2/lib/vscode/extensions/ms-python.python-2025.12.0/python_files/lib/jedilsp/jedi/inference/base_value.py", line 430, in from_sets
    for set_ in sets:
  File "/usr/local/lib/code-server-4.103.2/lib/vscode/extensions/ms-python.python-2025.12.0/python_files/lib/jedilsp/jedi/inference/gradual/typeshed.py", line 116, in <genexpr>
    func(inference_state, import_names, p, sys_path,)
  File "/usr/local/lib/code-server-4.103.2/lib/vscode/extensions/ms-python.python-2025.12.0/python_files/lib/jedilsp/jedi/inference/imports.py", line 411, in import_module
    file_io_or_ns, is_pkg = inference_state.compiled_subprocess.get_module_info(
  File "/usr/local/lib/code-server-4.103.2/lib/vscode/extensions/ms-python.python-2025.12.0/python_files/lib/jedilsp/jedi/inference/compiled/subprocess/__init__.py", line 188, in wrapper
    result = self._compiled_subprocess.run(
  File "/usr/local/lib/code-server-4.103.2/lib/vscode/extensions/ms-python.python-2025.12.0/python_files/lib/jedilsp/jedi/inference/compiled/subprocess/__init__.py", line 293, in run
    self._send(delete_id, None)
  File "/usr/local/lib/code-server-4.103.2/lib/vscode/extensions/ms-python.python-2025.12.0/python_files/lib/jedilsp/jedi/inference/compiled/subprocess/__init__.py", line 318, in _send
    is_exception, traceback, result = pickle_load(self._get_process().stdout)
  File "/usr/local/lib/code-server-4.103.2/lib/vscode/extensions/ms-python.python-2025.12.0/python_files/lib/jedilsp/jedi/_compatibility.py", line 25, in pickle_load
    return Unpickler(file).load()
_pickle.UnpicklingError: invalid load key, ' '.

2026-08-29 16:02:23.838 [info] [Error - 4:02:23 PM] Request textDocument/documentHighlight failed.
2026-08-29 16:02:23.848 [info]   Message: _pickle.UnpicklingError: invalid load key, ' '.
  Code: -32603 
[object Object]
2026-08-29 16:02:24.043 [info] ERROR:pygls.protocol.json_rpc:Failed to handle request 100 textDocument/codeAction CodeActionParams(text_document=TextDocumentIdentifier(uri='file:///voc/work/W3_Learning_Venu/test.py'), range=8:62-8:62, context=CodeActionContext(diagnostics=[], only=None, trigger_kind=<CodeActionTriggerKind.Automatic: 2>), work_done_token=None, partial_result_token=None)
Traceback (most recent call last):
  File "/usr/local/lib/code-server-4.103.2/lib/vscode/extensions/ms-python.python-2025.12.0/python_files/lib/jedilsp/pygls/protocol/json_rpc.py", line 266, in _handle_request
    self._execute_request(msg_id, handler, params)
  File "/usr/local/lib/code-server-4.103.2/lib/vscode/extensions/ms-python.python-2025.12.0/python_files/lib/jedilsp/pygls/protocol/json_rpc.py", line 188, in _execute_request
    self._send_response(msg_id, handler(params))
  File "/usr/local/lib/code-server-4.103.2/lib/vscode/extensions/ms-python.python-2025.12.0/python_files/lib/jedilsp/jedi_language_server/notebook_utils.py", line 373, in wrapped
    result = f(notebook_server, notebook_params)
  File "/usr/local/lib/code-server-4.103.2/lib/vscode/extensions/ms-python.python-2025.12.0/python_files/lib/jedilsp/jedi_language_server/server.py", line 671, in code_action
    inline_refactoring = jedi_script.inline(*jedi_lines)
  File "/usr/local/lib/code-server-4.103.2/lib/vscode/extensions/ms-python.python-2025.12.0/python_files/lib/jedilsp/jedi/api/__init__.py", line 697, in inline
    names = [d._name for d in self.get_references(line, column, include_builtins=True)]
  File "/usr/local/lib/code-server-4.103.2/lib/vscode/extensions/ms-python.python-2025.12.0/python_files/lib/jedilsp/jedi/api/helpers.py", line 487, in wrapper
    return func(self, line, column, *args, **kwargs)
  File "/usr/local/lib/code-server-4.103.2/lib/vscode/extensions/ms-python.python-2025.12.0/python_files/lib/jedilsp/jedi/api/__init__.py", line 429, in get_references
    return _references(**kwargs)
  File "/usr/local/lib/code-server-4.103.2/lib/vscode/extensions/ms-python.python-2025.12.0/python_files/lib/jedilsp/jedi/api/__init__.py", line 423, in _references
    names = find_references(self._get_module_context(), tree_name, scope == 'file')
  File "/usr/local/lib/code-server-4.103.2/lib/vscode/extensions/ms-python.python-2025.12.0/python_files/lib/jedilsp/jedi/inference/references.py", line 122, in find_references
    found_names = _find_defining_names(module_context, tree_name)
  File "/usr/local/lib/code-server-4.103.2/lib/vscode/extensions/ms-python.python-2025.12.0/python_files/lib/jedilsp/jedi/inference/references.py", line 53, in _find_defining_names
    found_names = _find_names(module_context, tree_name)
  File "/usr/local/lib/code-server-4.103.2/lib/vscode/extensions/ms-python.python-2025.12.0/python_files/lib/jedilsp/jedi/inference/references.py", line 74, in _find_names
    found_names = set(name.goto())
  File "/usr/local/lib/code-server-4.103.2/lib/vscode/extensions/ms-python.python-2025.12.0/python_files/lib/jedilsp/jedi/inference/names.py", line 157, in goto
    module_names = goto_import(context, name)
  File "/usr/local/lib/code-server-4.103.2/lib/vscode/extensions/ms-python.python-2025.12.0/python_files/lib/jedilsp/jedi/inference/cache.py", line 44, in wrapper
    rv = function(obj, *args, **kwargs)
  File "/usr/local/lib/code-server-4.103.2/lib/vscode/extensions/ms-python.python-2025.12.0/python_files/lib/jedilsp/jedi/inference/imports.py", line 75, in goto_import
    _prepare_infer_import(module_context, tree_name)
  File "/usr/local/lib/code-server-4.103.2/lib/vscode/extensions/ms-python.python-2025.12.0/python_files/lib/jedilsp/jedi/inference/imports.py", line 116, in _prepare_infer_import
    return from_import_name, tuple(import_path), import_node.level, importer.follow()
  File "/usr/local/lib/code-server-4.103.2/lib/vscode/extensions/ms-python.python-2025.12.0/python_files/lib/jedilsp/jedi/inference/imports.py", line 296, in follow
    return import_module_by_names(
  File "/usr/local/lib/code-server-4.103.2/lib/vscode/extensions/ms-python.python-2025.12.0/python_files/lib/jedilsp/jedi/inference/imports.py", line 376, in import_module_by_names
    value_set = ValueSet.from_sets([
  File "/usr/local/lib/code-server-4.103.2/lib/vscode/extensions/ms-python.python-2025.12.0/python_files/lib/jedilsp/jedi/inference/imports.py", line 377, in <listcomp>
    import_module(
  File "/usr/local/lib/code-server-4.103.2/lib/vscode/extensions/ms-python.python-2025.12.0/python_files/lib/jedilsp/jedi/plugins/__init__.py", line 21, in wrapper
    return built_functions[public_name](*args, **kwargs)
  File "/usr/local/lib/code-server-4.103.2/lib/vscode/extensions/ms-python.python-2025.12.0/python_files/lib/jedilsp/jedi/plugins/flask.py", line 20, in wrapper
    return callback(inference_state, import_names, module_context, *args, **kwargs)
  File "/usr/local/lib/code-server-4.103.2/lib/vscode/extensions/ms-python.python-2025.12.0/python_files/lib/jedilsp/jedi/inference/gradual/typeshed.py", line 115, in wrapper
    python_value_set = ValueSet.from_sets(
  File "/usr/local/lib/code-server-4.103.2/lib/vscode/extensions/ms-python.python-2025.12.0/python_files/lib/jedilsp/jedi/inference/base_value.py", line 430, in from_sets
    for set_ in sets:
  File "/usr/local/lib/code-server-4.103.2/lib/vscode/extensions/ms-python.python-2025.12.0/python_files/lib/jedilsp/jedi/inference/gradual/typeshed.py", line 116, in <genexpr>
    func(inference_state, import_names, p, sys_path,)
  File "/usr/local/lib/code-server-4.103.2/lib/vscode/extensions/ms-python.python-2025.12.0/python_files/lib/jedilsp/jedi/inference/imports.py", line 411, in import_module
    file_io_or_ns, is_pkg = inference_state.compiled_subprocess.get_module_info(
  File "/usr/local/lib/code-server-4.103.2/lib/vscode/extensions/ms-python.python-2025.12.0/python_files/lib/jedilsp/jedi/inference/compiled/subprocess/__init__.py", line 188, in wrapper
    result = self._compiled_subprocess.run(
  File "/usr/local/lib/code-server-4.103.2/lib/vscode/extensions/ms-python.python-2025.12.0/python_files/lib/jedilsp/jedi/inference/compiled/subprocess/__init__.py", line 293, in run
    self._send(delete_id, None)
  File "/usr/local/lib/code-server-4.103.2/lib/vscode/extensions/ms-python.python-2025.12.0/python_files/lib/jedilsp/jedi/inference/compiled/subprocess/__init__.py", line 318, in _send
    is_exception, traceback, result = pickle_load(self._get_process().stdout)
  File "/usr/local/lib/code-server-4.103.2/lib/vscode/extensions/ms-python.python-2025.12.0/python_files/lib/jedilsp/jedi/_compatibility.py", line 25, in pickle_load
    return Unpickler(file).load()
_pickle.UnpicklingError: invalid load key, ' '.

2026-08-29 16:02:24.043 [info] [Error - 4:02:24 PM] Request textDocument/codeAction failed.
2026-08-29 16:02:24.052 [info]   Message: _pickle.UnpicklingError: invalid load key, ' '.
  Code: -32603 
[object Object]
2026-08-29 16:02:28.990 [info] semantic_tokens_range file:///voc/work/W3_package/api/main.py 0:0-48:25
2026-08-29 16:02:28.993 [info] ERROR:pygls.protocol.json_rpc:Exception occurred for message "102": _pickle.UnpicklingError: invalid load key, ' '.
NoneType: None

2026-08-29 16:02:29.000 [info] ERROR:pygls.protocol.json_rpc:Failed to handle request 103 textDocument/codeAction CodeActionParams(text_document=TextDocumentIdentifier(uri='file:///voc/work/W3_package/api/main.py'), range=14:0-23:63, context=CodeActionContext(diagnostics=[], only=None, trigger_kind=<CodeActionTriggerKind.Automatic: 2>), work_done_token=None, partial_result_token=None)
Traceback (most recent call last):
  File "/usr/local/lib/code-server-4.103.2/lib/vscode/extensions/ms-python.python-2025.12.0/python_files/lib/jedilsp/pygls/protocol/json_rpc.py", line 266, in _handle_request
    self._execute_request(msg_id, handler, params)
  File "/usr/local/lib/code-server-4.103.2/lib/vscode/extensions/ms-python.python-2025.12.0/python_files/lib/jedilsp/pygls/protocol/json_rpc.py", line 188, in _execute_request
    self._send_response(msg_id, handler(params))
  File "/usr/local/lib/code-server-4.103.2/lib/vscode/extensions/ms-python.python-2025.12.0/python_files/lib/jedilsp/jedi_language_server/notebook_utils.py", line 373, in wrapped
    result = f(notebook_server, notebook_params)
  File "/usr/local/lib/code-server-4.103.2/lib/vscode/extensions/ms-python.python-2025.12.0/python_files/lib/jedilsp/jedi_language_server/server.py", line 717, in code_action
    extract_function_refactoring = jedi_script.extract_function(
  File "/usr/local/lib/code-server-4.103.2/lib/vscode/extensions/ms-python.python-2025.12.0/python_files/lib/jedilsp/jedi/api/helpers.py", line 487, in wrapper
    return func(self, line, column, *args, **kwargs)
  File "/usr/local/lib/code-server-4.103.2/lib/vscode/extensions/ms-python.python-2025.12.0/python_files/lib/jedilsp/jedi/api/__init__.py", line 675, in extract_function
    return extract_function(
  File "/usr/local/lib/code-server-4.103.2/lib/vscode/extensions/ms-python.python-2025.12.0/python_files/lib/jedilsp/jedi/api/refactoring/extract.py", line 216, in extract_function
    params, return_variables = list(_find_inputs_and_outputs(module_context, context, nodes))
  File "/usr/local/lib/code-server-4.103.2/lib/vscode/extensions/ms-python.python-2025.12.0/python_files/lib/jedilsp/jedi/api/refactoring/extract.py", line 332, in _find_inputs_and_outputs
    name_definitions = context.goto(name, name.start_pos)
  File "/usr/local/lib/code-server-4.103.2/lib/vscode/extensions/ms-python.python-2025.12.0/python_files/lib/jedilsp/jedi/inference/context.py", line 34, in goto
    names = finder.filter_name(filters, name_or_str)
  File "/usr/local/lib/code-server-4.103.2/lib/vscode/extensions/ms-python.python-2025.12.0/python_files/lib/jedilsp/jedi/inference/finder.py", line 35, in filter_name
    for filter in filters:
  File "/usr/local/lib/code-server-4.103.2/lib/vscode/extensions/ms-python.python-2025.12.0/python_files/lib/jedilsp/jedi/inference/context.py", line 496, in get_global_filters
    b = next(base_context.inference_state.builtins_module.get_filters(), None)
  File "/usr/local/lib/code-server-4.103.2/lib/vscode/extensions/ms-python.python-2025.12.0/python_files/lib/jedilsp/jedi/inference/cache.py", line 44, in wrapper
    rv = function(obj, *args, **kwargs)
  File "/usr/local/lib/code-server-4.103.2/lib/vscode/extensions/ms-python.python-2025.12.0/python_files/lib/jedilsp/jedi/inference/__init__.py", line 129, in builtins_module
    builtins_module, = self.import_module((module_name,), sys_path=[])
  File "/usr/local/lib/code-server-4.103.2/lib/vscode/extensions/ms-python.python-2025.12.0/python_files/lib/jedilsp/jedi/inference/__init__.py", line 112, in import_module
    return imports.import_module_by_names(
  File "/usr/local/lib/code-server-4.103.2/lib/vscode/extensions/ms-python.python-2025.12.0/python_files/lib/jedilsp/jedi/inference/imports.py", line 376, in import_module_by_names
    value_set = ValueSet.from_sets([
  File "/usr/local/lib/code-server-4.103.2/lib/vscode/extensions/ms-python.python-2025.12.0/python_files/lib/jedilsp/jedi/inference/imports.py", line 377, in <listcomp>
    import_module(
  File "/usr/local/lib/code-server-4.103.2/lib/vscode/extensions/ms-python.python-2025.12.0/python_files/lib/jedilsp/jedi/plugins/__init__.py", line 21, in wrapper
    return built_functions[public_name](*args, **kwargs)
  File "/usr/local/lib/code-server-4.103.2/lib/vscode/extensions/ms-python.python-2025.12.0/python_files/lib/jedilsp/jedi/plugins/flask.py", line 20, in wrapper
    return callback(inference_state, import_names, module_context, *args, **kwargs)
  File "/usr/local/lib/code-server-4.103.2/lib/vscode/extensions/ms-python.python-2025.12.0/python_files/lib/jedilsp/jedi/inference/gradual/typeshed.py", line 115, in wrapper
    python_value_set = ValueSet.from_sets(
  File "/usr/local/lib/code-server-4.103.2/lib/vscode/extensions/ms-python.python-2025.12.0/python_files/lib/jedilsp/jedi/inference/base_value.py", line 430, in from_sets
    for set_ in sets:
  File "/usr/local/lib/code-server-4.103.2/lib/vscode/extensions/ms-python.python-2025.12.0/python_files/lib/jedilsp/jedi/inference/gradual/typeshed.py", line 116, in <genexpr>
    func(inference_state, import_names, p, sys_path,)
  File "/usr/local/lib/code-server-4.103.2/lib/vscode/extensions/ms-python.python-2025.12.0/python_files/lib/jedilsp/jedi/inference/imports.py", line 411, in import_module
    file_io_or_ns, is_pkg = inference_state.compiled_subprocess.get_module_info(
  File "/usr/local/lib/code-server-4.103.2/lib/vscode/extensions/ms-python.python-2025.12.0/python_files/lib/jedilsp/jedi/inference/compiled/subprocess/__init__.py", line 188, in wrapper
    result = self._compiled_subprocess.run(
  File "/usr/local/lib/code-server-4.103.2/lib/vscode/extensions/ms-python.python-2025.12.0/python_files/lib/jedilsp/jedi/inference/compiled/subprocess/__init__.py", line 293, in run
    self._send(delete_id, None)
  File "/usr/local/lib/code-server-4.103.2/lib/vscode/extensions/ms-python.python-2025.12.0/python_files/lib/jedilsp/jedi/inference/compiled/subprocess/__init__.py", line 318, in _send
    is_exception, traceback, result = pickle_load(self._get_process().stdout)
  File "/usr/local/lib/code-server-4.103.2/lib/vscode/extensions/ms-python.python-2025.12.0/python_files/lib/jedilsp/jedi/_compatibility.py", line 25, in pickle_load
    return Unpickler(file).load()
_pickle.UnpicklingError: invalid load key, ' '.

2026-08-29 16:02:29.000 [info] [Error - 4:02:29 PM] Request textDocument/semanticTokens/range failed.
2026-08-29 16:02:29.000 [info]   Message: _pickle.UnpicklingError: invalid load key, ' '.
  Code: -32603 
[object Object]
2026-08-29 16:02:29.000 [info] [Error - 4:02:29 PM] Request textDocument/codeAction failed.
2026-08-29 16:02:29.008 [info]   Message: _pickle.UnpicklingError: invalid load key, ' '.
  Code: -32603 
[object Object]
2026-08-29 16:02:29.021 [info] semantic_tokens_full file:///voc/work/W3_package/api/main.py 
2026-08-29 16:02:29.024 [info] ERROR:pygls.protocol.json_rpc:Exception occurred for message "104": _pickle.UnpicklingError: invalid load key, ' '.
NoneType: None

2026-08-29 16:02:29.033 [info] ERROR:pygls.protocol.json_rpc:Failed to handle request 105 textDocument/documentSymbol DocumentSymbolParams(text_document=TextDocumentIdentifier(uri='file:///voc/work/W3_package/api/main.py'), work_done_token=None, partial_result_token=None)
Traceback (most recent call last):
  File "/usr/local/lib/code-server-4.103.2/lib/vscode/extensions/ms-python.python-2025.12.0/python_files/lib/jedilsp/pygls/protocol/json_rpc.py", line 266, in _handle_request
    self._execute_request(msg_id, handler, params)
  File "/usr/local/lib/code-server-4.103.2/lib/vscode/extensions/ms-python.python-2025.12.0/python_files/lib/jedilsp/pygls/protocol/json_rpc.py", line 188, in _execute_request
    self._send_response(msg_id, handler(params))
  File "/usr/local/lib/code-server-4.103.2/lib/vscode/extensions/ms-python.python-2025.12.0/python_files/lib/jedilsp/jedi_language_server/server.py", line 546, in document_symbol
    document_symbols = jedi_utils.lsp_document_symbols(names)
  File "/usr/local/lib/code-server-4.103.2/lib/vscode/extensions/ms-python.python-2025.12.0/python_files/lib/jedilsp/jedi_language_server/jedi_utils.py", line 225, in lsp_document_symbols
    symbol_range = _document_symbol_range(name)
  File "/usr/local/lib/code-server-4.103.2/lib/vscode/extensions/ms-python.python-2025.12.0/python_files/lib/jedilsp/jedi_language_server/jedi_utils.py", line 204, in _document_symbol_range
    end = name.get_definition_end_position()
  File "/usr/local/lib/code-server-4.103.2/lib/vscode/extensions/ms-python.python-2025.12.0/python_files/lib/jedilsp/jedi/api/classes.py", line 260, in get_definition_end_position
    if self.type in ("function", "class"):
  File "/usr/local/lib/code-server-4.103.2/lib/vscode/extensions/ms-python.python-2025.12.0/python_files/lib/jedilsp/jedi/api/classes.py", line 190, in type
    for value in self._name.infer():
  File "/usr/local/lib/code-server-4.103.2/lib/vscode/extensions/ms-python.python-2025.12.0/python_files/lib/jedilsp/jedi/inference/names.py", line 281, in infer
    return tree_name_to_values(
  File "/usr/local/lib/code-server-4.103.2/lib/vscode/extensions/ms-python.python-2025.12.0/python_files/lib/jedilsp/jedi/plugins/__init__.py", line 21, in wrapper
    return built_functions[public_name](*args, **kwargs)
  File "/usr/local/lib/code-server-4.103.2/lib/vscode/extensions/ms-python.python-2025.12.0/python_files/lib/jedilsp/jedi/plugins/stdlib.py", line 878, in wrapper
    return func(inference_state, context, tree_name)
  File "/usr/local/lib/code-server-4.103.2/lib/vscode/extensions/ms-python.python-2025.12.0/python_files/lib/jedilsp/jedi/plugins/django.py", line 177, in wrapper
    result = func(inference_state, context, tree_name)
  File "/usr/local/lib/code-server-4.103.2/lib/vscode/extensions/ms-python.python-2025.12.0/python_files/lib/jedilsp/jedi/inference/syntax_tree.py", line 771, in tree_name_to_values
    types = imports.infer_import(context, tree_name)
  File "/usr/local/lib/code-server-4.103.2/lib/vscode/extensions/ms-python.python-2025.12.0/python_files/lib/jedilsp/jedi/inference/cache.py", line 44, in wrapper
    rv = function(obj, *args, **kwargs)
  File "/usr/local/lib/code-server-4.103.2/lib/vscode/extensions/ms-python.python-2025.12.0/python_files/lib/jedilsp/jedi/inference/imports.py", line 53, in infer_import
    _prepare_infer_import(module_context, tree_name)
  File "/usr/local/lib/code-server-4.103.2/lib/vscode/extensions/ms-python.python-2025.12.0/python_files/lib/jedilsp/jedi/inference/imports.py", line 116, in _prepare_infer_import
    return from_import_name, tuple(import_path), import_node.level, importer.follow()
  File "/usr/local/lib/code-server-4.103.2/lib/vscode/extensions/ms-python.python-2025.12.0/python_files/lib/jedilsp/jedi/inference/imports.py", line 296, in follow
    return import_module_by_names(
  File "/usr/local/lib/code-server-4.103.2/lib/vscode/extensions/ms-python.python-2025.12.0/python_files/lib/jedilsp/jedi/inference/imports.py", line 376, in import_module_by_names
    value_set = ValueSet.from_sets([
  File "/usr/local/lib/code-server-4.103.2/lib/vscode/extensions/ms-python.python-2025.12.0/python_files/lib/jedilsp/jedi/inference/imports.py", line 377, in <listcomp>
    import_module(
  File "/usr/local/lib/code-server-4.103.2/lib/vscode/extensions/ms-python.python-2025.12.0/python_files/lib/jedilsp/jedi/plugins/__init__.py", line 21, in wrapper
    return built_functions[public_name](*args, **kwargs)
  File "/usr/local/lib/code-server-4.103.2/lib/vscode/extensions/ms-python.python-2025.12.0/python_files/lib/jedilsp/jedi/plugins/flask.py", line 20, in wrapper
    return callback(inference_state, import_names, module_context, *args, **kwargs)
  File "/usr/local/lib/code-server-4.103.2/lib/vscode/extensions/ms-python.python-2025.12.0/python_files/lib/jedilsp/jedi/inference/gradual/typeshed.py", line 115, in wrapper
    python_value_set = ValueSet.from_sets(
  File "/usr/local/lib/code-server-4.103.2/lib/vscode/extensions/ms-python.python-2025.12.0/python_files/lib/jedilsp/jedi/inference/base_value.py", line 430, in from_sets
    for set_ in sets:
  File "/usr/local/lib/code-server-4.103.2/lib/vscode/extensions/ms-python.python-2025.12.0/python_files/lib/jedilsp/jedi/inference/gradual/typeshed.py", line 116, in <genexpr>
    func(inference_state, import_names, p, sys_path,)
  File "/usr/local/lib/code-server-4.103.2/lib/vscode/extensions/ms-python.python-2025.12.0/python_files/lib/jedilsp/jedi/inference/imports.py", line 411, in import_module
    file_io_or_ns, is_pkg = inference_state.compiled_subprocess.get_module_info(
  File "/usr/local/lib/code-server-4.103.2/lib/vscode/extensions/ms-python.python-2025.12.0/python_files/lib/jedilsp/jedi/inference/compiled/subprocess/__init__.py", line 188, in wrapper
    result = self._compiled_subprocess.run(
  File "/usr/local/lib/code-server-4.103.2/lib/vscode/extensions/ms-python.python-2025.12.0/python_files/lib/jedilsp/jedi/inference/compiled/subprocess/__init__.py", line 293, in run
    self._send(delete_id, None)
  File "/usr/local/lib/code-server-4.103.2/lib/vscode/extensions/ms-python.python-2025.12.0/python_files/lib/jedilsp/jedi/inference/compiled/subprocess/__init__.py", line 318, in _send
    is_exception, traceback, result = pickle_load(self._get_process().stdout)
  File "/usr/local/lib/code-server-4.103.2/lib/vscode/extensions/ms-python.python-2025.12.0/python_files/lib/jedilsp/jedi/_compatibility.py", line 25, in pickle_load
    return Unpickler(file).load()
_pickle.UnpicklingError: invalid load key, ' '.

2026-08-29 16:02:29.033 [info] [Error - 4:02:29 PM] Request textDocument/semanticTokens/full failed.
2026-08-29 16:02:29.033 [info]   Message: _pickle.UnpicklingError: invalid load key, ' '.
  Code: -32603 
[object Object]
2026-08-29 16:02:29.034 [info] [Error - 4:02:29 PM] Request textDocument/documentSymbol failed.
2026-08-29 16:02:29.043 [info]   Message: _pickle.UnpicklingError: invalid load key, ' '.
  Code: -32603 
[object Object]
2026-08-29 16:02:31.938 [info] semantic_tokens_range file:///voc/work/W3_package/api/main.py 0:0-53:0
2026-08-29 16:02:31.940 [info] ERROR:pygls.protocol.json_rpc:Exception occurred for message "106": _pickle.UnpicklingError: invalid load key, ' '.
NoneType: None

2026-08-29 16:02:31.947 [info] [Error - 4:02:31 PM] Request textDocument/semanticTokens/range failed.
2026-08-29 16:02:31.947 [info]   Message: _pickle.UnpicklingError: invalid load key, ' '.
  Code: -32603 
[object Object]
2026-08-29 16:02:32.605 [info] semantic_tokens_range file:///voc/work/W3_package/api/main.py 9:0-63:18
2026-08-29 16:02:32.607 [info] ERROR:pygls.protocol.json_rpc:Exception occurred for message "107": _pickle.UnpicklingError: invalid load key, ' '.
NoneType: None

2026-08-29 16:02:32.613 [info] [Error - 4:02:32 PM] Request textDocument/semanticTokens/range failed.
2026-08-29 16:02:32.613 [info]   Message: _pickle.UnpicklingError: invalid load key, ' '.
  Code: -32603 
[object Object]
2026-08-29 16:02:33.134 [info] semantic_tokens_range file:///voc/work/W3_package/api/main.py 15:0-69:0
2026-08-29 16:02:33.136 [info] ERROR:pygls.protocol.json_rpc:Exception occurred for message "108": _pickle.UnpicklingError: invalid load key, ' '.
NoneType: None

2026-08-29 16:02:33.142 [info] [Error - 4:02:33 PM] Request textDocument/semanticTokens/range failed.
2026-08-29 16:02:33.142 [info]   Message: _pickle.UnpicklingError: invalid load key, ' '.
  Code: -32603 
[object Object]
2026-08-29 16:02:35.043 [info] semantic_tokens_range file:///voc/work/W3_package/api/main.py 20:0-74:19
2026-08-29 16:02:35.046 [info] ERROR:pygls.protocol.json_rpc:Exception occurred for message "109": _pickle.UnpicklingError: invalid load key, ' '.
NoneType: None

2026-08-29 16:02:35.052 [info] [Error - 4:02:35 PM] Request textDocument/semanticTokens/range failed.
2026-08-29 16:02:35.052 [info]   Message: _pickle.UnpicklingError: invalid load key, ' '.
  Code: -32603 
[object Object]
2026-08-29 16:02:47.126 [info] semantic_tokens_range file:///voc/work/W3_package/api/main.py 2:0-56:79
2026-08-29 16:02:47.128 [info] ERROR:pygls.protocol.json_rpc:Exception occurred for message "110": _pickle.UnpicklingError: invalid load key, ' '.
NoneType: None

2026-08-29 16:02:47.135 [info] [Error - 4:02:47 PM] Request textDocument/semanticTokens/range failed.
2026-08-29 16:02:47.135 [info]   Message: _pickle.UnpicklingError: invalid load key, ' '.
  Code: -32603 
[object Object]
2026-08-29 16:02:47.656 [info] semantic_tokens_range file:///voc/work/W3_package/api/main.py 0:0-45:0
2026-08-29 16:02:47.660 [info] ERROR:pygls.protocol.json_rpc:Exception occurred for message "111": _pickle.UnpicklingError: invalid load key, ' '.
NoneType: None

2026-08-29 16:02:47.673 [info] [Error - 4:02:47 PM] Request textDocument/semanticTokens/range failed.
2026-08-29 16:02:47.673 [info]   Message: _pickle.UnpicklingError: invalid load key, ' '.
  Code: -32603 
[object Object]
2026-08-29 16:02:48.716 [info] semantic_tokens_range file:///voc/work/W3_package/api/main.py 0:0-48:25
2026-08-29 16:02:48.719 [info] ERROR:pygls.protocol.json_rpc:Exception occurred for message "112": _pickle.UnpicklingError: invalid load key, ' '.
NoneType: None

2026-08-29 16:02:48.725 [info] [Error - 4:02:48 PM] Request textDocument/semanticTokens/range failed.
2026-08-29 16:02:48.725 [info]   Message: _pickle.UnpicklingError: invalid load key, ' '.
  Code: -32603 
[object Object]
2026-08-29 16:02:49.037 [info] ERROR:pygls.protocol.json_rpc:Failed to handle request 113 textDocument/documentHighlight DocumentHighlightParams(text_document=TextDocumentIdentifier(uri='file:///voc/work/W3_package/api/main.py'), position=23:63, work_done_token=None, partial_result_token=None)
Traceback (most recent call last):
  File "/usr/local/lib/code-server-4.103.2/lib/vscode/extensions/ms-python.python-2025.12.0/python_files/lib/jedilsp/pygls/protocol/json_rpc.py", line 266, in _handle_request
    self._execute_request(msg_id, handler, params)
  File "/usr/local/lib/code-server-4.103.2/lib/vscode/extensions/ms-python.python-2025.12.0/python_files/lib/jedilsp/pygls/protocol/json_rpc.py", line 188, in _execute_request
    self._send_response(msg_id, handler(params))
  File "/usr/local/lib/code-server-4.103.2/lib/vscode/extensions/ms-python.python-2025.12.0/python_files/lib/jedilsp/jedi_language_server/server.py", line 466, in highlight
    names = jedi_script.get_references(*jedi_lines, scope="file")
  File "/usr/local/lib/code-server-4.103.2/lib/vscode/extensions/ms-python.python-2025.12.0/python_files/lib/jedilsp/jedi/api/helpers.py", line 487, in wrapper
    return func(self, line, column, *args, **kwargs)
  File "/usr/local/lib/code-server-4.103.2/lib/vscode/extensions/ms-python.python-2025.12.0/python_files/lib/jedilsp/jedi/api/__init__.py", line 429, in get_references
    return _references(**kwargs)
  File "/usr/local/lib/code-server-4.103.2/lib/vscode/extensions/ms-python.python-2025.12.0/python_files/lib/jedilsp/jedi/api/__init__.py", line 423, in _references
    names = find_references(self._get_module_context(), tree_name, scope == 'file')
  File "/usr/local/lib/code-server-4.103.2/lib/vscode/extensions/ms-python.python-2025.12.0/python_files/lib/jedilsp/jedi/inference/references.py", line 122, in find_references
    found_names = _find_defining_names(module_context, tree_name)
  File "/usr/local/lib/code-server-4.103.2/lib/vscode/extensions/ms-python.python-2025.12.0/python_files/lib/jedilsp/jedi/inference/references.py", line 53, in _find_defining_names
    found_names = _find_names(module_context, tree_name)
  File "/usr/local/lib/code-server-4.103.2/lib/vscode/extensions/ms-python.python-2025.12.0/python_files/lib/jedilsp/jedi/inference/references.py", line 74, in _find_names
    found_names = set(name.goto())
  File "/usr/local/lib/code-server-4.103.2/lib/vscode/extensions/ms-python.python-2025.12.0/python_files/lib/jedilsp/jedi/inference/names.py", line 157, in goto
    module_names = goto_import(context, name)
  File "/usr/local/lib/code-server-4.103.2/lib/vscode/extensions/ms-python.python-2025.12.0/python_files/lib/jedilsp/jedi/inference/cache.py", line 44, in wrapper
    rv = function(obj, *args, **kwargs)
  File "/usr/local/lib/code-server-4.103.2/lib/vscode/extensions/ms-python.python-2025.12.0/python_files/lib/jedilsp/jedi/inference/imports.py", line 75, in goto_import
    _prepare_infer_import(module_context, tree_name)
  File "/usr/local/lib/code-server-4.103.2/lib/vscode/extensions/ms-python.python-2025.12.0/python_files/lib/jedilsp/jedi/inference/imports.py", line 116, in _prepare_infer_import
    return from_import_name, tuple(import_path), import_node.level, importer.follow()
  File "/usr/local/lib/code-server-4.103.2/lib/vscode/extensions/ms-python.python-2025.12.0/python_files/lib/jedilsp/jedi/inference/imports.py", line 296, in follow
    return import_module_by_names(
  File "/usr/local/lib/code-server-4.103.2/lib/vscode/extensions/ms-python.python-2025.12.0/python_files/lib/jedilsp/jedi/inference/imports.py", line 376, in import_module_by_names
    value_set = ValueSet.from_sets([
  File "/usr/local/lib/code-server-4.103.2/lib/vscode/extensions/ms-python.python-2025.12.0/python_files/lib/jedilsp/jedi/inference/imports.py", line 377, in <listcomp>
    import_module(
  File "/usr/local/lib/code-server-4.103.2/lib/vscode/extensions/ms-python.python-2025.12.0/python_files/lib/jedilsp/jedi/plugins/__init__.py", line 21, in wrapper
    return built_functions[public_name](*args, **kwargs)
  File "/usr/local/lib/code-server-4.103.2/lib/vscode/extensions/ms-python.python-2025.12.0/python_files/lib/jedilsp/jedi/plugins/flask.py", line 20, in wrapper
    return callback(inference_state, import_names, module_context, *args, **kwargs)
  File "/usr/local/lib/code-server-4.103.2/lib/vscode/extensions/ms-python.python-2025.12.0/python_files/lib/jedilsp/jedi/inference/gradual/typeshed.py", line 115, in wrapper
    python_value_set = ValueSet.from_sets(
  File "/usr/local/lib/code-server-4.103.2/lib/vscode/extensions/ms-python.python-2025.12.0/python_files/lib/jedilsp/jedi/inference/base_value.py", line 430, in from_sets
    for set_ in sets:
  File "/usr/local/lib/code-server-4.103.2/lib/vscode/extensions/ms-python.python-2025.12.0/python_files/lib/jedilsp/jedi/inference/gradual/typeshed.py", line 116, in <genexpr>
    func(inference_state, import_names, p, sys_path,)
  File "/usr/local/lib/code-server-4.103.2/lib/vscode/extensions/ms-python.python-2025.12.0/python_files/lib/jedilsp/jedi/inference/imports.py", line 411, in import_module
    file_io_or_ns, is_pkg = inference_state.compiled_subprocess.get_module_info(
  File "/usr/local/lib/code-server-4.103.2/lib/vscode/extensions/ms-python.python-2025.12.0/python_files/lib/jedilsp/jedi/inference/compiled/subprocess/__init__.py", line 188, in wrapper
    result = self._compiled_subprocess.run(
  File "/usr/local/lib/code-server-4.103.2/lib/vscode/extensions/ms-python.python-2025.12.0/python_files/lib/jedilsp/jedi/inference/compiled/subprocess/__init__.py", line 293, in run
    self._send(delete_id, None)
  File "/usr/local/lib/code-server-4.103.2/lib/vscode/extensions/ms-python.python-2025.12.0/python_files/lib/jedilsp/jedi/inference/compiled/subprocess/__init__.py", line 318, in _send
    is_exception, traceback, result = pickle_load(self._get_process().stdout)
  File "/usr/local/lib/code-server-4.103.2/lib/vscode/extensions/ms-python.python-2025.12.0/python_files/lib/jedilsp/jedi/_compatibility.py", line 25, in pickle_load
    return Unpickler(file).load()
_pickle.UnpicklingError: invalid load key, ' '.

2026-08-29 16:02:49.037 [info] [Error - 4:02:49 PM] Request textDocument/documentHighlight failed.
2026-08-29 16:02:49.051 [info]   Message: _pickle.UnpicklingError: invalid load key, ' '.
  Code: -32603 
[object Object]
2026-08-29 16:02:49.234 [info] ERROR:pygls.protocol.json_rpc:Failed to handle request 114 textDocument/codeAction CodeActionParams(text_document=TextDocumentIdentifier(uri='file:///voc/work/W3_package/api/main.py'), range=23:63-23:63, context=CodeActionContext(diagnostics=[], only=None, trigger_kind=<CodeActionTriggerKind.Automatic: 2>), work_done_token=None, partial_result_token=None)
Traceback (most recent call last):
  File "/usr/local/lib/code-server-4.103.2/lib/vscode/extensions/ms-python.python-2025.12.0/python_files/lib/jedilsp/pygls/protocol/json_rpc.py", line 266, in _handle_request
    self._execute_request(msg_id, handler, params)
  File "/usr/local/lib/code-server-4.103.2/lib/vscode/extensions/ms-python.python-2025.12.0/python_files/lib/jedilsp/pygls/protocol/json_rpc.py", line 188, in _execute_request
    self._send_response(msg_id, handler(params))
  File "/usr/local/lib/code-server-4.103.2/lib/vscode/extensions/ms-python.python-2025.12.0/python_files/lib/jedilsp/jedi_language_server/notebook_utils.py", line 373, in wrapped
    result = f(notebook_server, notebook_params)
  File "/usr/local/lib/code-server-4.103.2/lib/vscode/extensions/ms-python.python-2025.12.0/python_files/lib/jedilsp/jedi_language_server/server.py", line 671, in code_action
    inline_refactoring = jedi_script.inline(*jedi_lines)
  File "/usr/local/lib/code-server-4.103.2/lib/vscode/extensions/ms-python.python-2025.12.0/python_files/lib/jedilsp/jedi/api/__init__.py", line 697, in inline
    names = [d._name for d in self.get_references(line, column, include_builtins=True)]
  File "/usr/local/lib/code-server-4.103.2/lib/vscode/extensions/ms-python.python-2025.12.0/python_files/lib/jedilsp/jedi/api/helpers.py", line 487, in wrapper
    return func(self, line, column, *args, **kwargs)
  File "/usr/local/lib/code-server-4.103.2/lib/vscode/extensions/ms-python.python-2025.12.0/python_files/lib/jedilsp/jedi/api/__init__.py", line 429, in get_references
    return _references(**kwargs)
  File "/usr/local/lib/code-server-4.103.2/lib/vscode/extensions/ms-python.python-2025.12.0/python_files/lib/jedilsp/jedi/api/__init__.py", line 423, in _references
    names = find_references(self._get_module_context(), tree_name, scope == 'file')
  File "/usr/local/lib/code-server-4.103.2/lib/vscode/extensions/ms-python.python-2025.12.0/python_files/lib/jedilsp/jedi/inference/references.py", line 122, in find_references
    found_names = _find_defining_names(module_context, tree_name)
  File "/usr/local/lib/code-server-4.103.2/lib/vscode/extensions/ms-python.python-2025.12.0/python_files/lib/jedilsp/jedi/inference/references.py", line 53, in _find_defining_names
    found_names = _find_names(module_context, tree_name)
  File "/usr/local/lib/code-server-4.103.2/lib/vscode/extensions/ms-python.python-2025.12.0/python_files/lib/jedilsp/jedi/inference/references.py", line 74, in _find_names
    found_names = set(name.goto())
  File "/usr/local/lib/code-server-4.103.2/lib/vscode/extensions/ms-python.python-2025.12.0/python_files/lib/jedilsp/jedi/inference/names.py", line 157, in goto
    module_names = goto_import(context, name)
  File "/usr/local/lib/code-server-4.103.2/lib/vscode/extensions/ms-python.python-2025.12.0/python_files/lib/jedilsp/jedi/inference/cache.py", line 44, in wrapper
    rv = function(obj, *args, **kwargs)
  File "/usr/local/lib/code-server-4.103.2/lib/vscode/extensions/ms-python.python-2025.12.0/python_files/lib/jedilsp/jedi/inference/imports.py", line 75, in goto_import
    _prepare_infer_import(module_context, tree_name)
  File "/usr/local/lib/code-server-4.103.2/lib/vscode/extensions/ms-python.python-2025.12.0/python_files/lib/jedilsp/jedi/inference/imports.py", line 116, in _prepare_infer_import
    return from_import_name, tuple(import_path), import_node.level, importer.follow()
  File "/usr/local/lib/code-server-4.103.2/lib/vscode/extensions/ms-python.python-2025.12.0/python_files/lib/jedilsp/jedi/inference/imports.py", line 296, in follow
    return import_module_by_names(
  File "/usr/local/lib/code-server-4.103.2/lib/vscode/extensions/ms-python.python-2025.12.0/python_files/lib/jedilsp/jedi/inference/imports.py", line 376, in import_module_by_names
    value_set = ValueSet.from_sets([
  File "/usr/local/lib/code-server-4.103.2/lib/vscode/extensions/ms-python.python-2025.12.0/python_files/lib/jedilsp/jedi/inference/imports.py", line 377, in <listcomp>
    import_module(
  File "/usr/local/lib/code-server-4.103.2/lib/vscode/extensions/ms-python.python-2025.12.0/python_files/lib/jedilsp/jedi/plugins/__init__.py", line 21, in wrapper
    return built_functions[public_name](*args, **kwargs)
  File "/usr/local/lib/code-server-4.103.2/lib/vscode/extensions/ms-python.python-2025.12.0/python_files/lib/jedilsp/jedi/plugins/flask.py", line 20, in wrapper
    return callback(inference_state, import_names, module_context, *args, **kwargs)
  File "/usr/local/lib/code-server-4.103.2/lib/vscode/extensions/ms-python.python-2025.12.0/python_files/lib/jedilsp/jedi/inference/gradual/typeshed.py", line 115, in wrapper
    python_value_set = ValueSet.from_sets(
  File "/usr/local/lib/code-server-4.103.2/lib/vscode/extensions/ms-python.python-2025.12.0/python_files/lib/jedilsp/jedi/inference/base_value.py", line 430, in from_sets
    for set_ in sets:
  File "/usr/local/lib/code-server-4.103.2/lib/vscode/extensions/ms-python.python-2025.12.0/python_files/lib/jedilsp/jedi/inference/gradual/typeshed.py", line 116, in <genexpr>
    func(inference_state, import_names, p, sys_path,)
  File "/usr/local/lib/code-server-4.103.2/lib/vscode/extensions/ms-python.python-2025.12.0/python_files/lib/jedilsp/jedi/inference/imports.py", line 411, in import_module
    file_io_or_ns, is_pkg = inference_state.compiled_subprocess.get_module_info(
  File "/usr/local/lib/code-server-4.103.2/lib/vscode/extensions/ms-python.python-2025.12.0/python_files/lib/jedilsp/jedi/inference/compiled/subprocess/__init__.py", line 188, in wrapper
    result = self._compiled_subprocess.run(
  File "/usr/local/lib/code-server-4.103.2/lib/vscode/extensions/ms-python.python-2025.12.0/python_files/lib/jedilsp/jedi/inference/compiled/subprocess/__init__.py", line 293, in run
    self._send(delete_id, None)
  File "/usr/local/lib/code-server-4.103.2/lib/vscode/extensions/ms-python.python-2025.12.0/python_files/lib/jedilsp/jedi/inference/compiled/subprocess/__init__.py", line 318, in _send
    is_exception, traceback, result = pickle_load(self._get_process().stdout)
  File "/usr/local/lib/code-server-4.103.2/lib/vscode/extensions/ms-python.python-2025.12.0/python_files/lib/jedilsp/jedi/_compatibility.py", line 25, in pickle_load
    return Unpickler(file).load()
_pickle.UnpicklingError: invalid load key, ' '.

2026-08-29 16:02:49.235 [info] [Error - 4:02:49 PM] Request textDocument/codeAction failed.
2026-08-29 16:02:49.244 [info]   Message: _pickle.UnpicklingError: invalid load key, ' '.
  Code: -32603 
[object Object]
2026-08-29 16:02:50.726 [info] ERROR:pygls.protocol.json_rpc:Failed to handle request 116 textDocument/codeAction CodeActionParams(text_document=TextDocumentIdentifier(uri='file:///voc/work/W3_package/api/main.py'), range=22:0-22:1, context=CodeActionContext(diagnostics=[], only=None, trigger_kind=<CodeActionTriggerKind.Automatic: 2>), work_done_token=None, partial_result_token=None)
Traceback (most recent call last):
  File "/usr/local/lib/code-server-4.103.2/lib/vscode/extensions/ms-python.python-2025.12.0/python_files/lib/jedilsp/pygls/protocol/json_rpc.py", line 266, in _handle_request
    self._execute_request(msg_id, handler, params)
  File "/usr/local/lib/code-server-4.103.2/lib/vscode/extensions/ms-python.python-2025.12.0/python_files/lib/jedilsp/pygls/protocol/json_rpc.py", line 188, in _execute_request
    self._send_response(msg_id, handler(params))
  File "/usr/local/lib/code-server-4.103.2/lib/vscode/extensions/ms-python.python-2025.12.0/python_files/lib/jedilsp/jedi_language_server/notebook_utils.py", line 373, in wrapped
    result = f(notebook_server, notebook_params)
  File "/usr/local/lib/code-server-4.103.2/lib/vscode/extensions/ms-python.python-2025.12.0/python_files/lib/jedilsp/jedi_language_server/server.py", line 717, in code_action
    extract_function_refactoring = jedi_script.extract_function(
  File "/usr/local/lib/code-server-4.103.2/lib/vscode/extensions/ms-python.python-2025.12.0/python_files/lib/jedilsp/jedi/api/helpers.py", line 487, in wrapper
    return func(self, line, column, *args, **kwargs)
  File "/usr/local/lib/code-server-4.103.2/lib/vscode/extensions/ms-python.python-2025.12.0/python_files/lib/jedilsp/jedi/api/__init__.py", line 675, in extract_function
    return extract_function(
  File "/usr/local/lib/code-server-4.103.2/lib/vscode/extensions/ms-python.python-2025.12.0/python_files/lib/jedilsp/jedi/api/refactoring/extract.py", line 216, in extract_function
    params, return_variables = list(_find_inputs_and_outputs(module_context, context, nodes))
  File "/usr/local/lib/code-server-4.103.2/lib/vscode/extensions/ms-python.python-2025.12.0/python_files/lib/jedilsp/jedi/api/refactoring/extract.py", line 332, in _find_inputs_and_outputs
    name_definitions = context.goto(name, name.start_pos)
  File "/usr/local/lib/code-server-4.103.2/lib/vscode/extensions/ms-python.python-2025.12.0/python_files/lib/jedilsp/jedi/inference/context.py", line 34, in goto
    names = finder.filter_name(filters, name_or_str)
  File "/usr/local/lib/code-server-4.103.2/lib/vscode/extensions/ms-python.python-2025.12.0/python_files/lib/jedilsp/jedi/inference/finder.py", line 35, in filter_name
    for filter in filters:
  File "/usr/local/lib/code-server-4.103.2/lib/vscode/extensions/ms-python.python-2025.12.0/python_files/lib/jedilsp/jedi/inference/context.py", line 496, in get_global_filters
    b = next(base_context.inference_state.builtins_module.get_filters(), None)
  File "/usr/local/lib/code-server-4.103.2/lib/vscode/extensions/ms-python.python-2025.12.0/python_files/lib/jedilsp/jedi/inference/cache.py", line 44, in wrapper
    rv = function(obj, *args, **kwargs)
  File "/usr/local/lib/code-server-4.103.2/lib/vscode/extensions/ms-python.python-2025.12.0/python_files/lib/jedilsp/jedi/inference/__init__.py", line 129, in builtins_module
    builtins_module, = self.import_module((module_name,), sys_path=[])
  File "/usr/local/lib/code-server-4.103.2/lib/vscode/extensions/ms-python.python-2025.12.0/python_files/lib/jedilsp/jedi/inference/__init__.py", line 112, in import_module
    return imports.import_module_by_names(
  File "/usr/local/lib/code-server-4.103.2/lib/vscode/extensions/ms-python.python-2025.12.0/python_files/lib/jedilsp/jedi/inference/imports.py", line 376, in import_module_by_names
    value_set = ValueSet.from_sets([
  File "/usr/local/lib/code-server-4.103.2/lib/vscode/extensions/ms-python.python-2025.12.0/python_files/lib/jedilsp/jedi/inference/imports.py", line 377, in <listcomp>
    import_module(
  File "/usr/local/lib/code-server-4.103.2/lib/vscode/extensions/ms-python.python-2025.12.0/python_files/lib/jedilsp/jedi/plugins/__init__.py", line 21, in wrapper
    return built_functions[public_name](*args, **kwargs)
  File "/usr/local/lib/code-server-4.103.2/lib/vscode/extensions/ms-python.python-2025.12.0/python_files/lib/jedilsp/jedi/plugins/flask.py", line 20, in wrapper
    return callback(inference_state, import_names, module_context, *args, **kwargs)
  File "/usr/local/lib/code-server-4.103.2/lib/vscode/extensions/ms-python.python-2025.12.0/python_files/lib/jedilsp/jedi/inference/gradual/typeshed.py", line 115, in wrapper
    python_value_set = ValueSet.from_sets(
  File "/usr/local/lib/code-server-4.103.2/lib/vscode/extensions/ms-python.python-2025.12.0/python_files/lib/jedilsp/jedi/inference/base_value.py", line 430, in from_sets
    for set_ in sets:
  File "/usr/local/lib/code-server-4.103.2/lib/vscode/extensions/ms-python.python-2025.12.0/python_files/lib/jedilsp/jedi/inference/gradual/typeshed.py", line 116, in <genexpr>
    func(inference_state, import_names, p, sys_path,)
  File "/usr/local/lib/code-server-4.103.2/lib/vscode/extensions/ms-python.python-2025.12.0/python_files/lib/jedilsp/jedi/inference/imports.py", line 411, in import_module
    file_io_or_ns, is_pkg = inference_state.compiled_subprocess.get_module_info(
  File "/usr/local/lib/code-server-4.103.2/lib/vscode/extensions/ms-python.python-2025.12.0/python_files/lib/jedilsp/jedi/inference/compiled/subprocess/__init__.py", line 188, in wrapper
    result = self._compiled_subprocess.run(
  File "/usr/local/lib/code-server-4.103.2/lib/vscode/extensions/ms-python.python-2025.12.0/python_files/lib/jedilsp/jedi/inference/compiled/subprocess/__init__.py", line 293, in run
    self._send(delete_id, None)
  File "/usr/local/lib/code-server-4.103.2/lib/vscode/extensions/ms-python.python-2025.12.0/python_files/lib/jedilsp/jedi/inference/compiled/subprocess/__init__.py", line 318, in _send
    is_exception, traceback, result = pickle_load(self._get_process().stdout)
  File "/usr/local/lib/code-server-4.103.2/lib/vscode/extensions/ms-python.python-2025.12.0/python_files/lib/jedilsp/jedi/_compatibility.py", line 25, in pickle_load
    return Unpickler(file).load()
_pickle.UnpicklingError: invalid load key, ' '.

2026-08-29 16:02:50.727 [info] [Error - 4:02:50 PM] Request textDocument/codeAction failed.
2026-08-29 16:02:50.736 [info]   Message: _pickle.UnpicklingError: invalid load key, ' '.
  Code: -32603 
[object Object]
2026-08-29 16:02:50.933 [info] ERROR:pygls.protocol.json_rpc:Failed to handle request 117 textDocument/hover HoverParams(text_document=TextDocumentIdentifier(uri='file:///voc/work/W3_package/api/main.py'), position=22:1, work_done_token=None)
Traceback (most recent call last):
  File "/usr/local/lib/code-server-4.103.2/lib/vscode/extensions/ms-python.python-2025.12.0/python_files/lib/jedilsp/pygls/protocol/json_rpc.py", line 266, in _handle_request
    self._execute_request(msg_id, handler, params)
  File "/usr/local/lib/code-server-4.103.2/lib/vscode/extensions/ms-python.python-2025.12.0/python_files/lib/jedilsp/pygls/protocol/json_rpc.py", line 188, in _execute_request
    self._send_response(msg_id, handler(params))
  File "/usr/local/lib/code-server-4.103.2/lib/vscode/extensions/ms-python.python-2025.12.0/python_files/lib/jedilsp/jedi_language_server/notebook_utils.py", line 373, in wrapped
    result = f(notebook_server, notebook_params)
  File "/usr/local/lib/code-server-4.103.2/lib/vscode/extensions/ms-python.python-2025.12.0/python_files/lib/jedilsp/jedi_language_server/server.py", line 487, in hover
    jedi_script.help(*jedi_lines),
  File "/usr/local/lib/code-server-4.103.2/lib/vscode/extensions/ms-python.python-2025.12.0/python_files/lib/jedilsp/jedi/api/helpers.py", line 487, in wrapper
    return func(self, line, column, *args, **kwargs)
  File "/usr/local/lib/code-server-4.103.2/lib/vscode/extensions/ms-python.python-2025.12.0/python_files/lib/jedilsp/jedi/api/__init__.py", line 396, in help
    name = KeywordName(self._inference_state, leaf.value)
  File "/usr/local/lib/code-server-4.103.2/lib/vscode/extensions/ms-python.python-2025.12.0/python_files/lib/jedilsp/jedi/inference/names.py", line 103, in __init__
    self.parent_context = inference_state.builtins_module
  File "/usr/local/lib/code-server-4.103.2/lib/vscode/extensions/ms-python.python-2025.12.0/python_files/lib/jedilsp/jedi/inference/cache.py", line 44, in wrapper
    rv = function(obj, *args, **kwargs)
  File "/usr/local/lib/code-server-4.103.2/lib/vscode/extensions/ms-python.python-2025.12.0/python_files/lib/jedilsp/jedi/inference/__init__.py", line 129, in builtins_module
    builtins_module, = self.import_module((module_name,), sys_path=[])
  File "/usr/local/lib/code-server-4.103.2/lib/vscode/extensions/ms-python.python-2025.12.0/python_files/lib/jedilsp/jedi/inference/__init__.py", line 112, in import_module
    return imports.import_module_by_names(
  File "/usr/local/lib/code-server-4.103.2/lib/vscode/extensions/ms-python.python-2025.12.0/python_files/lib/jedilsp/jedi/inference/imports.py", line 376, in import_module_by_names
    value_set = ValueSet.from_sets([
  File "/usr/local/lib/code-server-4.103.2/lib/vscode/extensions/ms-python.python-2025.12.0/python_files/lib/jedilsp/jedi/inference/imports.py", line 377, in <listcomp>
    import_module(
  File "/usr/local/lib/code-server-4.103.2/lib/vscode/extensions/ms-python.python-2025.12.0/python_files/lib/jedilsp/jedi/plugins/__init__.py", line 21, in wrapper
    return built_functions[public_name](*args, **kwargs)
  File "/usr/local/lib/code-server-4.103.2/lib/vscode/extensions/ms-python.python-2025.12.0/python_files/lib/jedilsp/jedi/plugins/flask.py", line 20, in wrapper
    return callback(inference_state, import_names, module_context, *args, **kwargs)
  File "/usr/local/lib/code-server-4.103.2/lib/vscode/extensions/ms-python.python-2025.12.0/python_files/lib/jedilsp/jedi/inference/gradual/typeshed.py", line 115, in wrapper
    python_value_set = ValueSet.from_sets(
  File "/usr/local/lib/code-server-4.103.2/lib/vscode/extensions/ms-python.python-2025.12.0/python_files/lib/jedilsp/jedi/inference/base_value.py", line 430, in from_sets
    for set_ in sets:
  File "/usr/local/lib/code-server-4.103.2/lib/vscode/extensions/ms-python.python-2025.12.0/python_files/lib/jedilsp/jedi/inference/gradual/typeshed.py", line 116, in <genexpr>
    func(inference_state, import_names, p, sys_path,)
  File "/usr/local/lib/code-server-4.103.2/lib/vscode/extensions/ms-python.python-2025.12.0/python_files/lib/jedilsp/jedi/inference/imports.py", line 411, in import_module
    file_io_or_ns, is_pkg = inference_state.compiled_subprocess.get_module_info(
  File "/usr/local/lib/code-server-4.103.2/lib/vscode/extensions/ms-python.python-2025.12.0/python_files/lib/jedilsp/jedi/inference/compiled/subprocess/__init__.py", line 188, in wrapper
    result = self._compiled_subprocess.run(
  File "/usr/local/lib/code-server-4.103.2/lib/vscode/extensions/ms-python.python-2025.12.0/python_files/lib/jedilsp/jedi/inference/compiled/subprocess/__init__.py", line 293, in run
    self._send(delete_id, None)
  File "/usr/local/lib/code-server-4.103.2/lib/vscode/extensions/ms-python.python-2025.12.0/python_files/lib/jedilsp/jedi/inference/compiled/subprocess/__init__.py", line 318, in _send
    is_exception, traceback, result = pickle_load(self._get_process().stdout)
  File "/usr/local/lib/code-server-4.103.2/lib/vscode/extensions/ms-python.python-2025.12.0/python_files/lib/jedilsp/jedi/_compatibility.py", line 25, in pickle_load
    return Unpickler(file).load()
_pickle.UnpicklingError: invalid load key, ' '.

2026-08-29 16:02:50.934 [info] [Error - 4:02:50 PM] Request textDocument/hover failed.
2026-08-29 16:02:50.943 [info]   Message: _pickle.UnpicklingError: invalid load key, ' '.
  Code: -32603 
[object Object]
2026-08-29 16:02:51.306 [info] ERROR:pygls.protocol.json_rpc:Failed to handle request 118 textDocument/hover HoverParams(text_document=TextDocumentIdentifier(uri='file:///voc/work/W3_package/api/main.py'), position=22:1, work_done_token=None)
Traceback (most recent call last):
  File "/usr/local/lib/code-server-4.103.2/lib/vscode/extensions/ms-python.python-2025.12.0/python_files/lib/jedilsp/pygls/protocol/json_rpc.py", line 266, in _handle_request
    self._execute_request(msg_id, handler, params)
  File "/usr/local/lib/code-server-4.103.2/lib/vscode/extensions/ms-python.python-2025.12.0/python_files/lib/jedilsp/pygls/protocol/json_rpc.py", line 188, in _execute_request
    self._send_response(msg_id, handler(params))
  File "/usr/local/lib/code-server-4.103.2/lib/vscode/extensions/ms-python.python-2025.12.0/python_files/lib/jedilsp/jedi_language_server/notebook_utils.py", line 373, in wrapped
    result = f(notebook_server, notebook_params)
  File "/usr/local/lib/code-server-4.103.2/lib/vscode/extensions/ms-python.python-2025.12.0/python_files/lib/jedilsp/jedi_language_server/server.py", line 487, in hover
    jedi_script.help(*jedi_lines),
  File "/usr/local/lib/code-server-4.103.2/lib/vscode/extensions/ms-python.python-2025.12.0/python_files/lib/jedilsp/jedi/api/helpers.py", line 487, in wrapper
    return func(self, line, column, *args, **kwargs)
  File "/usr/local/lib/code-server-4.103.2/lib/vscode/extensions/ms-python.python-2025.12.0/python_files/lib/jedilsp/jedi/api/__init__.py", line 396, in help
    name = KeywordName(self._inference_state, leaf.value)
  File "/usr/local/lib/code-server-4.103.2/lib/vscode/extensions/ms-python.python-2025.12.0/python_files/lib/jedilsp/jedi/inference/names.py", line 103, in __init__
    self.parent_context = inference_state.builtins_module
  File "/usr/local/lib/code-server-4.103.2/lib/vscode/extensions/ms-python.python-2025.12.0/python_files/lib/jedilsp/jedi/inference/cache.py", line 44, in wrapper
    rv = function(obj, *args, **kwargs)
  File "/usr/local/lib/code-server-4.103.2/lib/vscode/extensions/ms-python.python-2025.12.0/python_files/lib/jedilsp/jedi/inference/__init__.py", line 129, in builtins_module
    builtins_module, = self.import_module((module_name,), sys_path=[])
  File "/usr/local/lib/code-server-4.103.2/lib/vscode/extensions/ms-python.python-2025.12.0/python_files/lib/jedilsp/jedi/inference/__init__.py", line 112, in import_module
    return imports.import_module_by_names(
  File "/usr/local/lib/code-server-4.103.2/lib/vscode/extensions/ms-python.python-2025.12.0/python_files/lib/jedilsp/jedi/inference/imports.py", line 376, in import_module_by_names
    value_set = ValueSet.from_sets([
  File "/usr/local/lib/code-server-4.103.2/lib/vscode/extensions/ms-python.python-2025.12.0/python_files/lib/jedilsp/jedi/inference/imports.py", line 377, in <listcomp>
    import_module(
  File "/usr/local/lib/code-server-4.103.2/lib/vscode/extensions/ms-python.python-2025.12.0/python_files/lib/jedilsp/jedi/plugins/__init__.py", line 21, in wrapper
    return built_functions[public_name](*args, **kwargs)
  File "/usr/local/lib/code-server-4.103.2/lib/vscode/extensions/ms-python.python-2025.12.0/python_files/lib/jedilsp/jedi/plugins/flask.py", line 20, in wrapper
    return callback(inference_state, import_names, module_context, *args, **kwargs)
  File "/usr/local/lib/code-server-4.103.2/lib/vscode/extensions/ms-python.python-2025.12.0/python_files/lib/jedilsp/jedi/inference/gradual/typeshed.py", line 115, in wrapper
    python_value_set = ValueSet.from_sets(
  File "/usr/local/lib/code-server-4.103.2/lib/vscode/extensions/ms-python.python-2025.12.0/python_files/lib/jedilsp/jedi/inference/base_value.py", line 430, in from_sets
    for set_ in sets:
  File "/usr/local/lib/code-server-4.103.2/lib/vscode/extensions/ms-python.python-2025.12.0/python_files/lib/jedilsp/jedi/inference/gradual/typeshed.py", line 116, in <genexpr>
    func(inference_state, import_names, p, sys_path,)
  File "/usr/local/lib/code-server-4.103.2/lib/vscode/extensions/ms-python.python-2025.12.0/python_files/lib/jedilsp/jedi/inference/imports.py", line 411, in import_module
    file_io_or_ns, is_pkg = inference_state.compiled_subprocess.get_module_info(
  File "/usr/local/lib/code-server-4.103.2/lib/vscode/extensions/ms-python.python-2025.12.0/python_files/lib/jedilsp/jedi/inference/compiled/subprocess/__init__.py", line 188, in wrapper
    result = self._compiled_subprocess.run(
  File "/usr/local/lib/code-server-4.103.2/lib/vscode/extensions/ms-python.python-2025.12.0/python_files/lib/jedilsp/jedi/inference/compiled/subprocess/__init__.py", line 293, in run
    self._send(delete_id, None)
  File "/usr/local/lib/code-server-4.103.2/lib/vscode/extensions/ms-python.python-2025.12.0/python_files/lib/jedilsp/jedi/inference/compiled/subprocess/__init__.py", line 318, in _send
    is_exception, traceback, result = pickle_load(self._get_process().stdout)
  File "/usr/local/lib/code-server-4.103.2/lib/vscode/extensions/ms-python.python-2025.12.0/python_files/lib/jedilsp/jedi/_compatibility.py", line 25, in pickle_load
    return Unpickler(file).load()
_pickle.UnpicklingError: invalid load key, ' '.

2026-08-29 16:02:51.306 [info] [Error - 4:02:51 PM] Request textDocument/hover failed.
2026-08-29 16:02:51.316 [info]   Message: _pickle.UnpicklingError: invalid load key, ' '.
  Code: -32603 
[object Object]
2026-08-29 16:02:51.944 [info] ERROR:pygls.protocol.json_rpc:Failed to handle request 119 textDocument/codeAction CodeActionParams(text_document=TextDocumentIdentifier(uri='file:///voc/work/W3_package/api/main.py'), range=22:1-22:1, context=CodeActionContext(diagnostics=[], only=None, trigger_kind=<CodeActionTriggerKind.Automatic: 2>), work_done_token=None, partial_result_token=None)
Traceback (most recent call last):
  File "/usr/local/lib/code-server-4.103.2/lib/vscode/extensions/ms-python.python-2025.12.0/python_files/lib/jedilsp/pygls/protocol/json_rpc.py", line 266, in _handle_request
    self._execute_request(msg_id, handler, params)
  File "/usr/local/lib/code-server-4.103.2/lib/vscode/extensions/ms-python.python-2025.12.0/python_files/lib/jedilsp/pygls/protocol/json_rpc.py", line 188, in _execute_request
    self._send_response(msg_id, handler(params))
  File "/usr/local/lib/code-server-4.103.2/lib/vscode/extensions/ms-python.python-2025.12.0/python_files/lib/jedilsp/jedi_language_server/notebook_utils.py", line 373, in wrapped
    result = f(notebook_server, notebook_params)
  File "/usr/local/lib/code-server-4.103.2/lib/vscode/extensions/ms-python.python-2025.12.0/python_files/lib/jedilsp/jedi_language_server/server.py", line 717, in code_action
    extract_function_refactoring = jedi_script.extract_function(
  File "/usr/local/lib/code-server-4.103.2/lib/vscode/extensions/ms-python.python-2025.12.0/python_files/lib/jedilsp/jedi/api/helpers.py", line 487, in wrapper
    return func(self, line, column, *args, **kwargs)
  File "/usr/local/lib/code-server-4.103.2/lib/vscode/extensions/ms-python.python-2025.12.0/python_files/lib/jedilsp/jedi/api/__init__.py", line 675, in extract_function
    return extract_function(
  File "/usr/local/lib/code-server-4.103.2/lib/vscode/extensions/ms-python.python-2025.12.0/python_files/lib/jedilsp/jedi/api/refactoring/extract.py", line 216, in extract_function
    params, return_variables = list(_find_inputs_and_outputs(module_context, context, nodes))
  File "/usr/local/lib/code-server-4.103.2/lib/vscode/extensions/ms-python.python-2025.12.0/python_files/lib/jedilsp/jedi/api/refactoring/extract.py", line 332, in _find_inputs_and_outputs
    name_definitions = context.goto(name, name.start_pos)
  File "/usr/local/lib/code-server-4.103.2/lib/vscode/extensions/ms-python.python-2025.12.0/python_files/lib/jedilsp/jedi/inference/context.py", line 34, in goto
    names = finder.filter_name(filters, name_or_str)
  File "/usr/local/lib/code-server-4.103.2/lib/vscode/extensions/ms-python.python-2025.12.0/python_files/lib/jedilsp/jedi/inference/finder.py", line 35, in filter_name
    for filter in filters:
  File "/usr/local/lib/code-server-4.103.2/lib/vscode/extensions/ms-python.python-2025.12.0/python_files/lib/jedilsp/jedi/inference/context.py", line 496, in get_global_filters
    b = next(base_context.inference_state.builtins_module.get_filters(), None)
  File "/usr/local/lib/code-server-4.103.2/lib/vscode/extensions/ms-python.python-2025.12.0/python_files/lib/jedilsp/jedi/inference/cache.py", line 44, in wrapper
    rv = function(obj, *args, **kwargs)
  File "/usr/local/lib/code-server-4.103.2/lib/vscode/extensions/ms-python.python-2025.12.0/python_files/lib/jedilsp/jedi/inference/__init__.py", line 129, in builtins_module
    builtins_module, = self.import_module((module_name,), sys_path=[])
  File "/usr/local/lib/code-server-4.103.2/lib/vscode/extensions/ms-python.python-2025.12.0/python_files/lib/jedilsp/jedi/inference/__init__.py", line 112, in import_module
    return imports.import_module_by_names(
  File "/usr/local/lib/code-server-4.103.2/lib/vscode/extensions/ms-python.python-2025.12.0/python_files/lib/jedilsp/jedi/inference/imports.py", line 376, in import_module_by_names
    value_set = ValueSet.from_sets([
  File "/usr/local/lib/code-server-4.103.2/lib/vscode/extensions/ms-python.python-2025.12.0/python_files/lib/jedilsp/jedi/inference/imports.py", line 377, in <listcomp>
    import_module(
  File "/usr/local/lib/code-server-4.103.2/lib/vscode/extensions/ms-python.python-2025.12.0/python_files/lib/jedilsp/jedi/plugins/__init__.py", line 21, in wrapper
    return built_functions[public_name](*args, **kwargs)
  File "/usr/local/lib/code-server-4.103.2/lib/vscode/extensions/ms-python.python-2025.12.0/python_files/lib/jedilsp/jedi/plugins/flask.py", line 20, in wrapper
    return callback(inference_state, import_names, module_context, *args, **kwargs)
  File "/usr/local/lib/code-server-4.103.2/lib/vscode/extensions/ms-python.python-2025.12.0/python_files/lib/jedilsp/jedi/inference/gradual/typeshed.py", line 115, in wrapper
    python_value_set = ValueSet.from_sets(
  File "/usr/local/lib/code-server-4.103.2/lib/vscode/extensions/ms-python.python-2025.12.0/python_files/lib/jedilsp/jedi/inference/base_value.py", line 430, in from_sets
    for set_ in sets:
  File "/usr/local/lib/code-server-4.103.2/lib/vscode/extensions/ms-python.python-2025.12.0/python_files/lib/jedilsp/jedi/inference/gradual/typeshed.py", line 116, in <genexpr>
    func(inference_state, import_names, p, sys_path,)
  File "/usr/local/lib/code-server-4.103.2/lib/vscode/extensions/ms-python.python-2025.12.0/python_files/lib/jedilsp/jedi/inference/imports.py", line 411, in import_module
    file_io_or_ns, is_pkg = inference_state.compiled_subprocess.get_module_info(
  File "/usr/local/lib/code-server-4.103.2/lib/vscode/extensions/ms-python.python-2025.12.0/python_files/lib/jedilsp/jedi/inference/compiled/subprocess/__init__.py", line 188, in wrapper
    result = self._compiled_subprocess.run(
  File "/usr/local/lib/code-server-4.103.2/lib/vscode/extensions/ms-python.python-2025.12.0/python_files/lib/jedilsp/jedi/inference/compiled/subprocess/__init__.py", line 293, in run
    self._send(delete_id, None)
  File "/usr/local/lib/code-server-4.103.2/lib/vscode/extensions/ms-python.python-2025.12.0/python_files/lib/jedilsp/jedi/inference/compiled/subprocess/__init__.py", line 318, in _send
    is_exception, traceback, result = pickle_load(self._get_process().stdout)
  File "/usr/local/lib/code-server-4.103.2/lib/vscode/extensions/ms-python.python-2025.12.0/python_files/lib/jedilsp/jedi/_compatibility.py", line 25, in pickle_load
    return Unpickler(file).load()
_pickle.UnpicklingError: invalid load key, ' '.

2026-08-29 16:02:51.944 [info] [Error - 4:02:51 PM] Request textDocument/codeAction failed.
2026-08-29 16:02:51.953 [info]   Message: _pickle.UnpicklingError: invalid load key, ' '.
  Code: -32603 
[object Object]
2026-08-29 16:02:52.919 [info] ERROR:pygls.protocol.json_rpc:Failed to handle request 120 textDocument/codeAction CodeActionParams(text_document=TextDocumentIdentifier(uri='file:///voc/work/W3_package/api/main.py'), range=22:0-22:0, context=CodeActionContext(diagnostics=[], only=None, trigger_kind=<CodeActionTriggerKind.Automatic: 2>), work_done_token=None, partial_result_token=None)
Traceback (most recent call last):
  File "/usr/local/lib/code-server-4.103.2/lib/vscode/extensions/ms-python.python-2025.12.0/python_files/lib/jedilsp/pygls/protocol/json_rpc.py", line 266, in _handle_request
    self._execute_request(msg_id, handler, params)
  File "/usr/local/lib/code-server-4.103.2/lib/vscode/extensions/ms-python.python-2025.12.0/python_files/lib/jedilsp/pygls/protocol/json_rpc.py", line 188, in _execute_request
    self._send_response(msg_id, handler(params))
  File "/usr/local/lib/code-server-4.103.2/lib/vscode/extensions/ms-python.python-2025.12.0/python_files/lib/jedilsp/jedi_language_server/notebook_utils.py", line 373, in wrapped
    result = f(notebook_server, notebook_params)
  File "/usr/local/lib/code-server-4.103.2/lib/vscode/extensions/ms-python.python-2025.12.0/python_files/lib/jedilsp/jedi_language_server/server.py", line 717, in code_action
    extract_function_refactoring = jedi_script.extract_function(
  File "/usr/local/lib/code-server-4.103.2/lib/vscode/extensions/ms-python.python-2025.12.0/python_files/lib/jedilsp/jedi/api/helpers.py", line 487, in wrapper
    return func(self, line, column, *args, **kwargs)
  File "/usr/local/lib/code-server-4.103.2/lib/vscode/extensions/ms-python.python-2025.12.0/python_files/lib/jedilsp/jedi/api/__init__.py", line 675, in extract_function
    return extract_function(
  File "/usr/local/lib/code-server-4.103.2/lib/vscode/extensions/ms-python.python-2025.12.0/python_files/lib/jedilsp/jedi/api/refactoring/extract.py", line 216, in extract_function
    params, return_variables = list(_find_inputs_and_outputs(module_context, context, nodes))
  File "/usr/local/lib/code-server-4.103.2/lib/vscode/extensions/ms-python.python-2025.12.0/python_files/lib/jedilsp/jedi/api/refactoring/extract.py", line 332, in _find_inputs_and_outputs
    name_definitions = context.goto(name, name.start_pos)
  File "/usr/local/lib/code-server-4.103.2/lib/vscode/extensions/ms-python.python-2025.12.0/python_files/lib/jedilsp/jedi/inference/context.py", line 34, in goto
    names = finder.filter_name(filters, name_or_str)
  File "/usr/local/lib/code-server-4.103.2/lib/vscode/extensions/ms-python.python-2025.12.0/python_files/lib/jedilsp/jedi/inference/finder.py", line 35, in filter_name
    for filter in filters:
  File "/usr/local/lib/code-server-4.103.2/lib/vscode/extensions/ms-python.python-2025.12.0/python_files/lib/jedilsp/jedi/inference/context.py", line 496, in get_global_filters
    b = next(base_context.inference_state.builtins_module.get_filters(), None)
  File "/usr/local/lib/code-server-4.103.2/lib/vscode/extensions/ms-python.python-2025.12.0/python_files/lib/jedilsp/jedi/inference/cache.py", line 44, in wrapper
    rv = function(obj, *args, **kwargs)
  File "/usr/local/lib/code-server-4.103.2/lib/vscode/extensions/ms-python.python-2025.12.0/python_files/lib/jedilsp/jedi/inference/__init__.py", line 129, in builtins_module
    builtins_module, = self.import_module((module_name,), sys_path=[])
  File "/usr/local/lib/code-server-4.103.2/lib/vscode/extensions/ms-python.python-2025.12.0/python_files/lib/jedilsp/jedi/inference/__init__.py", line 112, in import_module
    return imports.import_module_by_names(
  File "/usr/local/lib/code-server-4.103.2/lib/vscode/extensions/ms-python.python-2025.12.0/python_files/lib/jedilsp/jedi/inference/imports.py", line 376, in import_module_by_names
    value_set = ValueSet.from_sets([
  File "/usr/local/lib/code-server-4.103.2/lib/vscode/extensions/ms-python.python-2025.12.0/python_files/lib/jedilsp/jedi/inference/imports.py", line 377, in <listcomp>
    import_module(
  File "/usr/local/lib/code-server-4.103.2/lib/vscode/extensions/ms-python.python-2025.12.0/python_files/lib/jedilsp/jedi/plugins/__init__.py", line 21, in wrapper
    return built_functions[public_name](*args, **kwargs)
  File "/usr/local/lib/code-server-4.103.2/lib/vscode/extensions/ms-python.python-2025.12.0/python_files/lib/jedilsp/jedi/plugins/flask.py", line 20, in wrapper
    return callback(inference_state, import_names, module_context, *args, **kwargs)
  File "/usr/local/lib/code-server-4.103.2/lib/vscode/extensions/ms-python.python-2025.12.0/python_files/lib/jedilsp/jedi/inference/gradual/typeshed.py", line 115, in wrapper
    python_value_set = ValueSet.from_sets(
  File "/usr/local/lib/code-server-4.103.2/lib/vscode/extensions/ms-python.python-2025.12.0/python_files/lib/jedilsp/jedi/inference/base_value.py", line 430, in from_sets
    for set_ in sets:
  File "/usr/local/lib/code-server-4.103.2/lib/vscode/extensions/ms-python.python-2025.12.0/python_files/lib/jedilsp/jedi/inference/gradual/typeshed.py", line 116, in <genexpr>
    func(inference_state, import_names, p, sys_path,)
  File "/usr/local/lib/code-server-4.103.2/lib/vscode/extensions/ms-python.python-2025.12.0/python_files/lib/jedilsp/jedi/inference/imports.py", line 411, in import_module
    file_io_or_ns, is_pkg = inference_state.compiled_subprocess.get_module_info(
  File "/usr/local/lib/code-server-4.103.2/lib/vscode/extensions/ms-python.python-2025.12.0/python_files/lib/jedilsp/jedi/inference/compiled/subprocess/__init__.py", line 188, in wrapper
    result = self._compiled_subprocess.run(
  File "/usr/local/lib/code-server-4.103.2/lib/vscode/extensions/ms-python.python-2025.12.0/python_files/lib/jedilsp/jedi/inference/compiled/subprocess/__init__.py", line 293, in run
    self._send(delete_id, None)
  File "/usr/local/lib/code-server-4.103.2/lib/vscode/extensions/ms-python.python-2025.12.0/python_files/lib/jedilsp/jedi/inference/compiled/subprocess/__init__.py", line 318, in _send
    is_exception, traceback, result = pickle_load(self._get_process().stdout)
  File "/usr/local/lib/code-server-4.103.2/lib/vscode/extensions/ms-python.python-2025.12.0/python_files/lib/jedilsp/jedi/_compatibility.py", line 25, in pickle_load
    return Unpickler(file).load()
_pickle.UnpicklingError: invalid load key, ' '.

2026-08-29 16:02:52.920 [info] [Error - 4:02:52 PM] Request textDocument/codeAction failed.
2026-08-29 16:02:52.930 [info]   Message: _pickle.UnpicklingError: invalid load key, ' '.
  Code: -32603 
[object Object]
2026-08-29 16:02:54.024 [info] ERROR:pygls.protocol.json_rpc:Failed to handle request 121 textDocument/codeAction CodeActionParams(text_document=TextDocumentIdentifier(uri='file:///voc/work/W3_package/api/main.py'), range=22:1-22:1, context=CodeActionContext(diagnostics=[], only=None, trigger_kind=<CodeActionTriggerKind.Automatic: 2>), work_done_token=None, partial_result_token=None)
Traceback (most recent call last):
  File "/usr/local/lib/code-server-4.103.2/lib/vscode/extensions/ms-python.python-2025.12.0/python_files/lib/jedilsp/pygls/protocol/json_rpc.py", line 266, in _handle_request
    self._execute_request(msg_id, handler, params)
  File "/usr/local/lib/code-server-4.103.2/lib/vscode/extensions/ms-python.python-2025.12.0/python_files/lib/jedilsp/pygls/protocol/json_rpc.py", line 188, in _execute_request
    self._send_response(msg_id, handler(params))
  File "/usr/local/lib/code-server-4.103.2/lib/vscode/extensions/ms-python.python-2025.12.0/python_files/lib/jedilsp/jedi_language_server/notebook_utils.py", line 373, in wrapped
    result = f(notebook_server, notebook_params)
  File "/usr/local/lib/code-server-4.103.2/lib/vscode/extensions/ms-python.python-2025.12.0/python_files/lib/jedilsp/jedi_language_server/server.py", line 717, in code_action
    extract_function_refactoring = jedi_script.extract_function(
  File "/usr/local/lib/code-server-4.103.2/lib/vscode/extensions/ms-python.python-2025.12.0/python_files/lib/jedilsp/jedi/api/helpers.py", line 487, in wrapper
    return func(self, line, column, *args, **kwargs)
  File "/usr/local/lib/code-server-4.103.2/lib/vscode/extensions/ms-python.python-2025.12.0/python_files/lib/jedilsp/jedi/api/__init__.py", line 675, in extract_function
    return extract_function(
  File "/usr/local/lib/code-server-4.103.2/lib/vscode/extensions/ms-python.python-2025.12.0/python_files/lib/jedilsp/jedi/api/refactoring/extract.py", line 216, in extract_function
    params, return_variables = list(_find_inputs_and_outputs(module_context, context, nodes))
  File "/usr/local/lib/code-server-4.103.2/lib/vscode/extensions/ms-python.python-2025.12.0/python_files/lib/jedilsp/jedi/api/refactoring/extract.py", line 332, in _find_inputs_and_outputs
    name_definitions = context.goto(name, name.start_pos)
  File "/usr/local/lib/code-server-4.103.2/lib/vscode/extensions/ms-python.python-2025.12.0/python_files/lib/jedilsp/jedi/inference/context.py", line 34, in goto
    names = finder.filter_name(filters, name_or_str)
  File "/usr/local/lib/code-server-4.103.2/lib/vscode/extensions/ms-python.python-2025.12.0/python_files/lib/jedilsp/jedi/inference/finder.py", line 35, in filter_name
    for filter in filters:
  File "/usr/local/lib/code-server-4.103.2/lib/vscode/extensions/ms-python.python-2025.12.0/python_files/lib/jedilsp/jedi/inference/context.py", line 496, in get_global_filters
    b = next(base_context.inference_state.builtins_module.get_filters(), None)
  File "/usr/local/lib/code-server-4.103.2/lib/vscode/extensions/ms-python.python-2025.12.0/python_files/lib/jedilsp/jedi/inference/cache.py", line 44, in wrapper
    rv = function(obj, *args, **kwargs)
  File "/usr/local/lib/code-server-4.103.2/lib/vscode/extensions/ms-python.python-2025.12.0/python_files/lib/jedilsp/jedi/inference/__init__.py", line 129, in builtins_module
    builtins_module, = self.import_module((module_name,), sys_path=[])
  File "/usr/local/lib/code-server-4.103.2/lib/vscode/extensions/ms-python.python-2025.12.0/python_files/lib/jedilsp/jedi/inference/__init__.py", line 112, in import_module
    return imports.import_module_by_names(
  File "/usr/local/lib/code-server-4.103.2/lib/vscode/extensions/ms-python.python-2025.12.0/python_files/lib/jedilsp/jedi/inference/imports.py", line 376, in import_module_by_names
    value_set = ValueSet.from_sets([
  File "/usr/local/lib/code-server-4.103.2/lib/vscode/extensions/ms-python.python-2025.12.0/python_files/lib/jedilsp/jedi/inference/imports.py", line 377, in <listcomp>
    import_module(
  File "/usr/local/lib/code-server-4.103.2/lib/vscode/extensions/ms-python.python-2025.12.0/python_files/lib/jedilsp/jedi/plugins/__init__.py", line 21, in wrapper
    return built_functions[public_name](*args, **kwargs)
  File "/usr/local/lib/code-server-4.103.2/lib/vscode/extensions/ms-python.python-2025.12.0/python_files/lib/jedilsp/jedi/plugins/flask.py", line 20, in wrapper
    return callback(inference_state, import_names, module_context, *args, **kwargs)
  File "/usr/local/lib/code-server-4.103.2/lib/vscode/extensions/ms-python.python-2025.12.0/python_files/lib/jedilsp/jedi/inference/gradual/typeshed.py", line 115, in wrapper
    python_value_set = ValueSet.from_sets(
  File "/usr/local/lib/code-server-4.103.2/lib/vscode/extensions/ms-python.python-2025.12.0/python_files/lib/jedilsp/jedi/inference/base_value.py", line 430, in from_sets
    for set_ in sets:
  File "/usr/local/lib/code-server-4.103.2/lib/vscode/extensions/ms-python.python-2025.12.0/python_files/lib/jedilsp/jedi/inference/gradual/typeshed.py", line 116, in <genexpr>
    func(inference_state, import_names, p, sys_path,)
  File "/usr/local/lib/code-server-4.103.2/lib/vscode/extensions/ms-python.python-2025.12.0/python_files/lib/jedilsp/jedi/inference/imports.py", line 411, in import_module
    file_io_or_ns, is_pkg = inference_state.compiled_subprocess.get_module_info(
  File "/usr/local/lib/code-server-4.103.2/lib/vscode/extensions/ms-python.python-2025.12.0/python_files/lib/jedilsp/jedi/inference/compiled/subprocess/__init__.py", line 188, in wrapper
    result = self._compiled_subprocess.run(
  File "/usr/local/lib/code-server-4.103.2/lib/vscode/extensions/ms-python.python-2025.12.0/python_files/lib/jedilsp/jedi/inference/compiled/subprocess/__init__.py", line 293, in run
    self._send(delete_id, None)
  File "/usr/local/lib/code-server-4.103.2/lib/vscode/extensions/ms-python.python-2025.12.0/python_files/lib/jedilsp/jedi/inference/compiled/subprocess/__init__.py", line 318, in _send
    is_exception, traceback, result = pickle_load(self._get_process().stdout)
  File "/usr/local/lib/code-server-4.103.2/lib/vscode/extensions/ms-python.python-2025.12.0/python_files/lib/jedilsp/jedi/_compatibility.py", line 25, in pickle_load
    return Unpickler(file).load()
_pickle.UnpicklingError: invalid load key, ' '.

2026-08-29 16:02:54.025 [info] [Error - 4:02:54 PM] Request textDocument/codeAction failed.
2026-08-29 16:02:54.033 [info]   Message: _pickle.UnpicklingError: invalid load key, ' '.
  Code: -32603 
[object Object]
2026-08-29 16:02:54.033 [info] ERROR:pygls.protocol.json_rpc:Exception occurred for message "122": _pickle.UnpicklingError: invalid load key, ' '.
NoneType: None

2026-08-29 16:02:54.033 [info] semantic_tokens_range file:///voc/work/W3_package/api/main.py 0:0-48:25
2026-08-29 16:02:54.033 [info] [Error - 4:02:54 PM] Request textDocument/semanticTokens/range failed.
2026-08-29 16:02:54.043 [info]   Message: _pickle.UnpicklingError: invalid load key, ' '.
  Code: -32603 
[object Object]
2026-08-29 16:02:54.066 [info] semantic_tokens_full file:///voc/work/W3_package/api/main.py 
2026-08-29 16:02:54.068 [info] ERROR:pygls.protocol.json_rpc:Exception occurred for message "123": _pickle.UnpicklingError: invalid load key, ' '.
NoneType: None

2026-08-29 16:02:54.077 [info] [Error - 4:02:54 PM] Request textDocument/semanticTokens/full failed.
2026-08-29 16:02:54.077 [info]   Message: _pickle.UnpicklingError: invalid load key, ' '.
  Code: -32603 
[object Object]
2026-08-29 16:02:54.131 [info] ERROR:pygls.protocol.json_rpc:Failed to handle request 124 textDocument/documentSymbol DocumentSymbolParams(text_document=TextDocumentIdentifier(uri='file:///voc/work/W3_package/api/main.py'), work_done_token=None, partial_result_token=None)
Traceback (most recent call last):
  File "/usr/local/lib/code-server-4.103.2/lib/vscode/extensions/ms-python.python-2025.12.0/python_files/lib/jedilsp/pygls/protocol/json_rpc.py", line 266, in _handle_request
    self._execute_request(msg_id, handler, params)
  File "/usr/local/lib/code-server-4.103.2/lib/vscode/extensions/ms-python.python-2025.12.0/python_files/lib/jedilsp/pygls/protocol/json_rpc.py", line 188, in _execute_request
    self._send_response(msg_id, handler(params))
  File "/usr/local/lib/code-server-4.103.2/lib/vscode/extensions/ms-python.python-2025.12.0/python_files/lib/jedilsp/jedi_language_server/server.py", line 546, in document_symbol
    document_symbols = jedi_utils.lsp_document_symbols(names)
  File "/usr/local/lib/code-server-4.103.2/lib/vscode/extensions/ms-python.python-2025.12.0/python_files/lib/jedilsp/jedi_language_server/jedi_utils.py", line 225, in lsp_document_symbols
    symbol_range = _document_symbol_range(name)
  File "/usr/local/lib/code-server-4.103.2/lib/vscode/extensions/ms-python.python-2025.12.0/python_files/lib/jedilsp/jedi_language_server/jedi_utils.py", line 204, in _document_symbol_range
    end = name.get_definition_end_position()
  File "/usr/local/lib/code-server-4.103.2/lib/vscode/extensions/ms-python.python-2025.12.0/python_files/lib/jedilsp/jedi/api/classes.py", line 260, in get_definition_end_position
    if self.type in ("function", "class"):
  File "/usr/local/lib/code-server-4.103.2/lib/vscode/extensions/ms-python.python-2025.12.0/python_files/lib/jedilsp/jedi/api/classes.py", line 190, in type
    for value in self._name.infer():
  File "/usr/local/lib/code-server-4.103.2/lib/vscode/extensions/ms-python.python-2025.12.0/python_files/lib/jedilsp/jedi/inference/names.py", line 281, in infer
    return tree_name_to_values(
  File "/usr/local/lib/code-server-4.103.2/lib/vscode/extensions/ms-python.python-2025.12.0/python_files/lib/jedilsp/jedi/plugins/__init__.py", line 21, in wrapper
    return built_functions[public_name](*args, **kwargs)
  File "/usr/local/lib/code-server-4.103.2/lib/vscode/extensions/ms-python.python-2025.12.0/python_files/lib/jedilsp/jedi/plugins/stdlib.py", line 878, in wrapper
    return func(inference_state, context, tree_name)
  File "/usr/local/lib/code-server-4.103.2/lib/vscode/extensions/ms-python.python-2025.12.0/python_files/lib/jedilsp/jedi/plugins/django.py", line 177, in wrapper
    result = func(inference_state, context, tree_name)
  File "/usr/local/lib/code-server-4.103.2/lib/vscode/extensions/ms-python.python-2025.12.0/python_files/lib/jedilsp/jedi/inference/syntax_tree.py", line 771, in tree_name_to_values
    types = imports.infer_import(context, tree_name)
  File "/usr/local/lib/code-server-4.103.2/lib/vscode/extensions/ms-python.python-2025.12.0/python_files/lib/jedilsp/jedi/inference/cache.py", line 44, in wrapper
    rv = function(obj, *args, **kwargs)
  File "/usr/local/lib/code-server-4.103.2/lib/vscode/extensions/ms-python.python-2025.12.0/python_files/lib/jedilsp/jedi/inference/imports.py", line 53, in infer_import
    _prepare_infer_import(module_context, tree_name)
  File "/usr/local/lib/code-server-4.103.2/lib/vscode/extensions/ms-python.python-2025.12.0/python_files/lib/jedilsp/jedi/inference/imports.py", line 116, in _prepare_infer_import
    return from_import_name, tuple(import_path), import_node.level, importer.follow()
  File "/usr/local/lib/code-server-4.103.2/lib/vscode/extensions/ms-python.python-2025.12.0/python_files/lib/jedilsp/jedi/inference/imports.py", line 296, in follow
    return import_module_by_names(
  File "/usr/local/lib/code-server-4.103.2/lib/vscode/extensions/ms-python.python-2025.12.0/python_files/lib/jedilsp/jedi/inference/imports.py", line 376, in import_module_by_names
    value_set = ValueSet.from_sets([
  File "/usr/local/lib/code-server-4.103.2/lib/vscode/extensions/ms-python.python-2025.12.0/python_files/lib/jedilsp/jedi/inference/imports.py", line 377, in <listcomp>
    import_module(
  File "/usr/local/lib/code-server-4.103.2/lib/vscode/extensions/ms-python.python-2025.12.0/python_files/lib/jedilsp/jedi/plugins/__init__.py", line 21, in wrapper
    return built_functions[public_name](*args, **kwargs)
  File "/usr/local/lib/code-server-4.103.2/lib/vscode/extensions/ms-python.python-2025.12.0/python_files/lib/jedilsp/jedi/plugins/flask.py", line 20, in wrapper
    return callback(inference_state, import_names, module_context, *args, **kwargs)
  File "/usr/local/lib/code-server-4.103.2/lib/vscode/extensions/ms-python.python-2025.12.0/python_files/lib/jedilsp/jedi/inference/gradual/typeshed.py", line 115, in wrapper
    python_value_set = ValueSet.from_sets(
  File "/usr/local/lib/code-server-4.103.2/lib/vscode/extensions/ms-python.python-2025.12.0/python_files/lib/jedilsp/jedi/inference/base_value.py", line 430, in from_sets
    for set_ in sets:
  File "/usr/local/lib/code-server-4.103.2/lib/vscode/extensions/ms-python.python-2025.12.0/python_files/lib/jedilsp/jedi/inference/gradual/typeshed.py", line 116, in <genexpr>
    func(inference_state, import_names, p, sys_path,)
  File "/usr/local/lib/code-server-4.103.2/lib/vscode/extensions/ms-python.python-2025.12.0/python_files/lib/jedilsp/jedi/inference/imports.py", line 411, in import_module
    file_io_or_ns, is_pkg = inference_state.compiled_subprocess.get_module_info(
  File "/usr/local/lib/code-server-4.103.2/lib/vscode/extensions/ms-python.python-2025.12.0/python_files/lib/jedilsp/jedi/inference/compiled/subprocess/__init__.py", line 188, in wrapper
    result = self._compiled_subprocess.run(
  File "/usr/local/lib/code-server-4.103.2/lib/vscode/extensions/ms-python.python-2025.12.0/python_files/lib/jedilsp/jedi/inference/compiled/subprocess/__init__.py", line 293, in run
    self._send(delete_id, None)
  File "/usr/local/lib/code-server-4.103.2/lib/vscode/extensions/ms-python.python-2025.12.0/python_files/lib/jedilsp/jedi/inference/compiled/subprocess/__init__.py", line 318, in _send
    is_exception, traceback, result = pickle_load(self._get_process().stdout)
  File "/usr/local/lib/code-server-4.103.2/lib/vscode/extensions/ms-python.python-2025.12.0/python_files/lib/jedilsp/jedi/_compatibility.py", line 25, in pickle_load
    return Unpickler(file).load()
_pickle.UnpicklingError: invalid load key, ' '.

2026-08-29 16:02:54.131 [info] [Error - 4:02:54 PM] Request textDocument/documentSymbol failed.
2026-08-29 16:02:54.140 [info]   Message: _pickle.UnpicklingError: invalid load key, ' '.
  Code: -32603 
[object Object]
2026-08-29 16:02:54.754 [info] ERROR:pygls.protocol.json_rpc:Failed to handle request 126 textDocument/codeAction CodeActionParams(text_document=TextDocumentIdentifier(uri='file:///voc/work/W3_package/api/main.py'), range=22:2-22:2, context=CodeActionContext(diagnostics=[], only=None, trigger_kind=<CodeActionTriggerKind.Automatic: 2>), work_done_token=None, partial_result_token=None)
Traceback (most recent call last):
  File "/usr/local/lib/code-server-4.103.2/lib/vscode/extensions/ms-python.python-2025.12.0/python_files/lib/jedilsp/pygls/protocol/json_rpc.py", line 266, in _handle_request
    self._execute_request(msg_id, handler, params)
  File "/usr/local/lib/code-server-4.103.2/lib/vscode/extensions/ms-python.python-2025.12.0/python_files/lib/jedilsp/pygls/protocol/json_rpc.py", line 188, in _execute_request
    self._send_response(msg_id, handler(params))
  File "/usr/local/lib/code-server-4.103.2/lib/vscode/extensions/ms-python.python-2025.12.0/python_files/lib/jedilsp/jedi_language_server/notebook_utils.py", line 373, in wrapped
    result = f(notebook_server, notebook_params)
  File "/usr/local/lib/code-server-4.103.2/lib/vscode/extensions/ms-python.python-2025.12.0/python_files/lib/jedilsp/jedi_language_server/server.py", line 717, in code_action
    extract_function_refactoring = jedi_script.extract_function(
  File "/usr/local/lib/code-server-4.103.2/lib/vscode/extensions/ms-python.python-2025.12.0/python_files/lib/jedilsp/jedi/api/helpers.py", line 487, in wrapper
    return func(self, line, column, *args, **kwargs)
  File "/usr/local/lib/code-server-4.103.2/lib/vscode/extensions/ms-python.python-2025.12.0/python_files/lib/jedilsp/jedi/api/__init__.py", line 675, in extract_function
    return extract_function(
  File "/usr/local/lib/code-server-4.103.2/lib/vscode/extensions/ms-python.python-2025.12.0/python_files/lib/jedilsp/jedi/api/refactoring/extract.py", line 216, in extract_function
    params, return_variables = list(_find_inputs_and_outputs(module_context, context, nodes))
  File "/usr/local/lib/code-server-4.103.2/lib/vscode/extensions/ms-python.python-2025.12.0/python_files/lib/jedilsp/jedi/api/refactoring/extract.py", line 332, in _find_inputs_and_outputs
    name_definitions = context.goto(name, name.start_pos)
  File "/usr/local/lib/code-server-4.103.2/lib/vscode/extensions/ms-python.python-2025.12.0/python_files/lib/jedilsp/jedi/inference/context.py", line 34, in goto
    names = finder.filter_name(filters, name_or_str)
  File "/usr/local/lib/code-server-4.103.2/lib/vscode/extensions/ms-python.python-2025.12.0/python_files/lib/jedilsp/jedi/inference/finder.py", line 35, in filter_name
    for filter in filters:
  File "/usr/local/lib/code-server-4.103.2/lib/vscode/extensions/ms-python.python-2025.12.0/python_files/lib/jedilsp/jedi/inference/context.py", line 496, in get_global_filters
    b = next(base_context.inference_state.builtins_module.get_filters(), None)
  File "/usr/local/lib/code-server-4.103.2/lib/vscode/extensions/ms-python.python-2025.12.0/python_files/lib/jedilsp/jedi/inference/cache.py", line 44, in wrapper
    rv = function(obj, *args, **kwargs)
  File "/usr/local/lib/code-server-4.103.2/lib/vscode/extensions/ms-python.python-2025.12.0/python_files/lib/jedilsp/jedi/inference/__init__.py", line 129, in builtins_module
    builtins_module, = self.import_module((module_name,), sys_path=[])
  File "/usr/local/lib/code-server-4.103.2/lib/vscode/extensions/ms-python.python-2025.12.0/python_files/lib/jedilsp/jedi/inference/__init__.py", line 112, in import_module
    return imports.import_module_by_names(
  File "/usr/local/lib/code-server-4.103.2/lib/vscode/extensions/ms-python.python-2025.12.0/python_files/lib/jedilsp/jedi/inference/imports.py", line 376, in import_module_by_names
    value_set = ValueSet.from_sets([
  File "/usr/local/lib/code-server-4.103.2/lib/vscode/extensions/ms-python.python-2025.12.0/python_files/lib/jedilsp/jedi/inference/imports.py", line 377, in <listcomp>
    import_module(
  File "/usr/local/lib/code-server-4.103.2/lib/vscode/extensions/ms-python.python-2025.12.0/python_files/lib/jedilsp/jedi/plugins/__init__.py", line 21, in wrapper
    return built_functions[public_name](*args, **kwargs)
  File "/usr/local/lib/code-server-4.103.2/lib/vscode/extensions/ms-python.python-2025.12.0/python_files/lib/jedilsp/jedi/plugins/flask.py", line 20, in wrapper
    return callback(inference_state, import_names, module_context, *args, **kwargs)
  File "/usr/local/lib/code-server-4.103.2/lib/vscode/extensions/ms-python.python-2025.12.0/python_files/lib/jedilsp/jedi/inference/gradual/typeshed.py", line 115, in wrapper
    python_value_set = ValueSet.from_sets(
  File "/usr/local/lib/code-server-4.103.2/lib/vscode/extensions/ms-python.python-2025.12.0/python_files/lib/jedilsp/jedi/inference/base_value.py", line 430, in from_sets
    for set_ in sets:
  File "/usr/local/lib/code-server-4.103.2/lib/vscode/extensions/ms-python.python-2025.12.0/python_files/lib/jedilsp/jedi/inference/gradual/typeshed.py", line 116, in <genexpr>
    func(inference_state, import_names, p, sys_path,)
  File "/usr/local/lib/code-server-4.103.2/lib/vscode/extensions/ms-python.python-2025.12.0/python_files/lib/jedilsp/jedi/inference/imports.py", line 411, in import_module
    file_io_or_ns, is_pkg = inference_state.compiled_subprocess.get_module_info(
  File "/usr/local/lib/code-server-4.103.2/lib/vscode/extensions/ms-python.python-2025.12.0/python_files/lib/jedilsp/jedi/inference/compiled/subprocess/__init__.py", line 188, in wrapper
    result = self._compiled_subprocess.run(
  File "/usr/local/lib/code-server-4.103.2/lib/vscode/extensions/ms-python.python-2025.12.0/python_files/lib/jedilsp/jedi/inference/compiled/subprocess/__init__.py", line 293, in run
    self._send(delete_id, None)
  File "/usr/local/lib/code-server-4.103.2/lib/vscode/extensions/ms-python.python-2025.12.0/python_files/lib/jedilsp/jedi/inference/compiled/subprocess/__init__.py", line 318, in _send
    is_exception, traceback, result = pickle_load(self._get_process().stdout)
  File "/usr/local/lib/code-server-4.103.2/lib/vscode/extensions/ms-python.python-2025.12.0/python_files/lib/jedilsp/jedi/_compatibility.py", line 25, in pickle_load
    return Unpickler(file).load()
_pickle.UnpicklingError: invalid load key, ' '.

2026-08-29 16:02:54.755 [info] [Error - 4:02:54 PM] Request textDocument/codeAction failed.
2026-08-29 16:02:54.764 [info]   Message: _pickle.UnpicklingError: invalid load key, ' '.
  Code: -32603 
[object Object]
2026-08-29 16:02:55.602 [info] ERROR:pygls.protocol.json_rpc:Failed to handle request 127 textDocument/documentSymbol DocumentSymbolParams(text_document=TextDocumentIdentifier(uri='file:///voc/work/W3_package/api/main.py'), work_done_token=None, partial_result_token=None)
Traceback (most recent call last):
  File "/usr/local/lib/code-server-4.103.2/lib/vscode/extensions/ms-python.python-2025.12.0/python_files/lib/jedilsp/pygls/protocol/json_rpc.py", line 266, in _handle_request
    self._execute_request(msg_id, handler, params)
  File "/usr/local/lib/code-server-4.103.2/lib/vscode/extensions/ms-python.python-2025.12.0/python_files/lib/jedilsp/pygls/protocol/json_rpc.py", line 188, in _execute_request
    self._send_response(msg_id, handler(params))
  File "/usr/local/lib/code-server-4.103.2/lib/vscode/extensions/ms-python.python-2025.12.0/python_files/lib/jedilsp/jedi_language_server/server.py", line 546, in document_symbol
    document_symbols = jedi_utils.lsp_document_symbols(names)
  File "/usr/local/lib/code-server-4.103.2/lib/vscode/extensions/ms-python.python-2025.12.0/python_files/lib/jedilsp/jedi_language_server/jedi_utils.py", line 225, in lsp_document_symbols
    symbol_range = _document_symbol_range(name)
  File "/usr/local/lib/code-server-4.103.2/lib/vscode/extensions/ms-python.python-2025.12.0/python_files/lib/jedilsp/jedi_language_server/jedi_utils.py", line 204, in _document_symbol_range
    end = name.get_definition_end_position()
  File "/usr/local/lib/code-server-4.103.2/lib/vscode/extensions/ms-python.python-2025.12.0/python_files/lib/jedilsp/jedi/api/classes.py", line 260, in get_definition_end_position
    if self.type in ("function", "class"):
  File "/usr/local/lib/code-server-4.103.2/lib/vscode/extensions/ms-python.python-2025.12.0/python_files/lib/jedilsp/jedi/api/classes.py", line 190, in type
    for value in self._name.infer():
  File "/usr/local/lib/code-server-4.103.2/lib/vscode/extensions/ms-python.python-2025.12.0/python_files/lib/jedilsp/jedi/inference/names.py", line 281, in infer
    return tree_name_to_values(
  File "/usr/local/lib/code-server-4.103.2/lib/vscode/extensions/ms-python.python-2025.12.0/python_files/lib/jedilsp/jedi/plugins/__init__.py", line 21, in wrapper
    return built_functions[public_name](*args, **kwargs)
  File "/usr/local/lib/code-server-4.103.2/lib/vscode/extensions/ms-python.python-2025.12.0/python_files/lib/jedilsp/jedi/plugins/stdlib.py", line 878, in wrapper
    return func(inference_state, context, tree_name)
  File "/usr/local/lib/code-server-4.103.2/lib/vscode/extensions/ms-python.python-2025.12.0/python_files/lib/jedilsp/jedi/plugins/django.py", line 177, in wrapper
    result = func(inference_state, context, tree_name)
  File "/usr/local/lib/code-server-4.103.2/lib/vscode/extensions/ms-python.python-2025.12.0/python_files/lib/jedilsp/jedi/inference/syntax_tree.py", line 771, in tree_name_to_values
    types = imports.infer_import(context, tree_name)
  File "/usr/local/lib/code-server-4.103.2/lib/vscode/extensions/ms-python.python-2025.12.0/python_files/lib/jedilsp/jedi/inference/cache.py", line 44, in wrapper
    rv = function(obj, *args, **kwargs)
  File "/usr/local/lib/code-server-4.103.2/lib/vscode/extensions/ms-python.python-2025.12.0/python_files/lib/jedilsp/jedi/inference/imports.py", line 53, in infer_import
    _prepare_infer_import(module_context, tree_name)
  File "/usr/local/lib/code-server-4.103.2/lib/vscode/extensions/ms-python.python-2025.12.0/python_files/lib/jedilsp/jedi/inference/imports.py", line 116, in _prepare_infer_import
    return from_import_name, tuple(import_path), import_node.level, importer.follow()
  File "/usr/local/lib/code-server-4.103.2/lib/vscode/extensions/ms-python.python-2025.12.0/python_files/lib/jedilsp/jedi/inference/imports.py", line 296, in follow
    return import_module_by_names(
  File "/usr/local/lib/code-server-4.103.2/lib/vscode/extensions/ms-python.python-2025.12.0/python_files/lib/jedilsp/jedi/inference/imports.py", line 376, in import_module_by_names
    value_set = ValueSet.from_sets([
  File "/usr/local/lib/code-server-4.103.2/lib/vscode/extensions/ms-python.python-2025.12.0/python_files/lib/jedilsp/jedi/inference/imports.py", line 377, in <listcomp>
    import_module(
  File "/usr/local/lib/code-server-4.103.2/lib/vscode/extensions/ms-python.python-2025.12.0/python_files/lib/jedilsp/jedi/plugins/__init__.py", line 21, in wrapper
    return built_functions[public_name](*args, **kwargs)
  File "/usr/local/lib/code-server-4.103.2/lib/vscode/extensions/ms-python.python-2025.12.0/python_files/lib/jedilsp/jedi/plugins/flask.py", line 20, in wrapper
    return callback(inference_state, import_names, module_context, *args, **kwargs)
  File "/usr/local/lib/code-server-4.103.2/lib/vscode/extensions/ms-python.python-2025.12.0/python_files/lib/jedilsp/jedi/inference/gradual/typeshed.py", line 115, in wrapper
    python_value_set = ValueSet.from_sets(
  File "/usr/local/lib/code-server-4.103.2/lib/vscode/extensions/ms-python.python-2025.12.0/python_files/lib/jedilsp/jedi/inference/base_value.py", line 430, in from_sets
    for set_ in sets:
  File "/usr/local/lib/code-server-4.103.2/lib/vscode/extensions/ms-python.python-2025.12.0/python_files/lib/jedilsp/jedi/inference/gradual/typeshed.py", line 116, in <genexpr>
    func(inference_state, import_names, p, sys_path,)
  File "/usr/local/lib/code-server-4.103.2/lib/vscode/extensions/ms-python.python-2025.12.0/python_files/lib/jedilsp/jedi/inference/imports.py", line 411, in import_module
    file_io_or_ns, is_pkg = inference_state.compiled_subprocess.get_module_info(
  File "/usr/local/lib/code-server-4.103.2/lib/vscode/extensions/ms-python.python-2025.12.0/python_files/lib/jedilsp/jedi/inference/compiled/subprocess/__init__.py", line 188, in wrapper
    result = self._compiled_subprocess.run(
  File "/usr/local/lib/code-server-4.103.2/lib/vscode/extensions/ms-python.python-2025.12.0/python_files/lib/jedilsp/jedi/inference/compiled/subprocess/__init__.py", line 293, in run
    self._send(delete_id, None)
  File "/usr/local/lib/code-server-4.103.2/lib/vscode/extensions/ms-python.python-2025.12.0/python_files/lib/jedilsp/jedi/inference/compiled/subprocess/__init__.py", line 318, in _send
    is_exception, traceback, result = pickle_load(self._get_process().stdout)
  File "/usr/local/lib/code-server-4.103.2/lib/vscode/extensions/ms-python.python-2025.12.0/python_files/lib/jedilsp/jedi/_compatibility.py", line 25, in pickle_load
    return Unpickler(file).load()
_pickle.UnpicklingError: invalid load key, ' '.

2026-08-29 16:02:55.602 [info] [Error - 4:02:55 PM] Request textDocument/documentSymbol failed.
2026-08-29 16:02:55.612 [info]   Message: _pickle.UnpicklingError: invalid load key, ' '.
  Code: -32603 
[object Object]
2026-08-29 16:02:55.622 [info] ERROR:pygls.protocol.json_rpc:Failed to handle request 128 textDocument/codeAction CodeActionParams(text_document=TextDocumentIdentifier(uri='file:///voc/work/W3_package/api/main.py'), range=23:2-23:2, context=CodeActionContext(diagnostics=[], only=None, trigger_kind=<CodeActionTriggerKind.Automatic: 2>), work_done_token=None, partial_result_token=None)
Traceback (most recent call last):
  File "/usr/local/lib/code-server-4.103.2/lib/vscode/extensions/ms-python.python-2025.12.0/python_files/lib/jedilsp/pygls/protocol/json_rpc.py", line 266, in _handle_request
    self._execute_request(msg_id, handler, params)
  File "/usr/local/lib/code-server-4.103.2/lib/vscode/extensions/ms-python.python-2025.12.0/python_files/lib/jedilsp/pygls/protocol/json_rpc.py", line 188, in _execute_request
    self._send_response(msg_id, handler(params))
  File "/usr/local/lib/code-server-4.103.2/lib/vscode/extensions/ms-python.python-2025.12.0/python_files/lib/jedilsp/jedi_language_server/notebook_utils.py", line 373, in wrapped
    result = f(notebook_server, notebook_params)
  File "/usr/local/lib/code-server-4.103.2/lib/vscode/extensions/ms-python.python-2025.12.0/python_files/lib/jedilsp/jedi_language_server/server.py", line 717, in code_action
    extract_function_refactoring = jedi_script.extract_function(
  File "/usr/local/lib/code-server-4.103.2/lib/vscode/extensions/ms-python.python-2025.12.0/python_files/lib/jedilsp/jedi/api/helpers.py", line 487, in wrapper
    return func(self, line, column, *args, **kwargs)
  File "/usr/local/lib/code-server-4.103.2/lib/vscode/extensions/ms-python.python-2025.12.0/python_files/lib/jedilsp/jedi/api/__init__.py", line 675, in extract_function
    return extract_function(
  File "/usr/local/lib/code-server-4.103.2/lib/vscode/extensions/ms-python.python-2025.12.0/python_files/lib/jedilsp/jedi/api/refactoring/extract.py", line 216, in extract_function
    params, return_variables = list(_find_inputs_and_outputs(module_context, context, nodes))
  File "/usr/local/lib/code-server-4.103.2/lib/vscode/extensions/ms-python.python-2025.12.0/python_files/lib/jedilsp/jedi/api/refactoring/extract.py", line 332, in _find_inputs_and_outputs
    name_definitions = context.goto(name, name.start_pos)
  File "/usr/local/lib/code-server-4.103.2/lib/vscode/extensions/ms-python.python-2025.12.0/python_files/lib/jedilsp/jedi/inference/context.py", line 34, in goto
    names = finder.filter_name(filters, name_or_str)
  File "/usr/local/lib/code-server-4.103.2/lib/vscode/extensions/ms-python.python-2025.12.0/python_files/lib/jedilsp/jedi/inference/finder.py", line 35, in filter_name
    for filter in filters:
  File "/usr/local/lib/code-server-4.103.2/lib/vscode/extensions/ms-python.python-2025.12.0/python_files/lib/jedilsp/jedi/inference/context.py", line 496, in get_global_filters
    b = next(base_context.inference_state.builtins_module.get_filters(), None)
  File "/usr/local/lib/code-server-4.103.2/lib/vscode/extensions/ms-python.python-2025.12.0/python_files/lib/jedilsp/jedi/inference/cache.py", line 44, in wrapper
    rv = function(obj, *args, **kwargs)
  File "/usr/local/lib/code-server-4.103.2/lib/vscode/extensions/ms-python.python-2025.12.0/python_files/lib/jedilsp/jedi/inference/__init__.py", line 129, in builtins_module
    builtins_module, = self.import_module((module_name,), sys_path=[])
  File "/usr/local/lib/code-server-4.103.2/lib/vscode/extensions/ms-python.python-2025.12.0/python_files/lib/jedilsp/jedi/inference/__init__.py", line 112, in import_module
    return imports.import_module_by_names(
  File "/usr/local/lib/code-server-4.103.2/lib/vscode/extensions/ms-python.python-2025.12.0/python_files/lib/jedilsp/jedi/inference/imports.py", line 376, in import_module_by_names
    value_set = ValueSet.from_sets([
  File "/usr/local/lib/code-server-4.103.2/lib/vscode/extensions/ms-python.python-2025.12.0/python_files/lib/jedilsp/jedi/inference/imports.py", line 377, in <listcomp>
    import_module(
  File "/usr/local/lib/code-server-4.103.2/lib/vscode/extensions/ms-python.python-2025.12.0/python_files/lib/jedilsp/jedi/plugins/__init__.py", line 21, in wrapper
    return built_functions[public_name](*args, **kwargs)
  File "/usr/local/lib/code-server-4.103.2/lib/vscode/extensions/ms-python.python-2025.12.0/python_files/lib/jedilsp/jedi/plugins/flask.py", line 20, in wrapper
    return callback(inference_state, import_names, module_context, *args, **kwargs)
  File "/usr/local/lib/code-server-4.103.2/lib/vscode/extensions/ms-python.python-2025.12.0/python_files/lib/jedilsp/jedi/inference/gradual/typeshed.py", line 115, in wrapper
    python_value_set = ValueSet.from_sets(
  File "/usr/local/lib/code-server-4.103.2/lib/vscode/extensions/ms-python.python-2025.12.0/python_files/lib/jedilsp/jedi/inference/base_value.py", line 430, in from_sets
    for set_ in sets:
  File "/usr/local/lib/code-server-4.103.2/lib/vscode/extensions/ms-python.python-2025.12.0/python_files/lib/jedilsp/jedi/inference/gradual/typeshed.py", line 116, in <genexpr>
    func(inference_state, import_names, p, sys_path,)
  File "/usr/local/lib/code-server-4.103.2/lib/vscode/extensions/ms-python.python-2025.12.0/python_files/lib/jedilsp/jedi/inference/imports.py", line 411, in import_module
    file_io_or_ns, is_pkg = inference_state.compiled_subprocess.get_module_info(
  File "/usr/local/lib/code-server-4.103.2/lib/vscode/extensions/ms-python.python-2025.12.0/python_files/lib/jedilsp/jedi/inference/compiled/subprocess/__init__.py", line 188, in wrapper
    result = self._compiled_subprocess.run(
  File "/usr/local/lib/code-server-4.103.2/lib/vscode/extensions/ms-python.python-2025.12.0/python_files/lib/jedilsp/jedi/inference/compiled/subprocess/__init__.py", line 293, in run
    self._send(delete_id, None)
  File "/usr/local/lib/code-server-4.103.2/lib/vscode/extensions/ms-python.python-2025.12.0/python_files/lib/jedilsp/jedi/inference/compiled/subprocess/__init__.py", line 318, in _send
    is_exception, traceback, result = pickle_load(self._get_process().stdout)
  File "/usr/local/lib/code-server-4.103.2/lib/vscode/extensions/ms-python.python-2025.12.0/python_files/lib/jedilsp/jedi/_compatibility.py", line 25, in pickle_load
    return Unpickler(file).load()
_pickle.UnpicklingError: invalid load key, ' '.

2026-08-29 16:02:55.622 [info] [Error - 4:02:55 PM] Request textDocument/codeAction failed.
2026-08-29 16:02:55.622 [info]   Message: _pickle.UnpicklingError: invalid load key, ' '.
  Code: -32603 
[object Object]
2026-08-29 16:02:55.889 [info] ERROR:pygls.protocol.json_rpc:Failed to handle request 129 textDocument/codeAction CodeActionParams(text_document=TextDocumentIdentifier(uri='file:///voc/work/W3_package/api/main.py'), range=23:1-23:1, context=CodeActionContext(diagnostics=[], only=None, trigger_kind=<CodeActionTriggerKind.Automatic: 2>), work_done_token=None, partial_result_token=None)
Traceback (most recent call last):
  File "/usr/local/lib/code-server-4.103.2/lib/vscode/extensions/ms-python.python-2025.12.0/python_files/lib/jedilsp/pygls/protocol/json_rpc.py", line 266, in _handle_request
    self._execute_request(msg_id, handler, params)
  File "/usr/local/lib/code-server-4.103.2/lib/vscode/extensions/ms-python.python-2025.12.0/python_files/lib/jedilsp/pygls/protocol/json_rpc.py", line 188, in _execute_request
    self._send_response(msg_id, handler(params))
  File "/usr/local/lib/code-server-4.103.2/lib/vscode/extensions/ms-python.python-2025.12.0/python_files/lib/jedilsp/jedi_language_server/notebook_utils.py", line 373, in wrapped
    result = f(notebook_server, notebook_params)
  File "/usr/local/lib/code-server-4.103.2/lib/vscode/extensions/ms-python.python-2025.12.0/python_files/lib/jedilsp/jedi_language_server/server.py", line 717, in code_action
    extract_function_refactoring = jedi_script.extract_function(
  File "/usr/local/lib/code-server-4.103.2/lib/vscode/extensions/ms-python.python-2025.12.0/python_files/lib/jedilsp/jedi/api/helpers.py", line 487, in wrapper
    return func(self, line, column, *args, **kwargs)
  File "/usr/local/lib/code-server-4.103.2/lib/vscode/extensions/ms-python.python-2025.12.0/python_files/lib/jedilsp/jedi/api/__init__.py", line 675, in extract_function
    return extract_function(
  File "/usr/local/lib/code-server-4.103.2/lib/vscode/extensions/ms-python.python-2025.12.0/python_files/lib/jedilsp/jedi/api/refactoring/extract.py", line 216, in extract_function
    params, return_variables = list(_find_inputs_and_outputs(module_context, context, nodes))
  File "/usr/local/lib/code-server-4.103.2/lib/vscode/extensions/ms-python.python-2025.12.0/python_files/lib/jedilsp/jedi/api/refactoring/extract.py", line 332, in _find_inputs_and_outputs
    name_definitions = context.goto(name, name.start_pos)
  File "/usr/local/lib/code-server-4.103.2/lib/vscode/extensions/ms-python.python-2025.12.0/python_files/lib/jedilsp/jedi/inference/context.py", line 34, in goto
    names = finder.filter_name(filters, name_or_str)
  File "/usr/local/lib/code-server-4.103.2/lib/vscode/extensions/ms-python.python-2025.12.0/python_files/lib/jedilsp/jedi/inference/finder.py", line 35, in filter_name
    for filter in filters:
  File "/usr/local/lib/code-server-4.103.2/lib/vscode/extensions/ms-python.python-2025.12.0/python_files/lib/jedilsp/jedi/inference/context.py", line 496, in get_global_filters
    b = next(base_context.inference_state.builtins_module.get_filters(), None)
  File "/usr/local/lib/code-server-4.103.2/lib/vscode/extensions/ms-python.python-2025.12.0/python_files/lib/jedilsp/jedi/inference/cache.py", line 44, in wrapper
    rv = function(obj, *args, **kwargs)
  File "/usr/local/lib/code-server-4.103.2/lib/vscode/extensions/ms-python.python-2025.12.0/python_files/lib/jedilsp/jedi/inference/__init__.py", line 129, in builtins_module
    builtins_module, = self.import_module((module_name,), sys_path=[])
  File "/usr/local/lib/code-server-4.103.2/lib/vscode/extensions/ms-python.python-2025.12.0/python_files/lib/jedilsp/jedi/inference/__init__.py", line 112, in import_module
    return imports.import_module_by_names(
  File "/usr/local/lib/code-server-4.103.2/lib/vscode/extensions/ms-python.python-2025.12.0/python_files/lib/jedilsp/jedi/inference/imports.py", line 376, in import_module_by_names
    value_set = ValueSet.from_sets([
  File "/usr/local/lib/code-server-4.103.2/lib/vscode/extensions/ms-python.python-2025.12.0/python_files/lib/jedilsp/jedi/inference/imports.py", line 377, in <listcomp>
    import_module(
  File "/usr/local/lib/code-server-4.103.2/lib/vscode/extensions/ms-python.python-2025.12.0/python_files/lib/jedilsp/jedi/plugins/__init__.py", line 21, in wrapper
    return built_functions[public_name](*args, **kwargs)
  File "/usr/local/lib/code-server-4.103.2/lib/vscode/extensions/ms-python.python-2025.12.0/python_files/lib/jedilsp/jedi/plugins/flask.py", line 20, in wrapper
    return callback(inference_state, import_names, module_context, *args, **kwargs)
  File "/usr/local/lib/code-server-4.103.2/lib/vscode/extensions/ms-python.python-2025.12.0/python_files/lib/jedilsp/jedi/inference/gradual/typeshed.py", line 115, in wrapper
    python_value_set = ValueSet.from_sets(
  File "/usr/local/lib/code-server-4.103.2/lib/vscode/extensions/ms-python.python-2025.12.0/python_files/lib/jedilsp/jedi/inference/base_value.py", line 430, in from_sets
    for set_ in sets:
  File "/usr/local/lib/code-server-4.103.2/lib/vscode/extensions/ms-python.python-2025.12.0/python_files/lib/jedilsp/jedi/inference/gradual/typeshed.py", line 116, in <genexpr>
    func(inference_state, import_names, p, sys_path,)
  File "/usr/local/lib/code-server-4.103.2/lib/vscode/extensions/ms-python.python-2025.12.0/python_files/lib/jedilsp/jedi/inference/imports.py", line 411, in import_module
    file_io_or_ns, is_pkg = inference_state.compiled_subprocess.get_module_info(
  File "/usr/local/lib/code-server-4.103.2/lib/vscode/extensions/ms-python.python-2025.12.0/python_files/lib/jedilsp/jedi/inference/compiled/subprocess/__init__.py", line 188, in wrapper
    result = self._compiled_subprocess.run(
  File "/usr/local/lib/code-server-4.103.2/lib/vscode/extensions/ms-python.python-2025.12.0/python_files/lib/jedilsp/jedi/inference/compiled/subprocess/__init__.py", line 293, in run
    self._send(delete_id, None)
  File "/usr/local/lib/code-server-4.103.2/lib/vscode/extensions/ms-python.python-2025.12.0/python_files/lib/jedilsp/jedi/inference/compiled/subprocess/__init__.py", line 318, in _send
    is_exception, traceback, result = pickle_load(self._get_process().stdout)
  File "/usr/local/lib/code-server-4.103.2/lib/vscode/extensions/ms-python.python-2025.12.0/python_files/lib/jedilsp/jedi/_compatibility.py", line 25, in pickle_load
    return Unpickler(file).load()
_pickle.UnpicklingError: invalid load key, ' '.

2026-08-29 16:02:55.890 [info] [Error - 4:02:55 PM] Request textDocument/codeAction failed.
2026-08-29 16:02:55.899 [info]   Message: _pickle.UnpicklingError: invalid load key, ' '.
  Code: -32603 
[object Object]
2026-08-29 16:02:57.183 [info] ERROR:pygls.protocol.json_rpc:Failed to handle request 130 textDocument/codeAction CodeActionParams(text_document=TextDocumentIdentifier(uri='file:///voc/work/W3_package/api/main.py'), range=23:0-23:0, context=CodeActionContext(diagnostics=[], only=None, trigger_kind=<CodeActionTriggerKind.Automatic: 2>), work_done_token=None, partial_result_token=None)
Traceback (most recent call last):
  File "/usr/local/lib/code-server-4.103.2/lib/vscode/extensions/ms-python.python-2025.12.0/python_files/lib/jedilsp/pygls/protocol/json_rpc.py", line 266, in _handle_request
    self._execute_request(msg_id, handler, params)
  File "/usr/local/lib/code-server-4.103.2/lib/vscode/extensions/ms-python.python-2025.12.0/python_files/lib/jedilsp/pygls/protocol/json_rpc.py", line 188, in _execute_request
    self._send_response(msg_id, handler(params))
  File "/usr/local/lib/code-server-4.103.2/lib/vscode/extensions/ms-python.python-2025.12.0/python_files/lib/jedilsp/jedi_language_server/notebook_utils.py", line 373, in wrapped
    result = f(notebook_server, notebook_params)
  File "/usr/local/lib/code-server-4.103.2/lib/vscode/extensions/ms-python.python-2025.12.0/python_files/lib/jedilsp/jedi_language_server/server.py", line 717, in code_action
    extract_function_refactoring = jedi_script.extract_function(
  File "/usr/local/lib/code-server-4.103.2/lib/vscode/extensions/ms-python.python-2025.12.0/python_files/lib/jedilsp/jedi/api/helpers.py", line 487, in wrapper
    return func(self, line, column, *args, **kwargs)
  File "/usr/local/lib/code-server-4.103.2/lib/vscode/extensions/ms-python.python-2025.12.0/python_files/lib/jedilsp/jedi/api/__init__.py", line 675, in extract_function
    return extract_function(
  File "/usr/local/lib/code-server-4.103.2/lib/vscode/extensions/ms-python.python-2025.12.0/python_files/lib/jedilsp/jedi/api/refactoring/extract.py", line 216, in extract_function
    params, return_variables = list(_find_inputs_and_outputs(module_context, context, nodes))
  File "/usr/local/lib/code-server-4.103.2/lib/vscode/extensions/ms-python.python-2025.12.0/python_files/lib/jedilsp/jedi/api/refactoring/extract.py", line 332, in _find_inputs_and_outputs
    name_definitions = context.goto(name, name.start_pos)
  File "/usr/local/lib/code-server-4.103.2/lib/vscode/extensions/ms-python.python-2025.12.0/python_files/lib/jedilsp/jedi/inference/context.py", line 34, in goto
    names = finder.filter_name(filters, name_or_str)
  File "/usr/local/lib/code-server-4.103.2/lib/vscode/extensions/ms-python.python-2025.12.0/python_files/lib/jedilsp/jedi/inference/finder.py", line 35, in filter_name
    for filter in filters:
  File "/usr/local/lib/code-server-4.103.2/lib/vscode/extensions/ms-python.python-2025.12.0/python_files/lib/jedilsp/jedi/inference/context.py", line 496, in get_global_filters
    b = next(base_context.inference_state.builtins_module.get_filters(), None)
  File "/usr/local/lib/code-server-4.103.2/lib/vscode/extensions/ms-python.python-2025.12.0/python_files/lib/jedilsp/jedi/inference/cache.py", line 44, in wrapper
    rv = function(obj, *args, **kwargs)
  File "/usr/local/lib/code-server-4.103.2/lib/vscode/extensions/ms-python.python-2025.12.0/python_files/lib/jedilsp/jedi/inference/__init__.py", line 129, in builtins_module
    builtins_module, = self.import_module((module_name,), sys_path=[])
  File "/usr/local/lib/code-server-4.103.2/lib/vscode/extensions/ms-python.python-2025.12.0/python_files/lib/jedilsp/jedi/inference/__init__.py", line 112, in import_module
    return imports.import_module_by_names(
  File "/usr/local/lib/code-server-4.103.2/lib/vscode/extensions/ms-python.python-2025.12.0/python_files/lib/jedilsp/jedi/inference/imports.py", line 376, in import_module_by_names
    value_set = ValueSet.from_sets([
  File "/usr/local/lib/code-server-4.103.2/lib/vscode/extensions/ms-python.python-2025.12.0/python_files/lib/jedilsp/jedi/inference/imports.py", line 377, in <listcomp>
    import_module(
  File "/usr/local/lib/code-server-4.103.2/lib/vscode/extensions/ms-python.python-2025.12.0/python_files/lib/jedilsp/jedi/plugins/__init__.py", line 21, in wrapper
    return built_functions[public_name](*args, **kwargs)
  File "/usr/local/lib/code-server-4.103.2/lib/vscode/extensions/ms-python.python-2025.12.0/python_files/lib/jedilsp/jedi/plugins/flask.py", line 20, in wrapper
    return callback(inference_state, import_names, module_context, *args, **kwargs)
  File "/usr/local/lib/code-server-4.103.2/lib/vscode/extensions/ms-python.python-2025.12.0/python_files/lib/jedilsp/jedi/inference/gradual/typeshed.py", line 115, in wrapper
    python_value_set = ValueSet.from_sets(
  File "/usr/local/lib/code-server-4.103.2/lib/vscode/extensions/ms-python.python-2025.12.0/python_files/lib/jedilsp/jedi/inference/base_value.py", line 430, in from_sets
    for set_ in sets:
  File "/usr/local/lib/code-server-4.103.2/lib/vscode/extensions/ms-python.python-2025.12.0/python_files/lib/jedilsp/jedi/inference/gradual/typeshed.py", line 116, in <genexpr>
    func(inference_state, import_names, p, sys_path,)
  File "/usr/local/lib/code-server-4.103.2/lib/vscode/extensions/ms-python.python-2025.12.0/python_files/lib/jedilsp/jedi/inference/imports.py", line 411, in import_module
    file_io_or_ns, is_pkg = inference_state.compiled_subprocess.get_module_info(
  File "/usr/local/lib/code-server-4.103.2/lib/vscode/extensions/ms-python.python-2025.12.0/python_files/lib/jedilsp/jedi/inference/compiled/subprocess/__init__.py", line 188, in wrapper
    result = self._compiled_subprocess.run(
  File "/usr/local/lib/code-server-4.103.2/lib/vscode/extensions/ms-python.python-2025.12.0/python_files/lib/jedilsp/jedi/inference/compiled/subprocess/__init__.py", line 293, in run
    self._send(delete_id, None)
  File "/usr/local/lib/code-server-4.103.2/lib/vscode/extensions/ms-python.python-2025.12.0/python_files/lib/jedilsp/jedi/inference/compiled/subprocess/__init__.py", line 318, in _send
    is_exception, traceback, result = pickle_load(self._get_process().stdout)
  File "/usr/local/lib/code-server-4.103.2/lib/vscode/extensions/ms-python.python-2025.12.0/python_files/lib/jedilsp/jedi/_compatibility.py", line 25, in pickle_load
    return Unpickler(file).load()
_pickle.UnpicklingError: invalid load key, ' '.

2026-08-29 16:02:57.184 [info] [Error - 4:02:57 PM] Request textDocument/codeAction failed.
2026-08-29 16:02:57.194 [info]   Message: _pickle.UnpicklingError: invalid load key, ' '.
  Code: -32603 
[object Object]
2026-08-29 16:02:57.946 [info] semantic_tokens_range file:///voc/work/W3_package/api/main.py 0:0-48:25
2026-08-29 16:02:57.948 [info] ERROR:pygls.protocol.json_rpc:Exception occurred for message "132": _pickle.UnpicklingError: invalid load key, ' '.
NoneType: None

2026-08-29 16:02:57.957 [info] [Error - 4:02:57 PM] Request textDocument/semanticTokens/range failed.
2026-08-29 16:02:57.957 [info]   Message: _pickle.UnpicklingError: invalid load key, ' '.
  Code: -32603 
[object Object]
2026-08-29 16:02:57.977 [info] semantic_tokens_full file:///voc/work/W3_package/api/main.py 
2026-08-29 16:02:57.979 [info] ERROR:pygls.protocol.json_rpc:Exception occurred for message "133": _pickle.UnpicklingError: invalid load key, ' '.
NoneType: None

2026-08-29 16:02:57.991 [info] [Error - 4:02:57 PM] Request textDocument/semanticTokens/full failed.
2026-08-29 16:02:57.991 [info]   Message: _pickle.UnpicklingError: invalid load key, ' '.
  Code: -32603 
[object Object]
2026-08-29 16:02:58.029 [info] ERROR:pygls.protocol.json_rpc:Failed to handle request 134 textDocument/documentSymbol DocumentSymbolParams(text_document=TextDocumentIdentifier(uri='file:///voc/work/W3_package/api/main.py'), work_done_token=None, partial_result_token=None)
Traceback (most recent call last):
  File "/usr/local/lib/code-server-4.103.2/lib/vscode/extensions/ms-python.python-2025.12.0/python_files/lib/jedilsp/pygls/protocol/json_rpc.py", line 266, in _handle_request
    self._execute_request(msg_id, handler, params)
  File "/usr/local/lib/code-server-4.103.2/lib/vscode/extensions/ms-python.python-2025.12.0/python_files/lib/jedilsp/pygls/protocol/json_rpc.py", line 188, in _execute_request
    self._send_response(msg_id, handler(params))
  File "/usr/local/lib/code-server-4.103.2/lib/vscode/extensions/ms-python.python-2025.12.0/python_files/lib/jedilsp/jedi_language_server/server.py", line 546, in document_symbol
    document_symbols = jedi_utils.lsp_document_symbols(names)
  File "/usr/local/lib/code-server-4.103.2/lib/vscode/extensions/ms-python.python-2025.12.0/python_files/lib/jedilsp/jedi_language_server/jedi_utils.py", line 225, in lsp_document_symbols
    symbol_range = _document_symbol_range(name)
  File "/usr/local/lib/code-server-4.103.2/lib/vscode/extensions/ms-python.python-2025.12.0/python_files/lib/jedilsp/jedi_language_server/jedi_utils.py", line 204, in _document_symbol_range
    end = name.get_definition_end_position()
  File "/usr/local/lib/code-server-4.103.2/lib/vscode/extensions/ms-python.python-2025.12.0/python_files/lib/jedilsp/jedi/api/classes.py", line 260, in get_definition_end_position
    if self.type in ("function", "class"):
  File "/usr/local/lib/code-server-4.103.2/lib/vscode/extensions/ms-python.python-2025.12.0/python_files/lib/jedilsp/jedi/api/classes.py", line 190, in type
    for value in self._name.infer():
  File "/usr/local/lib/code-server-4.103.2/lib/vscode/extensions/ms-python.python-2025.12.0/python_files/lib/jedilsp/jedi/inference/names.py", line 281, in infer
    return tree_name_to_values(
  File "/usr/local/lib/code-server-4.103.2/lib/vscode/extensions/ms-python.python-2025.12.0/python_files/lib/jedilsp/jedi/plugins/__init__.py", line 21, in wrapper
    return built_functions[public_name](*args, **kwargs)
  File "/usr/local/lib/code-server-4.103.2/lib/vscode/extensions/ms-python.python-2025.12.0/python_files/lib/jedilsp/jedi/plugins/stdlib.py", line 878, in wrapper
    return func(inference_state, context, tree_name)
  File "/usr/local/lib/code-server-4.103.2/lib/vscode/extensions/ms-python.python-2025.12.0/python_files/lib/jedilsp/jedi/plugins/django.py", line 177, in wrapper
    result = func(inference_state, context, tree_name)
  File "/usr/local/lib/code-server-4.103.2/lib/vscode/extensions/ms-python.python-2025.12.0/python_files/lib/jedilsp/jedi/inference/syntax_tree.py", line 771, in tree_name_to_values
    types = imports.infer_import(context, tree_name)
  File "/usr/local/lib/code-server-4.103.2/lib/vscode/extensions/ms-python.python-2025.12.0/python_files/lib/jedilsp/jedi/inference/cache.py", line 44, in wrapper
    rv = function(obj, *args, **kwargs)
  File "/usr/local/lib/code-server-4.103.2/lib/vscode/extensions/ms-python.python-2025.12.0/python_files/lib/jedilsp/jedi/inference/imports.py", line 53, in infer_import
    _prepare_infer_import(module_context, tree_name)
  File "/usr/local/lib/code-server-4.103.2/lib/vscode/extensions/ms-python.python-2025.12.0/python_files/lib/jedilsp/jedi/inference/imports.py", line 116, in _prepare_infer_import
    return from_import_name, tuple(import_path), import_node.level, importer.follow()
  File "/usr/local/lib/code-server-4.103.2/lib/vscode/extensions/ms-python.python-2025.12.0/python_files/lib/jedilsp/jedi/inference/imports.py", line 296, in follow
    return import_module_by_names(
  File "/usr/local/lib/code-server-4.103.2/lib/vscode/extensions/ms-python.python-2025.12.0/python_files/lib/jedilsp/jedi/inference/imports.py", line 376, in import_module_by_names
    value_set = ValueSet.from_sets([
  File "/usr/local/lib/code-server-4.103.2/lib/vscode/extensions/ms-python.python-2025.12.0/python_files/lib/jedilsp/jedi/inference/imports.py", line 377, in <listcomp>
    import_module(
  File "/usr/local/lib/code-server-4.103.2/lib/vscode/extensions/ms-python.python-2025.12.0/python_files/lib/jedilsp/jedi/plugins/__init__.py", line 21, in wrapper
    return built_functions[public_name](*args, **kwargs)
  File "/usr/local/lib/code-server-4.103.2/lib/vscode/extensions/ms-python.python-2025.12.0/python_files/lib/jedilsp/jedi/plugins/flask.py", line 20, in wrapper
    return callback(inference_state, import_names, module_context, *args, **kwargs)
  File "/usr/local/lib/code-server-4.103.2/lib/vscode/extensions/ms-python.python-2025.12.0/python_files/lib/jedilsp/jedi/inference/gradual/typeshed.py", line 115, in wrapper
    python_value_set = ValueSet.from_sets(
  File "/usr/local/lib/code-server-4.103.2/lib/vscode/extensions/ms-python.python-2025.12.0/python_files/lib/jedilsp/jedi/inference/base_value.py", line 430, in from_sets
    for set_ in sets:
  File "/usr/local/lib/code-server-4.103.2/lib/vscode/extensions/ms-python.python-2025.12.0/python_files/lib/jedilsp/jedi/inference/gradual/typeshed.py", line 116, in <genexpr>
    func(inference_state, import_names, p, sys_path,)
  File "/usr/local/lib/code-server-4.103.2/lib/vscode/extensions/ms-python.python-2025.12.0/python_files/lib/jedilsp/jedi/inference/imports.py", line 411, in import_module
    file_io_or_ns, is_pkg = inference_state.compiled_subprocess.get_module_info(
  File "/usr/local/lib/code-server-4.103.2/lib/vscode/extensions/ms-python.python-2025.12.0/python_files/lib/jedilsp/jedi/inference/compiled/subprocess/__init__.py", line 188, in wrapper
    result = self._compiled_subprocess.run(
  File "/usr/local/lib/code-server-4.103.2/lib/vscode/extensions/ms-python.python-2025.12.0/python_files/lib/jedilsp/jedi/inference/compiled/subprocess/__init__.py", line 293, in run
    self._send(delete_id, None)
  File "/usr/local/lib/code-server-4.103.2/lib/vscode/extensions/ms-python.python-2025.12.0/python_files/lib/jedilsp/jedi/inference/compiled/subprocess/__init__.py", line 318, in _send
    is_exception, traceback, result = pickle_load(self._get_process().stdout)
  File "/usr/local/lib/code-server-4.103.2/lib/vscode/extensions/ms-python.python-2025.12.0/python_files/lib/jedilsp/jedi/_compatibility.py", line 25, in pickle_load
    return Unpickler(file).load()
_pickle.UnpicklingError: invalid load key, ' '.

2026-08-29 16:02:58.029 [info] [Error - 4:02:58 PM] Request textDocument/documentSymbol failed.
2026-08-29 16:02:58.039 [info]   Message: _pickle.UnpicklingError: invalid load key, ' '.
  Code: -32603 
[object Object]
2026-08-29 16:02:58.715 [info] ERROR:pygls.protocol.json_rpc:Failed to handle request 135 textDocument/documentSymbol DocumentSymbolParams(text_document=TextDocumentIdentifier(uri='file:///voc/work/W3_package/api/main.py'), work_done_token=None, partial_result_token=None)
Traceback (most recent call last):
  File "/usr/local/lib/code-server-4.103.2/lib/vscode/extensions/ms-python.python-2025.12.0/python_files/lib/jedilsp/pygls/protocol/json_rpc.py", line 266, in _handle_request
    self._execute_request(msg_id, handler, params)
  File "/usr/local/lib/code-server-4.103.2/lib/vscode/extensions/ms-python.python-2025.12.0/python_files/lib/jedilsp/pygls/protocol/json_rpc.py", line 188, in _execute_request
    self._send_response(msg_id, handler(params))
  File "/usr/local/lib/code-server-4.103.2/lib/vscode/extensions/ms-python.python-2025.12.0/python_files/lib/jedilsp/jedi_language_server/server.py", line 546, in document_symbol
    document_symbols = jedi_utils.lsp_document_symbols(names)
  File "/usr/local/lib/code-server-4.103.2/lib/vscode/extensions/ms-python.python-2025.12.0/python_files/lib/jedilsp/jedi_language_server/jedi_utils.py", line 225, in lsp_document_symbols
    symbol_range = _document_symbol_range(name)
  File "/usr/local/lib/code-server-4.103.2/lib/vscode/extensions/ms-python.python-2025.12.0/python_files/lib/jedilsp/jedi_language_server/jedi_utils.py", line 204, in _document_symbol_range
    end = name.get_definition_end_position()
  File "/usr/local/lib/code-server-4.103.2/lib/vscode/extensions/ms-python.python-2025.12.0/python_files/lib/jedilsp/jedi/api/classes.py", line 260, in get_definition_end_position
    if self.type in ("function", "class"):
  File "/usr/local/lib/code-server-4.103.2/lib/vscode/extensions/ms-python.python-2025.12.0/python_files/lib/jedilsp/jedi/api/classes.py", line 190, in type
    for value in self._name.infer():
  File "/usr/local/lib/code-server-4.103.2/lib/vscode/extensions/ms-python.python-2025.12.0/python_files/lib/jedilsp/jedi/inference/names.py", line 281, in infer
    return tree_name_to_values(
  File "/usr/local/lib/code-server-4.103.2/lib/vscode/extensions/ms-python.python-2025.12.0/python_files/lib/jedilsp/jedi/plugins/__init__.py", line 21, in wrapper
    return built_functions[public_name](*args, **kwargs)
  File "/usr/local/lib/code-server-4.103.2/lib/vscode/extensions/ms-python.python-2025.12.0/python_files/lib/jedilsp/jedi/plugins/stdlib.py", line 878, in wrapper
    return func(inference_state, context, tree_name)
  File "/usr/local/lib/code-server-4.103.2/lib/vscode/extensions/ms-python.python-2025.12.0/python_files/lib/jedilsp/jedi/plugins/django.py", line 177, in wrapper
    result = func(inference_state, context, tree_name)
  File "/usr/local/lib/code-server-4.103.2/lib/vscode/extensions/ms-python.python-2025.12.0/python_files/lib/jedilsp/jedi/inference/syntax_tree.py", line 771, in tree_name_to_values
    types = imports.infer_import(context, tree_name)
  File "/usr/local/lib/code-server-4.103.2/lib/vscode/extensions/ms-python.python-2025.12.0/python_files/lib/jedilsp/jedi/inference/cache.py", line 44, in wrapper
    rv = function(obj, *args, **kwargs)
  File "/usr/local/lib/code-server-4.103.2/lib/vscode/extensions/ms-python.python-2025.12.0/python_files/lib/jedilsp/jedi/inference/imports.py", line 53, in infer_import
    _prepare_infer_import(module_context, tree_name)
  File "/usr/local/lib/code-server-4.103.2/lib/vscode/extensions/ms-python.python-2025.12.0/python_files/lib/jedilsp/jedi/inference/imports.py", line 116, in _prepare_infer_import
    return from_import_name, tuple(import_path), import_node.level, importer.follow()
  File "/usr/local/lib/code-server-4.103.2/lib/vscode/extensions/ms-python.python-2025.12.0/python_files/lib/jedilsp/jedi/inference/imports.py", line 296, in follow
    return import_module_by_names(
  File "/usr/local/lib/code-server-4.103.2/lib/vscode/extensions/ms-python.python-2025.12.0/python_files/lib/jedilsp/jedi/inference/imports.py", line 376, in import_module_by_names
    value_set = ValueSet.from_sets([
  File "/usr/local/lib/code-server-4.103.2/lib/vscode/extensions/ms-python.python-2025.12.0/python_files/lib/jedilsp/jedi/inference/imports.py", line 377, in <listcomp>
    import_module(
  File "/usr/local/lib/code-server-4.103.2/lib/vscode/extensions/ms-python.python-2025.12.0/python_files/lib/jedilsp/jedi/plugins/__init__.py", line 21, in wrapper
    return built_functions[public_name](*args, **kwargs)
  File "/usr/local/lib/code-server-4.103.2/lib/vscode/extensions/ms-python.python-2025.12.0/python_files/lib/jedilsp/jedi/plugins/flask.py", line 20, in wrapper
    return callback(inference_state, import_names, module_context, *args, **kwargs)
  File "/usr/local/lib/code-server-4.103.2/lib/vscode/extensions/ms-python.python-2025.12.0/python_files/lib/jedilsp/jedi/inference/gradual/typeshed.py", line 115, in wrapper
    python_value_set = ValueSet.from_sets(
  File "/usr/local/lib/code-server-4.103.2/lib/vscode/extensions/ms-python.python-2025.12.0/python_files/lib/jedilsp/jedi/inference/base_value.py", line 430, in from_sets
    for set_ in sets:
  File "/usr/local/lib/code-server-4.103.2/lib/vscode/extensions/ms-python.python-2025.12.0/python_files/lib/jedilsp/jedi/inference/gradual/typeshed.py", line 116, in <genexpr>
    func(inference_state, import_names, p, sys_path,)
  File "/usr/local/lib/code-server-4.103.2/lib/vscode/extensions/ms-python.python-2025.12.0/python_files/lib/jedilsp/jedi/inference/imports.py", line 411, in import_module
    file_io_or_ns, is_pkg = inference_state.compiled_subprocess.get_module_info(
  File "/usr/local/lib/code-server-4.103.2/lib/vscode/extensions/ms-python.python-2025.12.0/python_files/lib/jedilsp/jedi/inference/compiled/subprocess/__init__.py", line 188, in wrapper
    result = self._compiled_subprocess.run(
  File "/usr/local/lib/code-server-4.103.2/lib/vscode/extensions/ms-python.python-2025.12.0/python_files/lib/jedilsp/jedi/inference/compiled/subprocess/__init__.py", line 293, in run
    self._send(delete_id, None)
  File "/usr/local/lib/code-server-4.103.2/lib/vscode/extensions/ms-python.python-2025.12.0/python_files/lib/jedilsp/jedi/inference/compiled/subprocess/__init__.py", line 318, in _send
    is_exception, traceback, result = pickle_load(self._get_process().stdout)
  File "/usr/local/lib/code-server-4.103.2/lib/vscode/extensions/ms-python.python-2025.12.0/python_files/lib/jedilsp/jedi/_compatibility.py", line 25, in pickle_load
    return Unpickler(file).load()
_pickle.UnpicklingError: invalid load key, ' '.

2026-08-29 16:02:58.715 [info] [Error - 4:02:58 PM] Request textDocument/documentSymbol failed.
2026-08-29 16:02:58.726 [info]   Message: _pickle.UnpicklingError: invalid load key, ' '.
  Code: -32603 
[object Object]
2026-08-29 16:03:04.208 [info] semantic_tokens_range file:///voc/work/W3_package/api/main.py 0:0-53:0
2026-08-29 16:03:04.211 [info] ERROR:pygls.protocol.json_rpc:Exception occurred for message "136": _pickle.UnpicklingError: invalid load key, ' '.
NoneType: None

2026-08-29 16:03:04.220 [info] [Error - 4:03:04 PM] Request textDocument/semanticTokens/range failed.
2026-08-29 16:03:04.220 [info]   Message: _pickle.UnpicklingError: invalid load key, ' '.
  Code: -32603 
[object Object]
2026-08-29 16:03:05.463 [info] semantic_tokens_range file:///voc/work/W3_package/api/main.py 17:0-71:26
2026-08-29 16:03:05.466 [info] ERROR:pygls.protocol.json_rpc:Exception occurred for message "137": _pickle.UnpicklingError: invalid load key, ' '.
NoneType: None

2026-08-29 16:03:05.474 [info] [Error - 4:03:05 PM] Request textDocument/semanticTokens/range failed.
2026-08-29 16:03:05.474 [info]   Message: _pickle.UnpicklingError: invalid load key, ' '.
  Code: -32603 
[object Object]
2026-08-29 16:03:10.864 [info] semantic_tokens_range file:///voc/work/W3_package/api/main.py 25:0-79:48
2026-08-29 16:03:10.867 [info] ERROR:pygls.protocol.json_rpc:Exception occurred for message "139": _pickle.UnpicklingError: invalid load key, ' '.
NoneType: None

2026-08-29 16:03:10.875 [info] [Error - 4:03:10 PM] Request textDocument/semanticTokens/range failed.
2026-08-29 16:03:10.875 [info]   Message: _pickle.UnpicklingError: invalid load key, ' '.
  Code: -32603 
[object Object]
2026-08-29 16:03:16.520 [info] semantic_tokens_range file:///voc/work/W3_package/api/main.py 17:0-71:26
2026-08-29 16:03:16.522 [info] ERROR:pygls.protocol.json_rpc:Exception occurred for message "140": _pickle.UnpicklingError: invalid load key, ' '.
NoneType: None

2026-08-29 16:03:16.531 [info] [Error - 4:03:16 PM] Request textDocument/semanticTokens/range failed.
2026-08-29 16:03:16.531 [info]   Message: _pickle.UnpicklingError: invalid load key, ' '.
  Code: -32603 
[object Object]
2026-08-29 16:03:17.170 [info] semantic_tokens_range file:///voc/work/W3_package/api/main.py 9:0-63:18
2026-08-29 16:03:17.173 [info] ERROR:pygls.protocol.json_rpc:Exception occurred for message "141": _pickle.UnpicklingError: invalid load key, ' '.
NoneType: None

2026-08-29 16:03:17.181 [info] [Error - 4:03:17 PM] Request textDocument/semanticTokens/range failed.
2026-08-29 16:03:17.181 [info]   Message: _pickle.UnpicklingError: invalid load key, ' '.
  Code: -32603 
[object Object]
2026-08-29 16:03:18.615 [info] semantic_tokens_range file:///voc/work/W3_package/api/main.py 15:0-69:0
2026-08-29 16:03:18.617 [info] ERROR:pygls.protocol.json_rpc:Exception occurred for message "142": _pickle.UnpicklingError: invalid load key, ' '.
NoneType: None

2026-08-29 16:03:18.625 [info] [Error - 4:03:18 PM] Request textDocument/semanticTokens/range failed.
2026-08-29 16:03:18.625 [info]   Message: _pickle.UnpicklingError: invalid load key, ' '.
  Code: -32603 
[object Object]
2026-08-29 16:04:15.515 [info] semantic_tokens_range file:///voc/work/W3_package/api/main.py 9:0-63:18
2026-08-29 16:04:15.518 [info] ERROR:pygls.protocol.json_rpc:Exception occurred for message "144": _pickle.UnpicklingError: invalid load key, ' '.
NoneType: None

2026-08-29 16:04:15.527 [info] [Error - 4:04:15 PM] Request textDocument/semanticTokens/range failed.
2026-08-29 16:04:15.527 [info]   Message: _pickle.UnpicklingError: invalid load key, ' '.
  Code: -32603 
[object Object]
2026-08-29 16:04:16.061 [info] semantic_tokens_range file:///voc/work/W3_package/api/main.py 4:0-58:45
2026-08-29 16:04:16.063 [info] ERROR:pygls.protocol.json_rpc:Exception occurred for message "145": _pickle.UnpicklingError: invalid load key, ' '.
NoneType: None

2026-08-29 16:04:16.071 [info] [Error - 4:04:16 PM] Request textDocument/semanticTokens/range failed.
2026-08-29 16:04:16.071 [info]   Message: _pickle.UnpicklingError: invalid load key, ' '.
  Code: -32603 
[object Object]
2026-08-29 16:04:17.472 [info] semantic_tokens_range file:///voc/work/W3_package/api/main.py 15:0-69:0
2026-08-29 16:04:17.475 [info] ERROR:pygls.protocol.json_rpc:Exception occurred for message "146": _pickle.UnpicklingError: invalid load key, ' '.
NoneType: None

2026-08-29 16:04:17.483 [info] [Error - 4:04:17 PM] Request textDocument/semanticTokens/range failed.
2026-08-29 16:04:17.483 [info]   Message: _pickle.UnpicklingError: invalid load key, ' '.
  Code: -32603 
[object Object]
2026-08-29 16:04:54.044 [info] ERROR:pygls.protocol.json_rpc:Failed to handle request 148 textDocument/codeAction CodeActionParams(text_document=TextDocumentIdentifier(uri='file:///voc/work/W3_Learning_Venu/test.py'), range=8:62-8:62, context=CodeActionContext(diagnostics=[], only=None, trigger_kind=<CodeActionTriggerKind.Automatic: 2>), work_done_token=None, partial_result_token=None)
Traceback (most recent call last):
  File "/usr/local/lib/code-server-4.103.2/lib/vscode/extensions/ms-python.python-2025.12.0/python_files/lib/jedilsp/pygls/protocol/json_rpc.py", line 266, in _handle_request
    self._execute_request(msg_id, handler, params)
  File "/usr/local/lib/code-server-4.103.2/lib/vscode/extensions/ms-python.python-2025.12.0/python_files/lib/jedilsp/pygls/protocol/json_rpc.py", line 188, in _execute_request
    self._send_response(msg_id, handler(params))
  File "/usr/local/lib/code-server-4.103.2/lib/vscode/extensions/ms-python.python-2025.12.0/python_files/lib/jedilsp/jedi_language_server/notebook_utils.py", line 373, in wrapped
    result = f(notebook_server, notebook_params)
  File "/usr/local/lib/code-server-4.103.2/lib/vscode/extensions/ms-python.python-2025.12.0/python_files/lib/jedilsp/jedi_language_server/server.py", line 671, in code_action
    inline_refactoring = jedi_script.inline(*jedi_lines)
  File "/usr/local/lib/code-server-4.103.2/lib/vscode/extensions/ms-python.python-2025.12.0/python_files/lib/jedilsp/jedi/api/__init__.py", line 697, in inline
    names = [d._name for d in self.get_references(line, column, include_builtins=True)]
  File "/usr/local/lib/code-server-4.103.2/lib/vscode/extensions/ms-python.python-2025.12.0/python_files/lib/jedilsp/jedi/api/helpers.py", line 487, in wrapper
    return func(self, line, column, *args, **kwargs)
  File "/usr/local/lib/code-server-4.103.2/lib/vscode/extensions/ms-python.python-2025.12.0/python_files/lib/jedilsp/jedi/api/__init__.py", line 429, in get_references
    return _references(**kwargs)
  File "/usr/local/lib/code-server-4.103.2/lib/vscode/extensions/ms-python.python-2025.12.0/python_files/lib/jedilsp/jedi/api/__init__.py", line 423, in _references
    names = find_references(self._get_module_context(), tree_name, scope == 'file')
  File "/usr/local/lib/code-server-4.103.2/lib/vscode/extensions/ms-python.python-2025.12.0/python_files/lib/jedilsp/jedi/inference/references.py", line 122, in find_references
    found_names = _find_defining_names(module_context, tree_name)
  File "/usr/local/lib/code-server-4.103.2/lib/vscode/extensions/ms-python.python-2025.12.0/python_files/lib/jedilsp/jedi/inference/references.py", line 53, in _find_defining_names
    found_names = _find_names(module_context, tree_name)
  File "/usr/local/lib/code-server-4.103.2/lib/vscode/extensions/ms-python.python-2025.12.0/python_files/lib/jedilsp/jedi/inference/references.py", line 74, in _find_names
    found_names = set(name.goto())
  File "/usr/local/lib/code-server-4.103.2/lib/vscode/extensions/ms-python.python-2025.12.0/python_files/lib/jedilsp/jedi/inference/names.py", line 157, in goto
    module_names = goto_import(context, name)
  File "/usr/local/lib/code-server-4.103.2/lib/vscode/extensions/ms-python.python-2025.12.0/python_files/lib/jedilsp/jedi/inference/cache.py", line 44, in wrapper
    rv = function(obj, *args, **kwargs)
  File "/usr/local/lib/code-server-4.103.2/lib/vscode/extensions/ms-python.python-2025.12.0/python_files/lib/jedilsp/jedi/inference/imports.py", line 75, in goto_import
    _prepare_infer_import(module_context, tree_name)
  File "/usr/local/lib/code-server-4.103.2/lib/vscode/extensions/ms-python.python-2025.12.0/python_files/lib/jedilsp/jedi/inference/imports.py", line 116, in _prepare_infer_import
    return from_import_name, tuple(import_path), import_node.level, importer.follow()
  File "/usr/local/lib/code-server-4.103.2/lib/vscode/extensions/ms-python.python-2025.12.0/python_files/lib/jedilsp/jedi/inference/imports.py", line 296, in follow
    return import_module_by_names(
  File "/usr/local/lib/code-server-4.103.2/lib/vscode/extensions/ms-python.python-2025.12.0/python_files/lib/jedilsp/jedi/inference/imports.py", line 376, in import_module_by_names
    value_set = ValueSet.from_sets([
  File "/usr/local/lib/code-server-4.103.2/lib/vscode/extensions/ms-python.python-2025.12.0/python_files/lib/jedilsp/jedi/inference/imports.py", line 377, in <listcomp>
    import_module(
  File "/usr/local/lib/code-server-4.103.2/lib/vscode/extensions/ms-python.python-2025.12.0/python_files/lib/jedilsp/jedi/plugins/__init__.py", line 21, in wrapper
    return built_functions[public_name](*args, **kwargs)
  File "/usr/local/lib/code-server-4.103.2/lib/vscode/extensions/ms-python.python-2025.12.0/python_files/lib/jedilsp/jedi/plugins/flask.py", line 20, in wrapper
    return callback(inference_state, import_names, module_context, *args, **kwargs)
  File "/usr/local/lib/code-server-4.103.2/lib/vscode/extensions/ms-python.python-2025.12.0/python_files/lib/jedilsp/jedi/inference/gradual/typeshed.py", line 115, in wrapper
    python_value_set = ValueSet.from_sets(
  File "/usr/local/lib/code-server-4.103.2/lib/vscode/extensions/ms-python.python-2025.12.0/python_files/lib/jedilsp/jedi/inference/base_value.py", line 430, in from_sets
    for set_ in sets:
  File "/usr/local/lib/code-server-4.103.2/lib/vscode/extensions/ms-python.python-2025.12.0/python_files/lib/jedilsp/jedi/inference/gradual/typeshed.py", line 116, in <genexpr>
    func(inference_state, import_names, p, sys_path,)
  File "/usr/local/lib/code-server-4.103.2/lib/vscode/extensions/ms-python.python-2025.12.0/python_files/lib/jedilsp/jedi/inference/imports.py", line 411, in import_module
    file_io_or_ns, is_pkg = inference_state.compiled_subprocess.get_module_info(
  File "/usr/local/lib/code-server-4.103.2/lib/vscode/extensions/ms-python.python-2025.12.0/python_files/lib/jedilsp/jedi/inference/compiled/subprocess/__init__.py", line 188, in wrapper
    result = self._compiled_subprocess.run(
  File "/usr/local/lib/code-server-4.103.2/lib/vscode/extensions/ms-python.python-2025.12.0/python_files/lib/jedilsp/jedi/inference/compiled/subprocess/__init__.py", line 293, in run
    self._send(delete_id, None)
  File "/usr/local/lib/code-server-4.103.2/lib/vscode/extensions/ms-python.python-2025.12.0/python_files/lib/jedilsp/jedi/inference/compiled/subprocess/__init__.py", line 318, in _send
    is_exception, traceback, result = pickle_load(self._get_process().stdout)
  File "/usr/local/lib/code-server-4.103.2/lib/vscode/extensions/ms-python.python-2025.12.0/python_files/lib/jedilsp/jedi/_compatibility.py", line 25, in pickle_load
    return Unpickler(file).load()
_pickle.UnpicklingError: invalid load key, ' '.

2026-08-29 16:04:54.045 [info] [Error - 4:04:54 PM] Request textDocument/codeAction failed.
2026-08-29 16:04:54.056 [info]   Message: _pickle.UnpicklingError: invalid load key, ' '.
  Code: -32603 
[object Object]
2026-08-29 16:04:54.092 [info] semantic_tokens_full file:///voc/work/W3_Learning_Venu/test.py 
2026-08-29 16:04:54.093 [info] ERROR:pygls.protocol.json_rpc:Exception occurred for message "149": _pickle.UnpicklingError: invalid load key, ' '.
NoneType: None

2026-08-29 16:04:54.102 [info] ERROR:pygls.protocol.json_rpc:Failed to handle request 150 textDocument/documentSymbol DocumentSymbolParams(text_document=TextDocumentIdentifier(uri='file:///voc/work/W3_Learning_Venu/test.py'), work_done_token=None, partial_result_token=None)
Traceback (most recent call last):
  File "/usr/local/lib/code-server-4.103.2/lib/vscode/extensions/ms-python.python-2025.12.0/python_files/lib/jedilsp/pygls/protocol/json_rpc.py", line 266, in _handle_request
    self._execute_request(msg_id, handler, params)
  File "/usr/local/lib/code-server-4.103.2/lib/vscode/extensions/ms-python.python-2025.12.0/python_files/lib/jedilsp/pygls/protocol/json_rpc.py", line 188, in _execute_request
    self._send_response(msg_id, handler(params))
  File "/usr/local/lib/code-server-4.103.2/lib/vscode/extensions/ms-python.python-2025.12.0/python_files/lib/jedilsp/jedi_language_server/server.py", line 546, in document_symbol
    document_symbols = jedi_utils.lsp_document_symbols(names)
  File "/usr/local/lib/code-server-4.103.2/lib/vscode/extensions/ms-python.python-2025.12.0/python_files/lib/jedilsp/jedi_language_server/jedi_utils.py", line 225, in lsp_document_symbols
    symbol_range = _document_symbol_range(name)
  File "/usr/local/lib/code-server-4.103.2/lib/vscode/extensions/ms-python.python-2025.12.0/python_files/lib/jedilsp/jedi_language_server/jedi_utils.py", line 204, in _document_symbol_range
    end = name.get_definition_end_position()
  File "/usr/local/lib/code-server-4.103.2/lib/vscode/extensions/ms-python.python-2025.12.0/python_files/lib/jedilsp/jedi/api/classes.py", line 260, in get_definition_end_position
    if self.type in ("function", "class"):
  File "/usr/local/lib/code-server-4.103.2/lib/vscode/extensions/ms-python.python-2025.12.0/python_files/lib/jedilsp/jedi/api/classes.py", line 190, in type
    for value in self._name.infer():
  File "/usr/local/lib/code-server-4.103.2/lib/vscode/extensions/ms-python.python-2025.12.0/python_files/lib/jedilsp/jedi/inference/names.py", line 281, in infer
    return tree_name_to_values(
  File "/usr/local/lib/code-server-4.103.2/lib/vscode/extensions/ms-python.python-2025.12.0/python_files/lib/jedilsp/jedi/plugins/__init__.py", line 21, in wrapper
    return built_functions[public_name](*args, **kwargs)
  File "/usr/local/lib/code-server-4.103.2/lib/vscode/extensions/ms-python.python-2025.12.0/python_files/lib/jedilsp/jedi/plugins/stdlib.py", line 878, in wrapper
    return func(inference_state, context, tree_name)
  File "/usr/local/lib/code-server-4.103.2/lib/vscode/extensions/ms-python.python-2025.12.0/python_files/lib/jedilsp/jedi/plugins/django.py", line 177, in wrapper
    result = func(inference_state, context, tree_name)
  File "/usr/local/lib/code-server-4.103.2/lib/vscode/extensions/ms-python.python-2025.12.0/python_files/lib/jedilsp/jedi/inference/syntax_tree.py", line 771, in tree_name_to_values
    types = imports.infer_import(context, tree_name)
  File "/usr/local/lib/code-server-4.103.2/lib/vscode/extensions/ms-python.python-2025.12.0/python_files/lib/jedilsp/jedi/inference/cache.py", line 44, in wrapper
    rv = function(obj, *args, **kwargs)
  File "/usr/local/lib/code-server-4.103.2/lib/vscode/extensions/ms-python.python-2025.12.0/python_files/lib/jedilsp/jedi/inference/imports.py", line 53, in infer_import
    _prepare_infer_import(module_context, tree_name)
  File "/usr/local/lib/code-server-4.103.2/lib/vscode/extensions/ms-python.python-2025.12.0/python_files/lib/jedilsp/jedi/inference/imports.py", line 116, in _prepare_infer_import
    return from_import_name, tuple(import_path), import_node.level, importer.follow()
  File "/usr/local/lib/code-server-4.103.2/lib/vscode/extensions/ms-python.python-2025.12.0/python_files/lib/jedilsp/jedi/inference/imports.py", line 296, in follow
    return import_module_by_names(
  File "/usr/local/lib/code-server-4.103.2/lib/vscode/extensions/ms-python.python-2025.12.0/python_files/lib/jedilsp/jedi/inference/imports.py", line 376, in import_module_by_names
    value_set = ValueSet.from_sets([
  File "/usr/local/lib/code-server-4.103.2/lib/vscode/extensions/ms-python.python-2025.12.0/python_files/lib/jedilsp/jedi/inference/imports.py", line 377, in <listcomp>
    import_module(
  File "/usr/local/lib/code-server-4.103.2/lib/vscode/extensions/ms-python.python-2025.12.0/python_files/lib/jedilsp/jedi/plugins/__init__.py", line 21, in wrapper
    return built_functions[public_name](*args, **kwargs)
  File "/usr/local/lib/code-server-4.103.2/lib/vscode/extensions/ms-python.python-2025.12.0/python_files/lib/jedilsp/jedi/plugins/flask.py", line 20, in wrapper
    return callback(inference_state, import_names, module_context, *args, **kwargs)
  File "/usr/local/lib/code-server-4.103.2/lib/vscode/extensions/ms-python.python-2025.12.0/python_files/lib/jedilsp/jedi/inference/gradual/typeshed.py", line 115, in wrapper
    python_value_set = ValueSet.from_sets(
  File "/usr/local/lib/code-server-4.103.2/lib/vscode/extensions/ms-python.python-2025.12.0/python_files/lib/jedilsp/jedi/inference/base_value.py", line 430, in from_sets
    for set_ in sets:
  File "/usr/local/lib/code-server-4.103.2/lib/vscode/extensions/ms-python.python-2025.12.0/python_files/lib/jedilsp/jedi/inference/gradual/typeshed.py", line 116, in <genexpr>
    func(inference_state, import_names, p, sys_path,)
  File "/usr/local/lib/code-server-4.103.2/lib/vscode/extensions/ms-python.python-2025.12.0/python_files/lib/jedilsp/jedi/inference/imports.py", line 411, in import_module
    file_io_or_ns, is_pkg = inference_state.compiled_subprocess.get_module_info(
  File "/usr/local/lib/code-server-4.103.2/lib/vscode/extensions/ms-python.python-2025.12.0/python_files/lib/jedilsp/jedi/inference/compiled/subprocess/__init__.py", line 188, in wrapper
    result = self._compiled_subprocess.run(
  File "/usr/local/lib/code-server-4.103.2/lib/vscode/extensions/ms-python.python-2025.12.0/python_files/lib/jedilsp/jedi/inference/compiled/subprocess/__init__.py", line 293, in run
    self._send(delete_id, None)
  File "/usr/local/lib/code-server-4.103.2/lib/vscode/extensions/ms-python.python-2025.12.0/python_files/lib/jedilsp/jedi/inference/compiled/subprocess/__init__.py", line 318, in _send
    is_exception, traceback, result = pickle_load(self._get_process().stdout)
  File "/usr/local/lib/code-server-4.103.2/lib/vscode/extensions/ms-python.python-2025.12.0/python_files/lib/jedilsp/jedi/_compatibility.py", line 25, in pickle_load
    return Unpickler(file).load()
_pickle.UnpicklingError: invalid load key, ' '.

2026-08-29 16:04:54.102 [info] [Error - 4:04:54 PM] Request textDocument/semanticTokens/full failed.
2026-08-29 16:04:54.102 [info]   Message: _pickle.UnpicklingError: invalid load key, ' '.
  Code: -32603 
[object Object]
2026-08-29 16:04:54.102 [info] [Error - 4:04:54 PM] Request textDocument/documentSymbol failed.
2026-08-29 16:04:54.102 [info]   Message: _pickle.UnpicklingError: invalid load key, ' '.
  Code: -32603 
[object Object]
2026-08-29 16:04:57.822 [info] ERROR:pygls.protocol.json_rpc:Failed to handle request 151 textDocument/documentHighlight DocumentHighlightParams(text_document=TextDocumentIdentifier(uri='file:///voc/work/W3_Learning_Venu/test.py'), position=8:62, work_done_token=None, partial_result_token=None)
Traceback (most recent call last):
  File "/usr/local/lib/code-server-4.103.2/lib/vscode/extensions/ms-python.python-2025.12.0/python_files/lib/jedilsp/pygls/protocol/json_rpc.py", line 266, in _handle_request
    self._execute_request(msg_id, handler, params)
  File "/usr/local/lib/code-server-4.103.2/lib/vscode/extensions/ms-python.python-2025.12.0/python_files/lib/jedilsp/pygls/protocol/json_rpc.py", line 188, in _execute_request
    self._send_response(msg_id, handler(params))
  File "/usr/local/lib/code-server-4.103.2/lib/vscode/extensions/ms-python.python-2025.12.0/python_files/lib/jedilsp/jedi_language_server/server.py", line 466, in highlight
    names = jedi_script.get_references(*jedi_lines, scope="file")
  File "/usr/local/lib/code-server-4.103.2/lib/vscode/extensions/ms-python.python-2025.12.0/python_files/lib/jedilsp/jedi/api/helpers.py", line 487, in wrapper
    return func(self, line, column, *args, **kwargs)
  File "/usr/local/lib/code-server-4.103.2/lib/vscode/extensions/ms-python.python-2025.12.0/python_files/lib/jedilsp/jedi/api/__init__.py", line 429, in get_references
    return _references(**kwargs)
  File "/usr/local/lib/code-server-4.103.2/lib/vscode/extensions/ms-python.python-2025.12.0/python_files/lib/jedilsp/jedi/api/__init__.py", line 423, in _references
    names = find_references(self._get_module_context(), tree_name, scope == 'file')
  File "/usr/local/lib/code-server-4.103.2/lib/vscode/extensions/ms-python.python-2025.12.0/python_files/lib/jedilsp/jedi/inference/references.py", line 122, in find_references
    found_names = _find_defining_names(module_context, tree_name)
  File "/usr/local/lib/code-server-4.103.2/lib/vscode/extensions/ms-python.python-2025.12.0/python_files/lib/jedilsp/jedi/inference/references.py", line 53, in _find_defining_names
    found_names = _find_names(module_context, tree_name)
  File "/usr/local/lib/code-server-4.103.2/lib/vscode/extensions/ms-python.python-2025.12.0/python_files/lib/jedilsp/jedi/inference/references.py", line 74, in _find_names
    found_names = set(name.goto())
  File "/usr/local/lib/code-server-4.103.2/lib/vscode/extensions/ms-python.python-2025.12.0/python_files/lib/jedilsp/jedi/inference/names.py", line 157, in goto
    module_names = goto_import(context, name)
  File "/usr/local/lib/code-server-4.103.2/lib/vscode/extensions/ms-python.python-2025.12.0/python_files/lib/jedilsp/jedi/inference/cache.py", line 44, in wrapper
    rv = function(obj, *args, **kwargs)
  File "/usr/local/lib/code-server-4.103.2/lib/vscode/extensions/ms-python.python-2025.12.0/python_files/lib/jedilsp/jedi/inference/imports.py", line 75, in goto_import
    _prepare_infer_import(module_context, tree_name)
  File "/usr/local/lib/code-server-4.103.2/lib/vscode/extensions/ms-python.python-2025.12.0/python_files/lib/jedilsp/jedi/inference/imports.py", line 116, in _prepare_infer_import
    return from_import_name, tuple(import_path), import_node.level, importer.follow()
  File "/usr/local/lib/code-server-4.103.2/lib/vscode/extensions/ms-python.python-2025.12.0/python_files/lib/jedilsp/jedi/inference/imports.py", line 296, in follow
    return import_module_by_names(
  File "/usr/local/lib/code-server-4.103.2/lib/vscode/extensions/ms-python.python-2025.12.0/python_files/lib/jedilsp/jedi/inference/imports.py", line 376, in import_module_by_names
    value_set = ValueSet.from_sets([
  File "/usr/local/lib/code-server-4.103.2/lib/vscode/extensions/ms-python.python-2025.12.0/python_files/lib/jedilsp/jedi/inference/imports.py", line 377, in <listcomp>
    import_module(
  File "/usr/local/lib/code-server-4.103.2/lib/vscode/extensions/ms-python.python-2025.12.0/python_files/lib/jedilsp/jedi/plugins/__init__.py", line 21, in wrapper
    return built_functions[public_name](*args, **kwargs)
  File "/usr/local/lib/code-server-4.103.2/lib/vscode/extensions/ms-python.python-2025.12.0/python_files/lib/jedilsp/jedi/plugins/flask.py", line 20, in wrapper
    return callback(inference_state, import_names, module_context, *args, **kwargs)
  File "/usr/local/lib/code-server-4.103.2/lib/vscode/extensions/ms-python.python-2025.12.0/python_files/lib/jedilsp/jedi/inference/gradual/typeshed.py", line 115, in wrapper
    python_value_set = ValueSet.from_sets(
  File "/usr/local/lib/code-server-4.103.2/lib/vscode/extensions/ms-python.python-2025.12.0/python_files/lib/jedilsp/jedi/inference/base_value.py", line 430, in from_sets
    for set_ in sets:
  File "/usr/local/lib/code-server-4.103.2/lib/vscode/extensions/ms-python.python-2025.12.0/python_files/lib/jedilsp/jedi/inference/gradual/typeshed.py", line 116, in <genexpr>
    func(inference_state, import_names, p, sys_path,)
  File "/usr/local/lib/code-server-4.103.2/lib/vscode/extensions/ms-python.python-2025.12.0/python_files/lib/jedilsp/jedi/inference/imports.py", line 411, in import_module
    file_io_or_ns, is_pkg = inference_state.compiled_subprocess.get_module_info(
  File "/usr/local/lib/code-server-4.103.2/lib/vscode/extensions/ms-python.python-2025.12.0/python_files/lib/jedilsp/jedi/inference/compiled/subprocess/__init__.py", line 188, in wrapper
    result = self._compiled_subprocess.run(
  File "/usr/local/lib/code-server-4.103.2/lib/vscode/extensions/ms-python.python-2025.12.0/python_files/lib/jedilsp/jedi/inference/compiled/subprocess/__init__.py", line 293, in run
    self._send(delete_id, None)
  File "/usr/local/lib/code-server-4.103.2/lib/vscode/extensions/ms-python.python-2025.12.0/python_files/lib/jedilsp/jedi/inference/compiled/subprocess/__init__.py", line 318, in _send
    is_exception, traceback, result = pickle_load(self._get_process().stdout)
  File "/usr/local/lib/code-server-4.103.2/lib/vscode/extensions/ms-python.python-2025.12.0/python_files/lib/jedilsp/jedi/_compatibility.py", line 25, in pickle_load
    return Unpickler(file).load()
_pickle.UnpicklingError: invalid load key, ' '.

2026-08-29 16:04:57.822 [info] [Error - 4:04:57 PM] Request textDocument/documentHighlight failed.
2026-08-29 16:04:57.833 [info]   Message: _pickle.UnpicklingError: invalid load key, ' '.
  Code: -32603 
[object Object]
2026-08-29 16:05:06.163 [info] ERROR:pygls.protocol.json_rpc:Failed to handle request 154 textDocument/codeAction CodeActionParams(text_document=TextDocumentIdentifier(uri='file:///voc/work/W3_Learning_Venu/main.py'), range=8:1-8:1, context=CodeActionContext(diagnostics=[], only=None, trigger_kind=<CodeActionTriggerKind.Automatic: 2>), work_done_token=None, partial_result_token=None)
Traceback (most recent call last):
  File "/usr/local/lib/code-server-4.103.2/lib/vscode/extensions/ms-python.python-2025.12.0/python_files/lib/jedilsp/pygls/protocol/json_rpc.py", line 266, in _handle_request
    self._execute_request(msg_id, handler, params)
  File "/usr/local/lib/code-server-4.103.2/lib/vscode/extensions/ms-python.python-2025.12.0/python_files/lib/jedilsp/pygls/protocol/json_rpc.py", line 188, in _execute_request
    self._send_response(msg_id, handler(params))
  File "/usr/local/lib/code-server-4.103.2/lib/vscode/extensions/ms-python.python-2025.12.0/python_files/lib/jedilsp/jedi_language_server/notebook_utils.py", line 373, in wrapped
    result = f(notebook_server, notebook_params)
  File "/usr/local/lib/code-server-4.103.2/lib/vscode/extensions/ms-python.python-2025.12.0/python_files/lib/jedilsp/jedi_language_server/server.py", line 717, in code_action
    extract_function_refactoring = jedi_script.extract_function(
  File "/usr/local/lib/code-server-4.103.2/lib/vscode/extensions/ms-python.python-2025.12.0/python_files/lib/jedilsp/jedi/api/helpers.py", line 487, in wrapper
    return func(self, line, column, *args, **kwargs)
  File "/usr/local/lib/code-server-4.103.2/lib/vscode/extensions/ms-python.python-2025.12.0/python_files/lib/jedilsp/jedi/api/__init__.py", line 675, in extract_function
    return extract_function(
  File "/usr/local/lib/code-server-4.103.2/lib/vscode/extensions/ms-python.python-2025.12.0/python_files/lib/jedilsp/jedi/api/refactoring/extract.py", line 216, in extract_function
    params, return_variables = list(_find_inputs_and_outputs(module_context, context, nodes))
  File "/usr/local/lib/code-server-4.103.2/lib/vscode/extensions/ms-python.python-2025.12.0/python_files/lib/jedilsp/jedi/api/refactoring/extract.py", line 332, in _find_inputs_and_outputs
    name_definitions = context.goto(name, name.start_pos)
  File "/usr/local/lib/code-server-4.103.2/lib/vscode/extensions/ms-python.python-2025.12.0/python_files/lib/jedilsp/jedi/inference/context.py", line 34, in goto
    names = finder.filter_name(filters, name_or_str)
  File "/usr/local/lib/code-server-4.103.2/lib/vscode/extensions/ms-python.python-2025.12.0/python_files/lib/jedilsp/jedi/inference/finder.py", line 35, in filter_name
    for filter in filters:
  File "/usr/local/lib/code-server-4.103.2/lib/vscode/extensions/ms-python.python-2025.12.0/python_files/lib/jedilsp/jedi/inference/context.py", line 496, in get_global_filters
    b = next(base_context.inference_state.builtins_module.get_filters(), None)
  File "/usr/local/lib/code-server-4.103.2/lib/vscode/extensions/ms-python.python-2025.12.0/python_files/lib/jedilsp/jedi/inference/cache.py", line 44, in wrapper
    rv = function(obj, *args, **kwargs)
  File "/usr/local/lib/code-server-4.103.2/lib/vscode/extensions/ms-python.python-2025.12.0/python_files/lib/jedilsp/jedi/inference/__init__.py", line 129, in builtins_module
    builtins_module, = self.import_module((module_name,), sys_path=[])
  File "/usr/local/lib/code-server-4.103.2/lib/vscode/extensions/ms-python.python-2025.12.0/python_files/lib/jedilsp/jedi/inference/__init__.py", line 112, in import_module
    return imports.import_module_by_names(
  File "/usr/local/lib/code-server-4.103.2/lib/vscode/extensions/ms-python.python-2025.12.0/python_files/lib/jedilsp/jedi/inference/imports.py", line 376, in import_module_by_names
    value_set = ValueSet.from_sets([
  File "/usr/local/lib/code-server-4.103.2/lib/vscode/extensions/ms-python.python-2025.12.0/python_files/lib/jedilsp/jedi/inference/imports.py", line 377, in <listcomp>
    import_module(
  File "/usr/local/lib/code-server-4.103.2/lib/vscode/extensions/ms-python.python-2025.12.0/python_files/lib/jedilsp/jedi/plugins/__init__.py", line 21, in wrapper
    return built_functions[public_name](*args, **kwargs)
  File "/usr/local/lib/code-server-4.103.2/lib/vscode/extensions/ms-python.python-2025.12.0/python_files/lib/jedilsp/jedi/plugins/flask.py", line 20, in wrapper
    return callback(inference_state, import_names, module_context, *args, **kwargs)
  File "/usr/local/lib/code-server-4.103.2/lib/vscode/extensions/ms-python.python-2025.12.0/python_files/lib/jedilsp/jedi/inference/gradual/typeshed.py", line 115, in wrapper
    python_value_set = ValueSet.from_sets(
  File "/usr/local/lib/code-server-4.103.2/lib/vscode/extensions/ms-python.python-2025.12.0/python_files/lib/jedilsp/jedi/inference/base_value.py", line 430, in from_sets
    for set_ in sets:
  File "/usr/local/lib/code-server-4.103.2/lib/vscode/extensions/ms-python.python-2025.12.0/python_files/lib/jedilsp/jedi/inference/gradual/typeshed.py", line 116, in <genexpr>
    func(inference_state, import_names, p, sys_path,)
  File "/usr/local/lib/code-server-4.103.2/lib/vscode/extensions/ms-python.python-2025.12.0/python_files/lib/jedilsp/jedi/inference/imports.py", line 411, in import_module
    file_io_or_ns, is_pkg = inference_state.compiled_subprocess.get_module_info(
  File "/usr/local/lib/code-server-4.103.2/lib/vscode/extensions/ms-python.python-2025.12.0/python_files/lib/jedilsp/jedi/inference/compiled/subprocess/__init__.py", line 188, in wrapper
    result = self._compiled_subprocess.run(
  File "/usr/local/lib/code-server-4.103.2/lib/vscode/extensions/ms-python.python-2025.12.0/python_files/lib/jedilsp/jedi/inference/compiled/subprocess/__init__.py", line 293, in run
    self._send(delete_id, None)
  File "/usr/local/lib/code-server-4.103.2/lib/vscode/extensions/ms-python.python-2025.12.0/python_files/lib/jedilsp/jedi/inference/compiled/subprocess/__init__.py", line 318, in _send
    is_exception, traceback, result = pickle_load(self._get_process().stdout)
  File "/usr/local/lib/code-server-4.103.2/lib/vscode/extensions/ms-python.python-2025.12.0/python_files/lib/jedilsp/jedi/_compatibility.py", line 25, in pickle_load
    return Unpickler(file).load()
_pickle.UnpicklingError: invalid load key, ' '.

2026-08-29 16:05:06.163 [info] [Error - 4:05:06 PM] Request textDocument/codeAction failed.
2026-08-29 16:05:06.174 [info]   Message: _pickle.UnpicklingError: invalid load key, ' '.
  Code: -32603 
[object Object]
2026-08-29 16:05:06.198 [info] semantic_tokens_full file:///voc/work/W3_Learning_Venu/main.py 
2026-08-29 16:05:06.199 [info] ERROR:pygls.protocol.json_rpc:Exception occurred for message "155": _pickle.UnpicklingError: invalid load key, ' '.
NoneType: None

2026-08-29 16:05:06.208 [info] [Error - 4:05:06 PM] Request textDocument/semanticTokens/full failed.
2026-08-29 16:05:06.208 [info]   Message: _pickle.UnpicklingError: invalid load key, ' '.
  Code: -32603 
[object Object]
2026-08-29 16:05:06.209 [info] ERROR:pygls.protocol.json_rpc:Failed to handle request 156 textDocument/documentSymbol DocumentSymbolParams(text_document=TextDocumentIdentifier(uri='file:///voc/work/W3_Learning_Venu/main.py'), work_done_token=None, partial_result_token=None)
Traceback (most recent call last):
  File "/usr/local/lib/code-server-4.103.2/lib/vscode/extensions/ms-python.python-2025.12.0/python_files/lib/jedilsp/pygls/protocol/json_rpc.py", line 266, in _handle_request
    self._execute_request(msg_id, handler, params)
  File "/usr/local/lib/code-server-4.103.2/lib/vscode/extensions/ms-python.python-2025.12.0/python_files/lib/jedilsp/pygls/protocol/json_rpc.py", line 188, in _execute_request
    self._send_response(msg_id, handler(params))
  File "/usr/local/lib/code-server-4.103.2/lib/vscode/extensions/ms-python.python-2025.12.0/python_files/lib/jedilsp/jedi_language_server/server.py", line 546, in document_symbol
    document_symbols = jedi_utils.lsp_document_symbols(names)
  File "/usr/local/lib/code-server-4.103.2/lib/vscode/extensions/ms-python.python-2025.12.0/python_files/lib/jedilsp/jedi_language_server/jedi_utils.py", line 225, in lsp_document_symbols
    symbol_range = _document_symbol_range(name)
  File "/usr/local/lib/code-server-4.103.2/lib/vscode/extensions/ms-python.python-2025.12.0/python_files/lib/jedilsp/jedi_language_server/jedi_utils.py", line 204, in _document_symbol_range
    end = name.get_definition_end_position()
  File "/usr/local/lib/code-server-4.103.2/lib/vscode/extensions/ms-python.python-2025.12.0/python_files/lib/jedilsp/jedi/api/classes.py", line 260, in get_definition_end_position
    if self.type in ("function", "class"):
  File "/usr/local/lib/code-server-4.103.2/lib/vscode/extensions/ms-python.python-2025.12.0/python_files/lib/jedilsp/jedi/api/classes.py", line 190, in type
    for value in self._name.infer():
  File "/usr/local/lib/code-server-4.103.2/lib/vscode/extensions/ms-python.python-2025.12.0/python_files/lib/jedilsp/jedi/inference/names.py", line 281, in infer
    return tree_name_to_values(
  File "/usr/local/lib/code-server-4.103.2/lib/vscode/extensions/ms-python.python-2025.12.0/python_files/lib/jedilsp/jedi/plugins/__init__.py", line 21, in wrapper
    return built_functions[public_name](*args, **kwargs)
  File "/usr/local/lib/code-server-4.103.2/lib/vscode/extensions/ms-python.python-2025.12.0/python_files/lib/jedilsp/jedi/plugins/stdlib.py", line 878, in wrapper
    return func(inference_state, context, tree_name)
  File "/usr/local/lib/code-server-4.103.2/lib/vscode/extensions/ms-python.python-2025.12.0/python_files/lib/jedilsp/jedi/plugins/django.py", line 177, in wrapper
    result = func(inference_state, context, tree_name)
  File "/usr/local/lib/code-server-4.103.2/lib/vscode/extensions/ms-python.python-2025.12.0/python_files/lib/jedilsp/jedi/inference/syntax_tree.py", line 771, in tree_name_to_values
    types = imports.infer_import(context, tree_name)
  File "/usr/local/lib/code-server-4.103.2/lib/vscode/extensions/ms-python.python-2025.12.0/python_files/lib/jedilsp/jedi/inference/cache.py", line 44, in wrapper
    rv = function(obj, *args, **kwargs)
  File "/usr/local/lib/code-server-4.103.2/lib/vscode/extensions/ms-python.python-2025.12.0/python_files/lib/jedilsp/jedi/inference/imports.py", line 53, in infer_import
    _prepare_infer_import(module_context, tree_name)
  File "/usr/local/lib/code-server-4.103.2/lib/vscode/extensions/ms-python.python-2025.12.0/python_files/lib/jedilsp/jedi/inference/imports.py", line 116, in _prepare_infer_import
    return from_import_name, tuple(import_path), import_node.level, importer.follow()
  File "/usr/local/lib/code-server-4.103.2/lib/vscode/extensions/ms-python.python-2025.12.0/python_files/lib/jedilsp/jedi/inference/imports.py", line 296, in follow
    return import_module_by_names(
  File "/usr/local/lib/code-server-4.103.2/lib/vscode/extensions/ms-python.python-2025.12.0/python_files/lib/jedilsp/jedi/inference/imports.py", line 376, in import_module_by_names
    value_set = ValueSet.from_sets([
  File "/usr/local/lib/code-server-4.103.2/lib/vscode/extensions/ms-python.python-2025.12.0/python_files/lib/jedilsp/jedi/inference/imports.py", line 377, in <listcomp>
    import_module(
  File "/usr/local/lib/code-server-4.103.2/lib/vscode/extensions/ms-python.python-2025.12.0/python_files/lib/jedilsp/jedi/plugins/__init__.py", line 21, in wrapper
    return built_functions[public_name](*args, **kwargs)
  File "/usr/local/lib/code-server-4.103.2/lib/vscode/extensions/ms-python.python-2025.12.0/python_files/lib/jedilsp/jedi/plugins/flask.py", line 20, in wrapper
    return callback(inference_state, import_names, module_context, *args, **kwargs)
  File "/usr/local/lib/code-server-4.103.2/lib/vscode/extensions/ms-python.python-2025.12.0/python_files/lib/jedilsp/jedi/inference/gradual/typeshed.py", line 115, in wrapper
    python_value_set = ValueSet.from_sets(
  File "/usr/local/lib/code-server-4.103.2/lib/vscode/extensions/ms-python.python-2025.12.0/python_files/lib/jedilsp/jedi/inference/base_value.py", line 430, in from_sets
    for set_ in sets:
  File "/usr/local/lib/code-server-4.103.2/lib/vscode/extensions/ms-python.python-2025.12.0/python_files/lib/jedilsp/jedi/inference/gradual/typeshed.py", line 116, in <genexpr>
    func(inference_state, import_names, p, sys_path,)
  File "/usr/local/lib/code-server-4.103.2/lib/vscode/extensions/ms-python.python-2025.12.0/python_files/lib/jedilsp/jedi/inference/imports.py", line 411, in import_module
    file_io_or_ns, is_pkg = inference_state.compiled_subprocess.get_module_info(
  File "/usr/local/lib/code-server-4.103.2/lib/vscode/extensions/ms-python.python-2025.12.0/python_files/lib/jedilsp/jedi/inference/compiled/subprocess/__init__.py", line 188, in wrapper
    result = self._compiled_subprocess.run(
  File "/usr/local/lib/code-server-4.103.2/lib/vscode/extensions/ms-python.python-2025.12.0/python_files/lib/jedilsp/jedi/inference/compiled/subprocess/__init__.py", line 293, in run
    self._send(delete_id, None)
  File "/usr/local/lib/code-server-4.103.2/lib/vscode/extensions/ms-python.python-2025.12.0/python_files/lib/jedilsp/jedi/inference/compiled/subprocess/__init__.py", line 318, in _send
    is_exception, traceback, result = pickle_load(self._get_process().stdout)
  File "/usr/local/lib/code-server-4.103.2/lib/vscode/extensions/ms-python.python-2025.12.0/python_files/lib/jedilsp/jedi/_compatibility.py", line 25, in pickle_load
    return Unpickler(file).load()
_pickle.UnpicklingError: invalid load key, ' '.

2026-08-29 16:05:06.218 [info] [Error - 4:05:06 PM] Request textDocument/documentSymbol failed.
2026-08-29 16:05:06.218 [info]   Message: _pickle.UnpicklingError: invalid load key, ' '.
  Code: -32603 
[object Object]
2026-08-29 16:05:11.148 [info] semantic_tokens_range file:///voc/work/W3_package/api/main.py 15:0-69:0
2026-08-29 16:05:11.150 [info] ERROR:pygls.protocol.json_rpc:Exception occurred for message "160": _pickle.UnpicklingError: invalid load key, ' '.
NoneType: None

2026-08-29 16:05:11.159 [info] [Error - 4:05:11 PM] Request textDocument/semanticTokens/range failed.
2026-08-29 16:05:11.159 [info]   Message: _pickle.UnpicklingError: invalid load key, ' '.
  Code: -32603 
[object Object]
2026-08-29 16:05:11.203 [info] semantic_tokens_full file:///voc/work/W3_package/api/main.py 
2026-08-29 16:05:11.206 [info] ERROR:pygls.protocol.json_rpc:Exception occurred for message "161": _pickle.UnpicklingError: invalid load key, ' '.
NoneType: None

2026-08-29 16:05:11.213 [info] ERROR:pygls.protocol.json_rpc:Failed to handle request 162 textDocument/documentSymbol DocumentSymbolParams(text_document=TextDocumentIdentifier(uri='file:///voc/work/W3_package/api/main.py'), work_done_token=None, partial_result_token=None)
Traceback (most recent call last):
  File "/usr/local/lib/code-server-4.103.2/lib/vscode/extensions/ms-python.python-2025.12.0/python_files/lib/jedilsp/pygls/protocol/json_rpc.py", line 266, in _handle_request
    self._execute_request(msg_id, handler, params)
  File "/usr/local/lib/code-server-4.103.2/lib/vscode/extensions/ms-python.python-2025.12.0/python_files/lib/jedilsp/pygls/protocol/json_rpc.py", line 188, in _execute_request
    self._send_response(msg_id, handler(params))
  File "/usr/local/lib/code-server-4.103.2/lib/vscode/extensions/ms-python.python-2025.12.0/python_files/lib/jedilsp/jedi_language_server/server.py", line 546, in document_symbol
    document_symbols = jedi_utils.lsp_document_symbols(names)
  File "/usr/local/lib/code-server-4.103.2/lib/vscode/extensions/ms-python.python-2025.12.0/python_files/lib/jedilsp/jedi_language_server/jedi_utils.py", line 225, in lsp_document_symbols
    symbol_range = _document_symbol_range(name)
  File "/usr/local/lib/code-server-4.103.2/lib/vscode/extensions/ms-python.python-2025.12.0/python_files/lib/jedilsp/jedi_language_server/jedi_utils.py", line 204, in _document_symbol_range
    end = name.get_definition_end_position()
  File "/usr/local/lib/code-server-4.103.2/lib/vscode/extensions/ms-python.python-2025.12.0/python_files/lib/jedilsp/jedi/api/classes.py", line 260, in get_definition_end_position
    if self.type in ("function", "class"):
  File "/usr/local/lib/code-server-4.103.2/lib/vscode/extensions/ms-python.python-2025.12.0/python_files/lib/jedilsp/jedi/api/classes.py", line 190, in type
    for value in self._name.infer():
  File "/usr/local/lib/code-server-4.103.2/lib/vscode/extensions/ms-python.python-2025.12.0/python_files/lib/jedilsp/jedi/inference/names.py", line 281, in infer
    return tree_name_to_values(
  File "/usr/local/lib/code-server-4.103.2/lib/vscode/extensions/ms-python.python-2025.12.0/python_files/lib/jedilsp/jedi/plugins/__init__.py", line 21, in wrapper
    return built_functions[public_name](*args, **kwargs)
  File "/usr/local/lib/code-server-4.103.2/lib/vscode/extensions/ms-python.python-2025.12.0/python_files/lib/jedilsp/jedi/plugins/stdlib.py", line 878, in wrapper
    return func(inference_state, context, tree_name)
  File "/usr/local/lib/code-server-4.103.2/lib/vscode/extensions/ms-python.python-2025.12.0/python_files/lib/jedilsp/jedi/plugins/django.py", line 177, in wrapper
    result = func(inference_state, context, tree_name)
  File "/usr/local/lib/code-server-4.103.2/lib/vscode/extensions/ms-python.python-2025.12.0/python_files/lib/jedilsp/jedi/inference/syntax_tree.py", line 771, in tree_name_to_values
    types = imports.infer_import(context, tree_name)
  File "/usr/local/lib/code-server-4.103.2/lib/vscode/extensions/ms-python.python-2025.12.0/python_files/lib/jedilsp/jedi/inference/cache.py", line 44, in wrapper
    rv = function(obj, *args, **kwargs)
  File "/usr/local/lib/code-server-4.103.2/lib/vscode/extensions/ms-python.python-2025.12.0/python_files/lib/jedilsp/jedi/inference/imports.py", line 53, in infer_import
    _prepare_infer_import(module_context, tree_name)
  File "/usr/local/lib/code-server-4.103.2/lib/vscode/extensions/ms-python.python-2025.12.0/python_files/lib/jedilsp/jedi/inference/imports.py", line 116, in _prepare_infer_import
    return from_import_name, tuple(import_path), import_node.level, importer.follow()
  File "/usr/local/lib/code-server-4.103.2/lib/vscode/extensions/ms-python.python-2025.12.0/python_files/lib/jedilsp/jedi/inference/imports.py", line 296, in follow
    return import_module_by_names(
  File "/usr/local/lib/code-server-4.103.2/lib/vscode/extensions/ms-python.python-2025.12.0/python_files/lib/jedilsp/jedi/inference/imports.py", line 376, in import_module_by_names
    value_set = ValueSet.from_sets([
  File "/usr/local/lib/code-server-4.103.2/lib/vscode/extensions/ms-python.python-2025.12.0/python_files/lib/jedilsp/jedi/inference/imports.py", line 377, in <listcomp>
    import_module(
  File "/usr/local/lib/code-server-4.103.2/lib/vscode/extensions/ms-python.python-2025.12.0/python_files/lib/jedilsp/jedi/plugins/__init__.py", line 21, in wrapper
    return built_functions[public_name](*args, **kwargs)
  File "/usr/local/lib/code-server-4.103.2/lib/vscode/extensions/ms-python.python-2025.12.0/python_files/lib/jedilsp/jedi/plugins/flask.py", line 20, in wrapper
    return callback(inference_state, import_names, module_context, *args, **kwargs)
  File "/usr/local/lib/code-server-4.103.2/lib/vscode/extensions/ms-python.python-2025.12.0/python_files/lib/jedilsp/jedi/inference/gradual/typeshed.py", line 115, in wrapper
    python_value_set = ValueSet.from_sets(
  File "/usr/local/lib/code-server-4.103.2/lib/vscode/extensions/ms-python.python-2025.12.0/python_files/lib/jedilsp/jedi/inference/base_value.py", line 430, in from_sets
    for set_ in sets:
  File "/usr/local/lib/code-server-4.103.2/lib/vscode/extensions/ms-python.python-2025.12.0/python_files/lib/jedilsp/jedi/inference/gradual/typeshed.py", line 116, in <genexpr>
    func(inference_state, import_names, p, sys_path,)
  File "/usr/local/lib/code-server-4.103.2/lib/vscode/extensions/ms-python.python-2025.12.0/python_files/lib/jedilsp/jedi/inference/imports.py", line 411, in import_module
    file_io_or_ns, is_pkg = inference_state.compiled_subprocess.get_module_info(
  File "/usr/local/lib/code-server-4.103.2/lib/vscode/extensions/ms-python.python-2025.12.0/python_files/lib/jedilsp/jedi/inference/compiled/subprocess/__init__.py", line 188, in wrapper
    result = self._compiled_subprocess.run(
  File "/usr/local/lib/code-server-4.103.2/lib/vscode/extensions/ms-python.python-2025.12.0/python_files/lib/jedilsp/jedi/inference/compiled/subprocess/__init__.py", line 293, in run
    self._send(delete_id, None)
  File "/usr/local/lib/code-server-4.103.2/lib/vscode/extensions/ms-python.python-2025.12.0/python_files/lib/jedilsp/jedi/inference/compiled/subprocess/__init__.py", line 318, in _send
    is_exception, traceback, result = pickle_load(self._get_process().stdout)
  File "/usr/local/lib/code-server-4.103.2/lib/vscode/extensions/ms-python.python-2025.12.0/python_files/lib/jedilsp/jedi/_compatibility.py", line 25, in pickle_load
    return Unpickler(file).load()
_pickle.UnpicklingError: invalid load key, ' '.

2026-08-29 16:05:11.214 [info] [Error - 4:05:11 PM] Request textDocument/semanticTokens/full failed.
2026-08-29 16:05:11.214 [info]   Message: _pickle.UnpicklingError: invalid load key, ' '.
  Code: -32603 
[object Object]
2026-08-29 16:05:11.214 [info] [Error - 4:05:11 PM] Request textDocument/documentSymbol failed.
2026-08-29 16:05:11.223 [info]   Message: _pickle.UnpicklingError: invalid load key, ' '.
  Code: -32603 
[object Object]
2026-08-29 16:05:12.551 [info] semantic_tokens_range file:///voc/work/W3_package/api/main.py 33:0-87:7
2026-08-29 16:05:12.553 [info] ERROR:pygls.protocol.json_rpc:Exception occurred for message "163": _pickle.UnpicklingError: invalid load key, ' '.
NoneType: None

2026-08-29 16:05:12.561 [info] [Error - 4:05:12 PM] Request textDocument/semanticTokens/range failed.
2026-08-29 16:05:12.561 [info]   Message: _pickle.UnpicklingError: invalid load key, ' '.
  Code: -32603 
[object Object]
2026-08-29 16:05:17.513 [info] ERROR:pygls.protocol.json_rpc:Failed to handle request 165 textDocument/documentHighlight DocumentHighlightParams(text_document=TextDocumentIdentifier(uri='file:///voc/work/W3_Learning_Venu/test.py'), position=8:62, work_done_token=None, partial_result_token=None)
Traceback (most recent call last):
  File "/usr/local/lib/code-server-4.103.2/lib/vscode/extensions/ms-python.python-2025.12.0/python_files/lib/jedilsp/pygls/protocol/json_rpc.py", line 266, in _handle_request
    self._execute_request(msg_id, handler, params)
  File "/usr/local/lib/code-server-4.103.2/lib/vscode/extensions/ms-python.python-2025.12.0/python_files/lib/jedilsp/pygls/protocol/json_rpc.py", line 188, in _execute_request
    self._send_response(msg_id, handler(params))
  File "/usr/local/lib/code-server-4.103.2/lib/vscode/extensions/ms-python.python-2025.12.0/python_files/lib/jedilsp/jedi_language_server/server.py", line 466, in highlight
    names = jedi_script.get_references(*jedi_lines, scope="file")
  File "/usr/local/lib/code-server-4.103.2/lib/vscode/extensions/ms-python.python-2025.12.0/python_files/lib/jedilsp/jedi/api/helpers.py", line 487, in wrapper
    return func(self, line, column, *args, **kwargs)
  File "/usr/local/lib/code-server-4.103.2/lib/vscode/extensions/ms-python.python-2025.12.0/python_files/lib/jedilsp/jedi/api/__init__.py", line 429, in get_references
    return _references(**kwargs)
  File "/usr/local/lib/code-server-4.103.2/lib/vscode/extensions/ms-python.python-2025.12.0/python_files/lib/jedilsp/jedi/api/__init__.py", line 423, in _references
    names = find_references(self._get_module_context(), tree_name, scope == 'file')
  File "/usr/local/lib/code-server-4.103.2/lib/vscode/extensions/ms-python.python-2025.12.0/python_files/lib/jedilsp/jedi/inference/references.py", line 122, in find_references
    found_names = _find_defining_names(module_context, tree_name)
  File "/usr/local/lib/code-server-4.103.2/lib/vscode/extensions/ms-python.python-2025.12.0/python_files/lib/jedilsp/jedi/inference/references.py", line 53, in _find_defining_names
    found_names = _find_names(module_context, tree_name)
  File "/usr/local/lib/code-server-4.103.2/lib/vscode/extensions/ms-python.python-2025.12.0/python_files/lib/jedilsp/jedi/inference/references.py", line 74, in _find_names
    found_names = set(name.goto())
  File "/usr/local/lib/code-server-4.103.2/lib/vscode/extensions/ms-python.python-2025.12.0/python_files/lib/jedilsp/jedi/inference/names.py", line 157, in goto
    module_names = goto_import(context, name)
  File "/usr/local/lib/code-server-4.103.2/lib/vscode/extensions/ms-python.python-2025.12.0/python_files/lib/jedilsp/jedi/inference/cache.py", line 44, in wrapper
    rv = function(obj, *args, **kwargs)
  File "/usr/local/lib/code-server-4.103.2/lib/vscode/extensions/ms-python.python-2025.12.0/python_files/lib/jedilsp/jedi/inference/imports.py", line 75, in goto_import
    _prepare_infer_import(module_context, tree_name)
  File "/usr/local/lib/code-server-4.103.2/lib/vscode/extensions/ms-python.python-2025.12.0/python_files/lib/jedilsp/jedi/inference/imports.py", line 116, in _prepare_infer_import
    return from_import_name, tuple(import_path), import_node.level, importer.follow()
  File "/usr/local/lib/code-server-4.103.2/lib/vscode/extensions/ms-python.python-2025.12.0/python_files/lib/jedilsp/jedi/inference/imports.py", line 296, in follow
    return import_module_by_names(
  File "/usr/local/lib/code-server-4.103.2/lib/vscode/extensions/ms-python.python-2025.12.0/python_files/lib/jedilsp/jedi/inference/imports.py", line 376, in import_module_by_names
    value_set = ValueSet.from_sets([
  File "/usr/local/lib/code-server-4.103.2/lib/vscode/extensions/ms-python.python-2025.12.0/python_files/lib/jedilsp/jedi/inference/imports.py", line 377, in <listcomp>
    import_module(
  File "/usr/local/lib/code-server-4.103.2/lib/vscode/extensions/ms-python.python-2025.12.0/python_files/lib/jedilsp/jedi/plugins/__init__.py", line 21, in wrapper
    return built_functions[public_name](*args, **kwargs)
  File "/usr/local/lib/code-server-4.103.2/lib/vscode/extensions/ms-python.python-2025.12.0/python_files/lib/jedilsp/jedi/plugins/flask.py", line 20, in wrapper
    return callback(inference_state, import_names, module_context, *args, **kwargs)
  File "/usr/local/lib/code-server-4.103.2/lib/vscode/extensions/ms-python.python-2025.12.0/python_files/lib/jedilsp/jedi/inference/gradual/typeshed.py", line 115, in wrapper
    python_value_set = ValueSet.from_sets(
  File "/usr/local/lib/code-server-4.103.2/lib/vscode/extensions/ms-python.python-2025.12.0/python_files/lib/jedilsp/jedi/inference/base_value.py", line 430, in from_sets
    for set_ in sets:
  File "/usr/local/lib/code-server-4.103.2/lib/vscode/extensions/ms-python.python-2025.12.0/python_files/lib/jedilsp/jedi/inference/gradual/typeshed.py", line 116, in <genexpr>
    func(inference_state, import_names, p, sys_path,)
  File "/usr/local/lib/code-server-4.103.2/lib/vscode/extensions/ms-python.python-2025.12.0/python_files/lib/jedilsp/jedi/inference/imports.py", line 411, in import_module
    file_io_or_ns, is_pkg = inference_state.compiled_subprocess.get_module_info(
  File "/usr/local/lib/code-server-4.103.2/lib/vscode/extensions/ms-python.python-2025.12.0/python_files/lib/jedilsp/jedi/inference/compiled/subprocess/__init__.py", line 188, in wrapper
    result = self._compiled_subprocess.run(
  File "/usr/local/lib/code-server-4.103.2/lib/vscode/extensions/ms-python.python-2025.12.0/python_files/lib/jedilsp/jedi/inference/compiled/subprocess/__init__.py", line 293, in run
    self._send(delete_id, None)
  File "/usr/local/lib/code-server-4.103.2/lib/vscode/extensions/ms-python.python-2025.12.0/python_files/lib/jedilsp/jedi/inference/compiled/subprocess/__init__.py", line 318, in _send
    is_exception, traceback, result = pickle_load(self._get_process().stdout)
  File "/usr/local/lib/code-server-4.103.2/lib/vscode/extensions/ms-python.python-2025.12.0/python_files/lib/jedilsp/jedi/_compatibility.py", line 25, in pickle_load
    return Unpickler(file).load()
_pickle.UnpicklingError: invalid load key, ' '.

2026-08-29 16:05:17.514 [info] [Error - 4:05:17 PM] Request textDocument/documentHighlight failed.
2026-08-29 16:05:17.524 [info]   Message: _pickle.UnpicklingError: invalid load key, ' '.
  Code: -32603 
[object Object]
2026-08-29 16:05:17.670 [info] ERROR:pygls.protocol.json_rpc:Failed to handle request 166 textDocument/codeAction CodeActionParams(text_document=TextDocumentIdentifier(uri='file:///voc/work/W3_Learning_Venu/test.py'), range=8:62-8:62, context=CodeActionContext(diagnostics=[], only=None, trigger_kind=<CodeActionTriggerKind.Automatic: 2>), work_done_token=None, partial_result_token=None)
Traceback (most recent call last):
  File "/usr/local/lib/code-server-4.103.2/lib/vscode/extensions/ms-python.python-2025.12.0/python_files/lib/jedilsp/pygls/protocol/json_rpc.py", line 266, in _handle_request
    self._execute_request(msg_id, handler, params)
  File "/usr/local/lib/code-server-4.103.2/lib/vscode/extensions/ms-python.python-2025.12.0/python_files/lib/jedilsp/pygls/protocol/json_rpc.py", line 188, in _execute_request
    self._send_response(msg_id, handler(params))
  File "/usr/local/lib/code-server-4.103.2/lib/vscode/extensions/ms-python.python-2025.12.0/python_files/lib/jedilsp/jedi_language_server/notebook_utils.py", line 373, in wrapped
    result = f(notebook_server, notebook_params)
  File "/usr/local/lib/code-server-4.103.2/lib/vscode/extensions/ms-python.python-2025.12.0/python_files/lib/jedilsp/jedi_language_server/server.py", line 671, in code_action
    inline_refactoring = jedi_script.inline(*jedi_lines)
  File "/usr/local/lib/code-server-4.103.2/lib/vscode/extensions/ms-python.python-2025.12.0/python_files/lib/jedilsp/jedi/api/__init__.py", line 697, in inline
    names = [d._name for d in self.get_references(line, column, include_builtins=True)]
  File "/usr/local/lib/code-server-4.103.2/lib/vscode/extensions/ms-python.python-2025.12.0/python_files/lib/jedilsp/jedi/api/helpers.py", line 487, in wrapper
    return func(self, line, column, *args, **kwargs)
  File "/usr/local/lib/code-server-4.103.2/lib/vscode/extensions/ms-python.python-2025.12.0/python_files/lib/jedilsp/jedi/api/__init__.py", line 429, in get_references
    return _references(**kwargs)
  File "/usr/local/lib/code-server-4.103.2/lib/vscode/extensions/ms-python.python-2025.12.0/python_files/lib/jedilsp/jedi/api/__init__.py", line 423, in _references
    names = find_references(self._get_module_context(), tree_name, scope == 'file')
  File "/usr/local/lib/code-server-4.103.2/lib/vscode/extensions/ms-python.python-2025.12.0/python_files/lib/jedilsp/jedi/inference/references.py", line 122, in find_references
    found_names = _find_defining_names(module_context, tree_name)
  File "/usr/local/lib/code-server-4.103.2/lib/vscode/extensions/ms-python.python-2025.12.0/python_files/lib/jedilsp/jedi/inference/references.py", line 53, in _find_defining_names
    found_names = _find_names(module_context, tree_name)
  File "/usr/local/lib/code-server-4.103.2/lib/vscode/extensions/ms-python.python-2025.12.0/python_files/lib/jedilsp/jedi/inference/references.py", line 74, in _find_names
    found_names = set(name.goto())
  File "/usr/local/lib/code-server-4.103.2/lib/vscode/extensions/ms-python.python-2025.12.0/python_files/lib/jedilsp/jedi/inference/names.py", line 157, in goto
    module_names = goto_import(context, name)
  File "/usr/local/lib/code-server-4.103.2/lib/vscode/extensions/ms-python.python-2025.12.0/python_files/lib/jedilsp/jedi/inference/cache.py", line 44, in wrapper
    rv = function(obj, *args, **kwargs)
  File "/usr/local/lib/code-server-4.103.2/lib/vscode/extensions/ms-python.python-2025.12.0/python_files/lib/jedilsp/jedi/inference/imports.py", line 75, in goto_import
    _prepare_infer_import(module_context, tree_name)
  File "/usr/local/lib/code-server-4.103.2/lib/vscode/extensions/ms-python.python-2025.12.0/python_files/lib/jedilsp/jedi/inference/imports.py", line 116, in _prepare_infer_import
    return from_import_name, tuple(import_path), import_node.level, importer.follow()
  File "/usr/local/lib/code-server-4.103.2/lib/vscode/extensions/ms-python.python-2025.12.0/python_files/lib/jedilsp/jedi/inference/imports.py", line 296, in follow
    return import_module_by_names(
  File "/usr/local/lib/code-server-4.103.2/lib/vscode/extensions/ms-python.python-2025.12.0/python_files/lib/jedilsp/jedi/inference/imports.py", line 376, in import_module_by_names
    value_set = ValueSet.from_sets([
  File "/usr/local/lib/code-server-4.103.2/lib/vscode/extensions/ms-python.python-2025.12.0/python_files/lib/jedilsp/jedi/inference/imports.py", line 377, in <listcomp>
    import_module(
  File "/usr/local/lib/code-server-4.103.2/lib/vscode/extensions/ms-python.python-2025.12.0/python_files/lib/jedilsp/jedi/plugins/__init__.py", line 21, in wrapper
    return built_functions[public_name](*args, **kwargs)
  File "/usr/local/lib/code-server-4.103.2/lib/vscode/extensions/ms-python.python-2025.12.0/python_files/lib/jedilsp/jedi/plugins/flask.py", line 20, in wrapper
    return callback(inference_state, import_names, module_context, *args, **kwargs)
  File "/usr/local/lib/code-server-4.103.2/lib/vscode/extensions/ms-python.python-2025.12.0/python_files/lib/jedilsp/jedi/inference/gradual/typeshed.py", line 115, in wrapper
    python_value_set = ValueSet.from_sets(
  File "/usr/local/lib/code-server-4.103.2/lib/vscode/extensions/ms-python.python-2025.12.0/python_files/lib/jedilsp/jedi/inference/base_value.py", line 430, in from_sets
    for set_ in sets:
  File "/usr/local/lib/code-server-4.103.2/lib/vscode/extensions/ms-python.python-2025.12.0/python_files/lib/jedilsp/jedi/inference/gradual/typeshed.py", line 116, in <genexpr>
    func(inference_state, import_names, p, sys_path,)
  File "/usr/local/lib/code-server-4.103.2/lib/vscode/extensions/ms-python.python-2025.12.0/python_files/lib/jedilsp/jedi/inference/imports.py", line 411, in import_module
    file_io_or_ns, is_pkg = inference_state.compiled_subprocess.get_module_info(
  File "/usr/local/lib/code-server-4.103.2/lib/vscode/extensions/ms-python.python-2025.12.0/python_files/lib/jedilsp/jedi/inference/compiled/subprocess/__init__.py", line 188, in wrapper
    result = self._compiled_subprocess.run(
  File "/usr/local/lib/code-server-4.103.2/lib/vscode/extensions/ms-python.python-2025.12.0/python_files/lib/jedilsp/jedi/inference/compiled/subprocess/__init__.py", line 293, in run
    self._send(delete_id, None)
  File "/usr/local/lib/code-server-4.103.2/lib/vscode/extensions/ms-python.python-2025.12.0/python_files/lib/jedilsp/jedi/inference/compiled/subprocess/__init__.py", line 318, in _send
    is_exception, traceback, result = pickle_load(self._get_process().stdout)
  File "/usr/local/lib/code-server-4.103.2/lib/vscode/extensions/ms-python.python-2025.12.0/python_files/lib/jedilsp/jedi/_compatibility.py", line 25, in pickle_load
    return Unpickler(file).load()
_pickle.UnpicklingError: invalid load key, ' '.

2026-08-29 16:05:17.670 [info] [Error - 4:05:17 PM] Request textDocument/codeAction failed.
2026-08-29 16:05:17.680 [info]   Message: _pickle.UnpicklingError: invalid load key, ' '.
  Code: -32603 
[object Object]
2026-08-29 16:05:17.702 [info] semantic_tokens_full file:///voc/work/W3_Learning_Venu/test.py 
2026-08-29 16:05:17.703 [info] ERROR:pygls.protocol.json_rpc:Exception occurred for message "167": _pickle.UnpicklingError: invalid load key, ' '.
NoneType: None

2026-08-29 16:05:17.713 [info] [Error - 4:05:17 PM] Request textDocument/semanticTokens/full failed.
2026-08-29 16:05:17.713 [info]   Message: _pickle.UnpicklingError: invalid load key, ' '.
  Code: -32603 
[object Object]
2026-08-29 16:05:17.718 [info] ERROR:pygls.protocol.json_rpc:Failed to handle request 168 textDocument/documentSymbol DocumentSymbolParams(text_document=TextDocumentIdentifier(uri='file:///voc/work/W3_Learning_Venu/test.py'), work_done_token=None, partial_result_token=None)
Traceback (most recent call last):
  File "/usr/local/lib/code-server-4.103.2/lib/vscode/extensions/ms-python.python-2025.12.0/python_files/lib/jedilsp/pygls/protocol/json_rpc.py", line 266, in _handle_request
    self._execute_request(msg_id, handler, params)
  File "/usr/local/lib/code-server-4.103.2/lib/vscode/extensions/ms-python.python-2025.12.0/python_files/lib/jedilsp/pygls/protocol/json_rpc.py", line 188, in _execute_request
    self._send_response(msg_id, handler(params))
  File "/usr/local/lib/code-server-4.103.2/lib/vscode/extensions/ms-python.python-2025.12.0/python_files/lib/jedilsp/jedi_language_server/server.py", line 546, in document_symbol
    document_symbols = jedi_utils.lsp_document_symbols(names)
  File "/usr/local/lib/code-server-4.103.2/lib/vscode/extensions/ms-python.python-2025.12.0/python_files/lib/jedilsp/jedi_language_server/jedi_utils.py", line 225, in lsp_document_symbols
    symbol_range = _document_symbol_range(name)
  File "/usr/local/lib/code-server-4.103.2/lib/vscode/extensions/ms-python.python-2025.12.0/python_files/lib/jedilsp/jedi_language_server/jedi_utils.py", line 204, in _document_symbol_range
    end = name.get_definition_end_position()
  File "/usr/local/lib/code-server-4.103.2/lib/vscode/extensions/ms-python.python-2025.12.0/python_files/lib/jedilsp/jedi/api/classes.py", line 260, in get_definition_end_position
    if self.type in ("function", "class"):
  File "/usr/local/lib/code-server-4.103.2/lib/vscode/extensions/ms-python.python-2025.12.0/python_files/lib/jedilsp/jedi/api/classes.py", line 190, in type
    for value in self._name.infer():
  File "/usr/local/lib/code-server-4.103.2/lib/vscode/extensions/ms-python.python-2025.12.0/python_files/lib/jedilsp/jedi/inference/names.py", line 281, in infer
    return tree_name_to_values(
  File "/usr/local/lib/code-server-4.103.2/lib/vscode/extensions/ms-python.python-2025.12.0/python_files/lib/jedilsp/jedi/plugins/__init__.py", line 21, in wrapper
    return built_functions[public_name](*args, **kwargs)
  File "/usr/local/lib/code-server-4.103.2/lib/vscode/extensions/ms-python.python-2025.12.0/python_files/lib/jedilsp/jedi/plugins/stdlib.py", line 878, in wrapper
    return func(inference_state, context, tree_name)
  File "/usr/local/lib/code-server-4.103.2/lib/vscode/extensions/ms-python.python-2025.12.0/python_files/lib/jedilsp/jedi/plugins/django.py", line 177, in wrapper
    result = func(inference_state, context, tree_name)
  File "/usr/local/lib/code-server-4.103.2/lib/vscode/extensions/ms-python.python-2025.12.0/python_files/lib/jedilsp/jedi/inference/syntax_tree.py", line 771, in tree_name_to_values
    types = imports.infer_import(context, tree_name)
  File "/usr/local/lib/code-server-4.103.2/lib/vscode/extensions/ms-python.python-2025.12.0/python_files/lib/jedilsp/jedi/inference/cache.py", line 44, in wrapper
    rv = function(obj, *args, **kwargs)
  File "/usr/local/lib/code-server-4.103.2/lib/vscode/extensions/ms-python.python-2025.12.0/python_files/lib/jedilsp/jedi/inference/imports.py", line 53, in infer_import
    _prepare_infer_import(module_context, tree_name)
  File "/usr/local/lib/code-server-4.103.2/lib/vscode/extensions/ms-python.python-2025.12.0/python_files/lib/jedilsp/jedi/inference/imports.py", line 116, in _prepare_infer_import
    return from_import_name, tuple(import_path), import_node.level, importer.follow()
  File "/usr/local/lib/code-server-4.103.2/lib/vscode/extensions/ms-python.python-2025.12.0/python_files/lib/jedilsp/jedi/inference/imports.py", line 296, in follow
    return import_module_by_names(
  File "/usr/local/lib/code-server-4.103.2/lib/vscode/extensions/ms-python.python-2025.12.0/python_files/lib/jedilsp/jedi/inference/imports.py", line 376, in import_module_by_names
    value_set = ValueSet.from_sets([
  File "/usr/local/lib/code-server-4.103.2/lib/vscode/extensions/ms-python.python-2025.12.0/python_files/lib/jedilsp/jedi/inference/imports.py", line 377, in <listcomp>
    import_module(
  File "/usr/local/lib/code-server-4.103.2/lib/vscode/extensions/ms-python.python-2025.12.0/python_files/lib/jedilsp/jedi/plugins/__init__.py", line 21, in wrapper
    return built_functions[public_name](*args, **kwargs)
  File "/usr/local/lib/code-server-4.103.2/lib/vscode/extensions/ms-python.python-2025.12.0/python_files/lib/jedilsp/jedi/plugins/flask.py", line 20, in wrapper
    return callback(inference_state, import_names, module_context, *args, **kwargs)
  File "/usr/local/lib/code-server-4.103.2/lib/vscode/extensions/ms-python.python-2025.12.0/python_files/lib/jedilsp/jedi/inference/gradual/typeshed.py", line 115, in wrapper
    python_value_set = ValueSet.from_sets(
  File "/usr/local/lib/code-server-4.103.2/lib/vscode/extensions/ms-python.python-2025.12.0/python_files/lib/jedilsp/jedi/inference/base_value.py", line 430, in from_sets
    for set_ in sets:
  File "/usr/local/lib/code-server-4.103.2/lib/vscode/extensions/ms-python.python-2025.12.0/python_files/lib/jedilsp/jedi/inference/gradual/typeshed.py", line 116, in <genexpr>
    func(inference_state, import_names, p, sys_path,)
  File "/usr/local/lib/code-server-4.103.2/lib/vscode/extensions/ms-python.python-2025.12.0/python_files/lib/jedilsp/jedi/inference/imports.py", line 411, in import_module
    file_io_or_ns, is_pkg = inference_state.compiled_subprocess.get_module_info(
  File "/usr/local/lib/code-server-4.103.2/lib/vscode/extensions/ms-python.python-2025.12.0/python_files/lib/jedilsp/jedi/inference/compiled/subprocess/__init__.py", line 188, in wrapper
    result = self._compiled_subprocess.run(
  File "/usr/local/lib/code-server-4.103.2/lib/vscode/extensions/ms-python.python-2025.12.0/python_files/lib/jedilsp/jedi/inference/compiled/subprocess/__init__.py", line 293, in run
    self._send(delete_id, None)
  File "/usr/local/lib/code-server-4.103.2/lib/vscode/extensions/ms-python.python-2025.12.0/python_files/lib/jedilsp/jedi/inference/compiled/subprocess/__init__.py", line 318, in _send
    is_exception, traceback, result = pickle_load(self._get_process().stdout)
  File "/usr/local/lib/code-server-4.103.2/lib/vscode/extensions/ms-python.python-2025.12.0/python_files/lib/jedilsp/jedi/_compatibility.py", line 25, in pickle_load
    return Unpickler(file).load()
_pickle.UnpicklingError: invalid load key, ' '.

2026-08-29 16:05:17.723 [info] [Error - 4:05:17 PM] Request textDocument/documentSymbol failed.
2026-08-29 16:05:17.724 [info]   Message: _pickle.UnpicklingError: invalid load key, ' '.
  Code: -32603 
[object Object]
2026-08-29 16:05:26.223 [info] ERROR:pygls.protocol.json_rpc:Failed to handle request 169 textDocument/documentHighlight DocumentHighlightParams(text_document=TextDocumentIdentifier(uri='file:///voc/work/W3_Learning_Venu/test.py'), position=8:62, work_done_token=None, partial_result_token=None)
Traceback (most recent call last):
  File "/usr/local/lib/code-server-4.103.2/lib/vscode/extensions/ms-python.python-2025.12.0/python_files/lib/jedilsp/pygls/protocol/json_rpc.py", line 266, in _handle_request
    self._execute_request(msg_id, handler, params)
  File "/usr/local/lib/code-server-4.103.2/lib/vscode/extensions/ms-python.python-2025.12.0/python_files/lib/jedilsp/pygls/protocol/json_rpc.py", line 188, in _execute_request
    self._send_response(msg_id, handler(params))
  File "/usr/local/lib/code-server-4.103.2/lib/vscode/extensions/ms-python.python-2025.12.0/python_files/lib/jedilsp/jedi_language_server/server.py", line 466, in highlight
    names = jedi_script.get_references(*jedi_lines, scope="file")
  File "/usr/local/lib/code-server-4.103.2/lib/vscode/extensions/ms-python.python-2025.12.0/python_files/lib/jedilsp/jedi/api/helpers.py", line 487, in wrapper
    return func(self, line, column, *args, **kwargs)
  File "/usr/local/lib/code-server-4.103.2/lib/vscode/extensions/ms-python.python-2025.12.0/python_files/lib/jedilsp/jedi/api/__init__.py", line 429, in get_references
    return _references(**kwargs)
  File "/usr/local/lib/code-server-4.103.2/lib/vscode/extensions/ms-python.python-2025.12.0/python_files/lib/jedilsp/jedi/api/__init__.py", line 423, in _references
    names = find_references(self._get_module_context(), tree_name, scope == 'file')
  File "/usr/local/lib/code-server-4.103.2/lib/vscode/extensions/ms-python.python-2025.12.0/python_files/lib/jedilsp/jedi/inference/references.py", line 122, in find_references
    found_names = _find_defining_names(module_context, tree_name)
  File "/usr/local/lib/code-server-4.103.2/lib/vscode/extensions/ms-python.python-2025.12.0/python_files/lib/jedilsp/jedi/inference/references.py", line 53, in _find_defining_names
    found_names = _find_names(module_context, tree_name)
  File "/usr/local/lib/code-server-4.103.2/lib/vscode/extensions/ms-python.python-2025.12.0/python_files/lib/jedilsp/jedi/inference/references.py", line 74, in _find_names
    found_names = set(name.goto())
  File "/usr/local/lib/code-server-4.103.2/lib/vscode/extensions/ms-python.python-2025.12.0/python_files/lib/jedilsp/jedi/inference/names.py", line 157, in goto
    module_names = goto_import(context, name)
  File "/usr/local/lib/code-server-4.103.2/lib/vscode/extensions/ms-python.python-2025.12.0/python_files/lib/jedilsp/jedi/inference/cache.py", line 44, in wrapper
    rv = function(obj, *args, **kwargs)
  File "/usr/local/lib/code-server-4.103.2/lib/vscode/extensions/ms-python.python-2025.12.0/python_files/lib/jedilsp/jedi/inference/imports.py", line 75, in goto_import
    _prepare_infer_import(module_context, tree_name)
  File "/usr/local/lib/code-server-4.103.2/lib/vscode/extensions/ms-python.python-2025.12.0/python_files/lib/jedilsp/jedi/inference/imports.py", line 116, in _prepare_infer_import
    return from_import_name, tuple(import_path), import_node.level, importer.follow()
  File "/usr/local/lib/code-server-4.103.2/lib/vscode/extensions/ms-python.python-2025.12.0/python_files/lib/jedilsp/jedi/inference/imports.py", line 296, in follow
    return import_module_by_names(
  File "/usr/local/lib/code-server-4.103.2/lib/vscode/extensions/ms-python.python-2025.12.0/python_files/lib/jedilsp/jedi/inference/imports.py", line 376, in import_module_by_names
    value_set = ValueSet.from_sets([
  File "/usr/local/lib/code-server-4.103.2/lib/vscode/extensions/ms-python.python-2025.12.0/python_files/lib/jedilsp/jedi/inference/imports.py", line 377, in <listcomp>
    import_module(
  File "/usr/local/lib/code-server-4.103.2/lib/vscode/extensions/ms-python.python-2025.12.0/python_files/lib/jedilsp/jedi/plugins/__init__.py", line 21, in wrapper
    return built_functions[public_name](*args, **kwargs)
  File "/usr/local/lib/code-server-4.103.2/lib/vscode/extensions/ms-python.python-2025.12.0/python_files/lib/jedilsp/jedi/plugins/flask.py", line 20, in wrapper
    return callback(inference_state, import_names, module_context, *args, **kwargs)
  File "/usr/local/lib/code-server-4.103.2/lib/vscode/extensions/ms-python.python-2025.12.0/python_files/lib/jedilsp/jedi/inference/gradual/typeshed.py", line 115, in wrapper
    python_value_set = ValueSet.from_sets(
  File "/usr/local/lib/code-server-4.103.2/lib/vscode/extensions/ms-python.python-2025.12.0/python_files/lib/jedilsp/jedi/inference/base_value.py", line 430, in from_sets
    for set_ in sets:
  File "/usr/local/lib/code-server-4.103.2/lib/vscode/extensions/ms-python.python-2025.12.0/python_files/lib/jedilsp/jedi/inference/gradual/typeshed.py", line 116, in <genexpr>
    func(inference_state, import_names, p, sys_path,)
  File "/usr/local/lib/code-server-4.103.2/lib/vscode/extensions/ms-python.python-2025.12.0/python_files/lib/jedilsp/jedi/inference/imports.py", line 411, in import_module
    file_io_or_ns, is_pkg = inference_state.compiled_subprocess.get_module_info(
  File "/usr/local/lib/code-server-4.103.2/lib/vscode/extensions/ms-python.python-2025.12.0/python_files/lib/jedilsp/jedi/inference/compiled/subprocess/__init__.py", line 188, in wrapper
    result = self._compiled_subprocess.run(
  File "/usr/local/lib/code-server-4.103.2/lib/vscode/extensions/ms-python.python-2025.12.0/python_files/lib/jedilsp/jedi/inference/compiled/subprocess/__init__.py", line 293, in run
    self._send(delete_id, None)
  File "/usr/local/lib/code-server-4.103.2/lib/vscode/extensions/ms-python.python-2025.12.0/python_files/lib/jedilsp/jedi/inference/compiled/subprocess/__init__.py", line 318, in _send
    is_exception, traceback, result = pickle_load(self._get_process().stdout)
  File "/usr/local/lib/code-server-4.103.2/lib/vscode/extensions/ms-python.python-2025.12.0/python_files/lib/jedilsp/jedi/_compatibility.py", line 25, in pickle_load
    return Unpickler(file).load()
_pickle.UnpicklingError: invalid load key, ' '.

2026-08-29 16:05:26.223 [info] [Error - 4:05:26 PM] Request textDocument/documentHighlight failed.
2026-08-29 16:05:26.234 [info]   Message: _pickle.UnpicklingError: invalid load key, ' '.
  Code: -32603 
[object Object]
2026-08-29 16:05:28.542 [info] ERROR:pygls.protocol.json_rpc:Failed to handle request 170 textDocument/documentHighlight DocumentHighlightParams(text_document=TextDocumentIdentifier(uri='file:///voc/work/W3_Learning_Venu/test.py'), position=8:62, work_done_token=None, partial_result_token=None)
Traceback (most recent call last):
  File "/usr/local/lib/code-server-4.103.2/lib/vscode/extensions/ms-python.python-2025.12.0/python_files/lib/jedilsp/pygls/protocol/json_rpc.py", line 266, in _handle_request
    self._execute_request(msg_id, handler, params)
  File "/usr/local/lib/code-server-4.103.2/lib/vscode/extensions/ms-python.python-2025.12.0/python_files/lib/jedilsp/pygls/protocol/json_rpc.py", line 188, in _execute_request
    self._send_response(msg_id, handler(params))
  File "/usr/local/lib/code-server-4.103.2/lib/vscode/extensions/ms-python.python-2025.12.0/python_files/lib/jedilsp/jedi_language_server/server.py", line 466, in highlight
    names = jedi_script.get_references(*jedi_lines, scope="file")
  File "/usr/local/lib/code-server-4.103.2/lib/vscode/extensions/ms-python.python-2025.12.0/python_files/lib/jedilsp/jedi/api/helpers.py", line 487, in wrapper
    return func(self, line, column, *args, **kwargs)
  File "/usr/local/lib/code-server-4.103.2/lib/vscode/extensions/ms-python.python-2025.12.0/python_files/lib/jedilsp/jedi/api/__init__.py", line 429, in get_references
    return _references(**kwargs)
  File "/usr/local/lib/code-server-4.103.2/lib/vscode/extensions/ms-python.python-2025.12.0/python_files/lib/jedilsp/jedi/api/__init__.py", line 423, in _references
    names = find_references(self._get_module_context(), tree_name, scope == 'file')
  File "/usr/local/lib/code-server-4.103.2/lib/vscode/extensions/ms-python.python-2025.12.0/python_files/lib/jedilsp/jedi/inference/references.py", line 122, in find_references
    found_names = _find_defining_names(module_context, tree_name)
  File "/usr/local/lib/code-server-4.103.2/lib/vscode/extensions/ms-python.python-2025.12.0/python_files/lib/jedilsp/jedi/inference/references.py", line 53, in _find_defining_names
    found_names = _find_names(module_context, tree_name)
  File "/usr/local/lib/code-server-4.103.2/lib/vscode/extensions/ms-python.python-2025.12.0/python_files/lib/jedilsp/jedi/inference/references.py", line 74, in _find_names
    found_names = set(name.goto())
  File "/usr/local/lib/code-server-4.103.2/lib/vscode/extensions/ms-python.python-2025.12.0/python_files/lib/jedilsp/jedi/inference/names.py", line 157, in goto
    module_names = goto_import(context, name)
  File "/usr/local/lib/code-server-4.103.2/lib/vscode/extensions/ms-python.python-2025.12.0/python_files/lib/jedilsp/jedi/inference/cache.py", line 44, in wrapper
    rv = function(obj, *args, **kwargs)
  File "/usr/local/lib/code-server-4.103.2/lib/vscode/extensions/ms-python.python-2025.12.0/python_files/lib/jedilsp/jedi/inference/imports.py", line 75, in goto_import
    _prepare_infer_import(module_context, tree_name)
  File "/usr/local/lib/code-server-4.103.2/lib/vscode/extensions/ms-python.python-2025.12.0/python_files/lib/jedilsp/jedi/inference/imports.py", line 116, in _prepare_infer_import
    return from_import_name, tuple(import_path), import_node.level, importer.follow()
  File "/usr/local/lib/code-server-4.103.2/lib/vscode/extensions/ms-python.python-2025.12.0/python_files/lib/jedilsp/jedi/inference/imports.py", line 296, in follow
    return import_module_by_names(
  File "/usr/local/lib/code-server-4.103.2/lib/vscode/extensions/ms-python.python-2025.12.0/python_files/lib/jedilsp/jedi/inference/imports.py", line 376, in import_module_by_names
    value_set = ValueSet.from_sets([
  File "/usr/local/lib/code-server-4.103.2/lib/vscode/extensions/ms-python.python-2025.12.0/python_files/lib/jedilsp/jedi/inference/imports.py", line 377, in <listcomp>
    import_module(
  File "/usr/local/lib/code-server-4.103.2/lib/vscode/extensions/ms-python.python-2025.12.0/python_files/lib/jedilsp/jedi/plugins/__init__.py", line 21, in wrapper
    return built_functions[public_name](*args, **kwargs)
  File "/usr/local/lib/code-server-4.103.2/lib/vscode/extensions/ms-python.python-2025.12.0/python_files/lib/jedilsp/jedi/plugins/flask.py", line 20, in wrapper
    return callback(inference_state, import_names, module_context, *args, **kwargs)
  File "/usr/local/lib/code-server-4.103.2/lib/vscode/extensions/ms-python.python-2025.12.0/python_files/lib/jedilsp/jedi/inference/gradual/typeshed.py", line 115, in wrapper
    python_value_set = ValueSet.from_sets(
  File "/usr/local/lib/code-server-4.103.2/lib/vscode/extensions/ms-python.python-2025.12.0/python_files/lib/jedilsp/jedi/inference/base_value.py", line 430, in from_sets
    for set_ in sets:
  File "/usr/local/lib/code-server-4.103.2/lib/vscode/extensions/ms-python.python-2025.12.0/python_files/lib/jedilsp/jedi/inference/gradual/typeshed.py", line 116, in <genexpr>
    func(inference_state, import_names, p, sys_path,)
  File "/usr/local/lib/code-server-4.103.2/lib/vscode/extensions/ms-python.python-2025.12.0/python_files/lib/jedilsp/jedi/inference/imports.py", line 411, in import_module
    file_io_or_ns, is_pkg = inference_state.compiled_subprocess.get_module_info(
  File "/usr/local/lib/code-server-4.103.2/lib/vscode/extensions/ms-python.python-2025.12.0/python_files/lib/jedilsp/jedi/inference/compiled/subprocess/__init__.py", line 188, in wrapper
    result = self._compiled_subprocess.run(
  File "/usr/local/lib/code-server-4.103.2/lib/vscode/extensions/ms-python.python-2025.12.0/python_files/lib/jedilsp/jedi/inference/compiled/subprocess/__init__.py", line 293, in run
    self._send(delete_id, None)
  File "/usr/local/lib/code-server-4.103.2/lib/vscode/extensions/ms-python.python-2025.12.0/python_files/lib/jedilsp/jedi/inference/compiled/subprocess/__init__.py", line 318, in _send
    is_exception, traceback, result = pickle_load(self._get_process().stdout)
  File "/usr/local/lib/code-server-4.103.2/lib/vscode/extensions/ms-python.python-2025.12.0/python_files/lib/jedilsp/jedi/_compatibility.py", line 25, in pickle_load
    return Unpickler(file).load()
_pickle.UnpicklingError: invalid load key, ' '.

2026-08-29 16:05:28.542 [info] [Error - 4:05:28 PM] Request textDocument/documentHighlight failed.
2026-08-29 16:05:28.552 [info]   Message: _pickle.UnpicklingError: invalid load key, ' '.
  Code: -32603 
[object Object]
2026-08-29 16:05:31.734 [info] ERROR:pygls.protocol.json_rpc:Failed to handle request 171 textDocument/documentHighlight DocumentHighlightParams(text_document=TextDocumentIdentifier(uri='file:///voc/work/W3_Learning_Venu/test.py'), position=8:62, work_done_token=None, partial_result_token=None)
Traceback (most recent call last):
  File "/usr/local/lib/code-server-4.103.2/lib/vscode/extensions/ms-python.python-2025.12.0/python_files/lib/jedilsp/pygls/protocol/json_rpc.py", line 266, in _handle_request
    self._execute_request(msg_id, handler, params)
  File "/usr/local/lib/code-server-4.103.2/lib/vscode/extensions/ms-python.python-2025.12.0/python_files/lib/jedilsp/pygls/protocol/json_rpc.py", line 188, in _execute_request
    self._send_response(msg_id, handler(params))
  File "/usr/local/lib/code-server-4.103.2/lib/vscode/extensions/ms-python.python-2025.12.0/python_files/lib/jedilsp/jedi_language_server/server.py", line 466, in highlight
    names = jedi_script.get_references(*jedi_lines, scope="file")
  File "/usr/local/lib/code-server-4.103.2/lib/vscode/extensions/ms-python.python-2025.12.0/python_files/lib/jedilsp/jedi/api/helpers.py", line 487, in wrapper
    return func(self, line, column, *args, **kwargs)
  File "/usr/local/lib/code-server-4.103.2/lib/vscode/extensions/ms-python.python-2025.12.0/python_files/lib/jedilsp/jedi/api/__init__.py", line 429, in get_references
    return _references(**kwargs)
  File "/usr/local/lib/code-server-4.103.2/lib/vscode/extensions/ms-python.python-2025.12.0/python_files/lib/jedilsp/jedi/api/__init__.py", line 423, in _references
    names = find_references(self._get_module_context(), tree_name, scope == 'file')
  File "/usr/local/lib/code-server-4.103.2/lib/vscode/extensions/ms-python.python-2025.12.0/python_files/lib/jedilsp/jedi/inference/references.py", line 122, in find_references
    found_names = _find_defining_names(module_context, tree_name)
  File "/usr/local/lib/code-server-4.103.2/lib/vscode/extensions/ms-python.python-2025.12.0/python_files/lib/jedilsp/jedi/inference/references.py", line 53, in _find_defining_names
    found_names = _find_names(module_context, tree_name)
  File "/usr/local/lib/code-server-4.103.2/lib/vscode/extensions/ms-python.python-2025.12.0/python_files/lib/jedilsp/jedi/inference/references.py", line 74, in _find_names
    found_names = set(name.goto())
  File "/usr/local/lib/code-server-4.103.2/lib/vscode/extensions/ms-python.python-2025.12.0/python_files/lib/jedilsp/jedi/inference/names.py", line 157, in goto
    module_names = goto_import(context, name)
  File "/usr/local/lib/code-server-4.103.2/lib/vscode/extensions/ms-python.python-2025.12.0/python_files/lib/jedilsp/jedi/inference/cache.py", line 44, in wrapper
    rv = function(obj, *args, **kwargs)
  File "/usr/local/lib/code-server-4.103.2/lib/vscode/extensions/ms-python.python-2025.12.0/python_files/lib/jedilsp/jedi/inference/imports.py", line 75, in goto_import
    _prepare_infer_import(module_context, tree_name)
  File "/usr/local/lib/code-server-4.103.2/lib/vscode/extensions/ms-python.python-2025.12.0/python_files/lib/jedilsp/jedi/inference/imports.py", line 116, in _prepare_infer_import
    return from_import_name, tuple(import_path), import_node.level, importer.follow()
  File "/usr/local/lib/code-server-4.103.2/lib/vscode/extensions/ms-python.python-2025.12.0/python_files/lib/jedilsp/jedi/inference/imports.py", line 296, in follow
    return import_module_by_names(
  File "/usr/local/lib/code-server-4.103.2/lib/vscode/extensions/ms-python.python-2025.12.0/python_files/lib/jedilsp/jedi/inference/imports.py", line 376, in import_module_by_names
    value_set = ValueSet.from_sets([
  File "/usr/local/lib/code-server-4.103.2/lib/vscode/extensions/ms-python.python-2025.12.0/python_files/lib/jedilsp/jedi/inference/imports.py", line 377, in <listcomp>
    import_module(
  File "/usr/local/lib/code-server-4.103.2/lib/vscode/extensions/ms-python.python-2025.12.0/python_files/lib/jedilsp/jedi/plugins/__init__.py", line 21, in wrapper
    return built_functions[public_name](*args, **kwargs)
  File "/usr/local/lib/code-server-4.103.2/lib/vscode/extensions/ms-python.python-2025.12.0/python_files/lib/jedilsp/jedi/plugins/flask.py", line 20, in wrapper
    return callback(inference_state, import_names, module_context, *args, **kwargs)
  File "/usr/local/lib/code-server-4.103.2/lib/vscode/extensions/ms-python.python-2025.12.0/python_files/lib/jedilsp/jedi/inference/gradual/typeshed.py", line 115, in wrapper
    python_value_set = ValueSet.from_sets(
  File "/usr/local/lib/code-server-4.103.2/lib/vscode/extensions/ms-python.python-2025.12.0/python_files/lib/jedilsp/jedi/inference/base_value.py", line 430, in from_sets
    for set_ in sets:
  File "/usr/local/lib/code-server-4.103.2/lib/vscode/extensions/ms-python.python-2025.12.0/python_files/lib/jedilsp/jedi/inference/gradual/typeshed.py", line 116, in <genexpr>
    func(inference_state, import_names, p, sys_path,)
  File "/usr/local/lib/code-server-4.103.2/lib/vscode/extensions/ms-python.python-2025.12.0/python_files/lib/jedilsp/jedi/inference/imports.py", line 411, in import_module
    file_io_or_ns, is_pkg = inference_state.compiled_subprocess.get_module_info(
  File "/usr/local/lib/code-server-4.103.2/lib/vscode/extensions/ms-python.python-2025.12.0/python_files/lib/jedilsp/jedi/inference/compiled/subprocess/__init__.py", line 188, in wrapper
    result = self._compiled_subprocess.run(
  File "/usr/local/lib/code-server-4.103.2/lib/vscode/extensions/ms-python.python-2025.12.0/python_files/lib/jedilsp/jedi/inference/compiled/subprocess/__init__.py", line 293, in run
    self._send(delete_id, None)
  File "/usr/local/lib/code-server-4.103.2/lib/vscode/extensions/ms-python.python-2025.12.0/python_files/lib/jedilsp/jedi/inference/compiled/subprocess/__init__.py", line 318, in _send
    is_exception, traceback, result = pickle_load(self._get_process().stdout)
  File "/usr/local/lib/code-server-4.103.2/lib/vscode/extensions/ms-python.python-2025.12.0/python_files/lib/jedilsp/jedi/_compatibility.py", line 25, in pickle_load
    return Unpickler(file).load()
_pickle.UnpicklingError: invalid load key, ' '.

2026-08-29 16:05:31.735 [info] [Error - 4:05:31 PM] Request textDocument/documentHighlight failed.
2026-08-29 16:05:31.745 [info]   Message: _pickle.UnpicklingError: invalid load key, ' '.
  Code: -32603 
[object Object]
2026-08-29 16:06:07.323 [info] ERROR:pygls.protocol.json_rpc:Failed to handle request 172 textDocument/documentHighlight DocumentHighlightParams(text_document=TextDocumentIdentifier(uri='file:///voc/work/W3_Learning_Venu/test.py'), position=8:62, work_done_token=None, partial_result_token=None)
Traceback (most recent call last):
  File "/usr/local/lib/code-server-4.103.2/lib/vscode/extensions/ms-python.python-2025.12.0/python_files/lib/jedilsp/pygls/protocol/json_rpc.py", line 266, in _handle_request
    self._execute_request(msg_id, handler, params)
  File "/usr/local/lib/code-server-4.103.2/lib/vscode/extensions/ms-python.python-2025.12.0/python_files/lib/jedilsp/pygls/protocol/json_rpc.py", line 188, in _execute_request
    self._send_response(msg_id, handler(params))
  File "/usr/local/lib/code-server-4.103.2/lib/vscode/extensions/ms-python.python-2025.12.0/python_files/lib/jedilsp/jedi_language_server/server.py", line 466, in highlight
    names = jedi_script.get_references(*jedi_lines, scope="file")
  File "/usr/local/lib/code-server-4.103.2/lib/vscode/extensions/ms-python.python-2025.12.0/python_files/lib/jedilsp/jedi/api/helpers.py", line 487, in wrapper
    return func(self, line, column, *args, **kwargs)
  File "/usr/local/lib/code-server-4.103.2/lib/vscode/extensions/ms-python.python-2025.12.0/python_files/lib/jedilsp/jedi/api/__init__.py", line 429, in get_references
    return _references(**kwargs)
  File "/usr/local/lib/code-server-4.103.2/lib/vscode/extensions/ms-python.python-2025.12.0/python_files/lib/jedilsp/jedi/api/__init__.py", line 423, in _references
    names = find_references(self._get_module_context(), tree_name, scope == 'file')
  File "/usr/local/lib/code-server-4.103.2/lib/vscode/extensions/ms-python.python-2025.12.0/python_files/lib/jedilsp/jedi/inference/references.py", line 122, in find_references
    found_names = _find_defining_names(module_context, tree_name)
  File "/usr/local/lib/code-server-4.103.2/lib/vscode/extensions/ms-python.python-2025.12.0/python_files/lib/jedilsp/jedi/inference/references.py", line 53, in _find_defining_names
    found_names = _find_names(module_context, tree_name)
  File "/usr/local/lib/code-server-4.103.2/lib/vscode/extensions/ms-python.python-2025.12.0/python_files/lib/jedilsp/jedi/inference/references.py", line 74, in _find_names
    found_names = set(name.goto())
  File "/usr/local/lib/code-server-4.103.2/lib/vscode/extensions/ms-python.python-2025.12.0/python_files/lib/jedilsp/jedi/inference/names.py", line 157, in goto
    module_names = goto_import(context, name)
  File "/usr/local/lib/code-server-4.103.2/lib/vscode/extensions/ms-python.python-2025.12.0/python_files/lib/jedilsp/jedi/inference/cache.py", line 44, in wrapper
    rv = function(obj, *args, **kwargs)
  File "/usr/local/lib/code-server-4.103.2/lib/vscode/extensions/ms-python.python-2025.12.0/python_files/lib/jedilsp/jedi/inference/imports.py", line 75, in goto_import
    _prepare_infer_import(module_context, tree_name)
  File "/usr/local/lib/code-server-4.103.2/lib/vscode/extensions/ms-python.python-2025.12.0/python_files/lib/jedilsp/jedi/inference/imports.py", line 116, in _prepare_infer_import
    return from_import_name, tuple(import_path), import_node.level, importer.follow()
  File "/usr/local/lib/code-server-4.103.2/lib/vscode/extensions/ms-python.python-2025.12.0/python_files/lib/jedilsp/jedi/inference/imports.py", line 296, in follow
    return import_module_by_names(
  File "/usr/local/lib/code-server-4.103.2/lib/vscode/extensions/ms-python.python-2025.12.0/python_files/lib/jedilsp/jedi/inference/imports.py", line 376, in import_module_by_names
    value_set = ValueSet.from_sets([
  File "/usr/local/lib/code-server-4.103.2/lib/vscode/extensions/ms-python.python-2025.12.0/python_files/lib/jedilsp/jedi/inference/imports.py", line 377, in <listcomp>
    import_module(
  File "/usr/local/lib/code-server-4.103.2/lib/vscode/extensions/ms-python.python-2025.12.0/python_files/lib/jedilsp/jedi/plugins/__init__.py", line 21, in wrapper
    return built_functions[public_name](*args, **kwargs)
  File "/usr/local/lib/code-server-4.103.2/lib/vscode/extensions/ms-python.python-2025.12.0/python_files/lib/jedilsp/jedi/plugins/flask.py", line 20, in wrapper
    return callback(inference_state, import_names, module_context, *args, **kwargs)
  File "/usr/local/lib/code-server-4.103.2/lib/vscode/extensions/ms-python.python-2025.12.0/python_files/lib/jedilsp/jedi/inference/gradual/typeshed.py", line 115, in wrapper
    python_value_set = ValueSet.from_sets(
  File "/usr/local/lib/code-server-4.103.2/lib/vscode/extensions/ms-python.python-2025.12.0/python_files/lib/jedilsp/jedi/inference/base_value.py", line 430, in from_sets
    for set_ in sets:
  File "/usr/local/lib/code-server-4.103.2/lib/vscode/extensions/ms-python.python-2025.12.0/python_files/lib/jedilsp/jedi/inference/gradual/typeshed.py", line 116, in <genexpr>
    func(inference_state, import_names, p, sys_path,)
  File "/usr/local/lib/code-server-4.103.2/lib/vscode/extensions/ms-python.python-2025.12.0/python_files/lib/jedilsp/jedi/inference/imports.py", line 411, in import_module
    file_io_or_ns, is_pkg = inference_state.compiled_subprocess.get_module_info(
  File "/usr/local/lib/code-server-4.103.2/lib/vscode/extensions/ms-python.python-2025.12.0/python_files/lib/jedilsp/jedi/inference/compiled/subprocess/__init__.py", line 188, in wrapper
    result = self._compiled_subprocess.run(
  File "/usr/local/lib/code-server-4.103.2/lib/vscode/extensions/ms-python.python-2025.12.0/python_files/lib/jedilsp/jedi/inference/compiled/subprocess/__init__.py", line 293, in run
    self._send(delete_id, None)
  File "/usr/local/lib/code-server-4.103.2/lib/vscode/extensions/ms-python.python-2025.12.0/python_files/lib/jedilsp/jedi/inference/compiled/subprocess/__init__.py", line 318, in _send
    is_exception, traceback, result = pickle_load(self._get_process().stdout)
  File "/usr/local/lib/code-server-4.103.2/lib/vscode/extensions/ms-python.python-2025.12.0/python_files/lib/jedilsp/jedi/_compatibility.py", line 25, in pickle_load
    return Unpickler(file).load()
_pickle.UnpicklingError: invalid load key, ' '.

2026-08-29 16:06:07.323 [info] [Error - 4:06:07 PM] Request textDocument/documentHighlight failed.
2026-08-29 16:06:07.335 [info]   Message: _pickle.UnpicklingError: invalid load key, ' '.
  Code: -32603 
[object Object]
2026-08-29 16:06:08.856 [info] ERROR:pygls.protocol.json_rpc:Failed to handle request 173 textDocument/documentHighlight DocumentHighlightParams(text_document=TextDocumentIdentifier(uri='file:///voc/work/W3_Learning_Venu/test.py'), position=9:63, work_done_token=None, partial_result_token=None)
Traceback (most recent call last):
  File "/usr/local/lib/code-server-4.103.2/lib/vscode/extensions/ms-python.python-2025.12.0/python_files/lib/jedilsp/pygls/protocol/json_rpc.py", line 266, in _handle_request
    self._execute_request(msg_id, handler, params)
  File "/usr/local/lib/code-server-4.103.2/lib/vscode/extensions/ms-python.python-2025.12.0/python_files/lib/jedilsp/pygls/protocol/json_rpc.py", line 188, in _execute_request
    self._send_response(msg_id, handler(params))
  File "/usr/local/lib/code-server-4.103.2/lib/vscode/extensions/ms-python.python-2025.12.0/python_files/lib/jedilsp/jedi_language_server/server.py", line 466, in highlight
    names = jedi_script.get_references(*jedi_lines, scope="file")
  File "/usr/local/lib/code-server-4.103.2/lib/vscode/extensions/ms-python.python-2025.12.0/python_files/lib/jedilsp/jedi/api/helpers.py", line 487, in wrapper
    return func(self, line, column, *args, **kwargs)
  File "/usr/local/lib/code-server-4.103.2/lib/vscode/extensions/ms-python.python-2025.12.0/python_files/lib/jedilsp/jedi/api/__init__.py", line 429, in get_references
    return _references(**kwargs)
  File "/usr/local/lib/code-server-4.103.2/lib/vscode/extensions/ms-python.python-2025.12.0/python_files/lib/jedilsp/jedi/api/__init__.py", line 423, in _references
    names = find_references(self._get_module_context(), tree_name, scope == 'file')
  File "/usr/local/lib/code-server-4.103.2/lib/vscode/extensions/ms-python.python-2025.12.0/python_files/lib/jedilsp/jedi/inference/references.py", line 122, in find_references
    found_names = _find_defining_names(module_context, tree_name)
  File "/usr/local/lib/code-server-4.103.2/lib/vscode/extensions/ms-python.python-2025.12.0/python_files/lib/jedilsp/jedi/inference/references.py", line 53, in _find_defining_names
    found_names = _find_names(module_context, tree_name)
  File "/usr/local/lib/code-server-4.103.2/lib/vscode/extensions/ms-python.python-2025.12.0/python_files/lib/jedilsp/jedi/inference/references.py", line 74, in _find_names
    found_names = set(name.goto())
  File "/usr/local/lib/code-server-4.103.2/lib/vscode/extensions/ms-python.python-2025.12.0/python_files/lib/jedilsp/jedi/inference/names.py", line 157, in goto
    module_names = goto_import(context, name)
  File "/usr/local/lib/code-server-4.103.2/lib/vscode/extensions/ms-python.python-2025.12.0/python_files/lib/jedilsp/jedi/inference/cache.py", line 44, in wrapper
    rv = function(obj, *args, **kwargs)
  File "/usr/local/lib/code-server-4.103.2/lib/vscode/extensions/ms-python.python-2025.12.0/python_files/lib/jedilsp/jedi/inference/imports.py", line 75, in goto_import
    _prepare_infer_import(module_context, tree_name)
  File "/usr/local/lib/code-server-4.103.2/lib/vscode/extensions/ms-python.python-2025.12.0/python_files/lib/jedilsp/jedi/inference/imports.py", line 116, in _prepare_infer_import
    return from_import_name, tuple(import_path), import_node.level, importer.follow()
  File "/usr/local/lib/code-server-4.103.2/lib/vscode/extensions/ms-python.python-2025.12.0/python_files/lib/jedilsp/jedi/inference/imports.py", line 296, in follow
    return import_module_by_names(
  File "/usr/local/lib/code-server-4.103.2/lib/vscode/extensions/ms-python.python-2025.12.0/python_files/lib/jedilsp/jedi/inference/imports.py", line 376, in import_module_by_names
    value_set = ValueSet.from_sets([
  File "/usr/local/lib/code-server-4.103.2/lib/vscode/extensions/ms-python.python-2025.12.0/python_files/lib/jedilsp/jedi/inference/imports.py", line 377, in <listcomp>
    import_module(
  File "/usr/local/lib/code-server-4.103.2/lib/vscode/extensions/ms-python.python-2025.12.0/python_files/lib/jedilsp/jedi/plugins/__init__.py", line 21, in wrapper
    return built_functions[public_name](*args, **kwargs)
  File "/usr/local/lib/code-server-4.103.2/lib/vscode/extensions/ms-python.python-2025.12.0/python_files/lib/jedilsp/jedi/plugins/flask.py", line 20, in wrapper
    return callback(inference_state, import_names, module_context, *args, **kwargs)
  File "/usr/local/lib/code-server-4.103.2/lib/vscode/extensions/ms-python.python-2025.12.0/python_files/lib/jedilsp/jedi/inference/gradual/typeshed.py", line 115, in wrapper
    python_value_set = ValueSet.from_sets(
  File "/usr/local/lib/code-server-4.103.2/lib/vscode/extensions/ms-python.python-2025.12.0/python_files/lib/jedilsp/jedi/inference/base_value.py", line 430, in from_sets
    for set_ in sets:
  File "/usr/local/lib/code-server-4.103.2/lib/vscode/extensions/ms-python.python-2025.12.0/python_files/lib/jedilsp/jedi/inference/gradual/typeshed.py", line 116, in <genexpr>
    func(inference_state, import_names, p, sys_path,)
  File "/usr/local/lib/code-server-4.103.2/lib/vscode/extensions/ms-python.python-2025.12.0/python_files/lib/jedilsp/jedi/inference/imports.py", line 411, in import_module
    file_io_or_ns, is_pkg = inference_state.compiled_subprocess.get_module_info(
  File "/usr/local/lib/code-server-4.103.2/lib/vscode/extensions/ms-python.python-2025.12.0/python_files/lib/jedilsp/jedi/inference/compiled/subprocess/__init__.py", line 188, in wrapper
    result = self._compiled_subprocess.run(
  File "/usr/local/lib/code-server-4.103.2/lib/vscode/extensions/ms-python.python-2025.12.0/python_files/lib/jedilsp/jedi/inference/compiled/subprocess/__init__.py", line 293, in run
    self._send(delete_id, None)
  File "/usr/local/lib/code-server-4.103.2/lib/vscode/extensions/ms-python.python-2025.12.0/python_files/lib/jedilsp/jedi/inference/compiled/subprocess/__init__.py", line 318, in _send
    is_exception, traceback, result = pickle_load(self._get_process().stdout)
  File "/usr/local/lib/code-server-4.103.2/lib/vscode/extensions/ms-python.python-2025.12.0/python_files/lib/jedilsp/jedi/_compatibility.py", line 25, in pickle_load
    return Unpickler(file).load()
_pickle.UnpicklingError: invalid load key, ' '.

2026-08-29 16:06:08.857 [info] [Error - 4:06:08 PM] Request textDocument/documentHighlight failed.
2026-08-29 16:06:08.866 [info]   Message: _pickle.UnpicklingError: invalid load key, ' '.
  Code: -32603 
[object Object]
2026-08-29 16:06:09.613 [info] ERROR:pygls.protocol.json_rpc:Failed to handle request 174 textDocument/codeAction CodeActionParams(text_document=TextDocumentIdentifier(uri='file:///voc/work/W3_Learning_Venu/test.py'), range=0:0-9:63, context=CodeActionContext(diagnostics=[], only=None, trigger_kind=<CodeActionTriggerKind.Automatic: 2>), work_done_token=None, partial_result_token=None)
Traceback (most recent call last):
  File "/usr/local/lib/code-server-4.103.2/lib/vscode/extensions/ms-python.python-2025.12.0/python_files/lib/jedilsp/pygls/protocol/json_rpc.py", line 266, in _handle_request
    self._execute_request(msg_id, handler, params)
  File "/usr/local/lib/code-server-4.103.2/lib/vscode/extensions/ms-python.python-2025.12.0/python_files/lib/jedilsp/pygls/protocol/json_rpc.py", line 188, in _execute_request
    self._send_response(msg_id, handler(params))
  File "/usr/local/lib/code-server-4.103.2/lib/vscode/extensions/ms-python.python-2025.12.0/python_files/lib/jedilsp/jedi_language_server/notebook_utils.py", line 373, in wrapped
    result = f(notebook_server, notebook_params)
  File "/usr/local/lib/code-server-4.103.2/lib/vscode/extensions/ms-python.python-2025.12.0/python_files/lib/jedilsp/jedi_language_server/server.py", line 717, in code_action
    extract_function_refactoring = jedi_script.extract_function(
  File "/usr/local/lib/code-server-4.103.2/lib/vscode/extensions/ms-python.python-2025.12.0/python_files/lib/jedilsp/jedi/api/helpers.py", line 487, in wrapper
    return func(self, line, column, *args, **kwargs)
  File "/usr/local/lib/code-server-4.103.2/lib/vscode/extensions/ms-python.python-2025.12.0/python_files/lib/jedilsp/jedi/api/__init__.py", line 675, in extract_function
    return extract_function(
  File "/usr/local/lib/code-server-4.103.2/lib/vscode/extensions/ms-python.python-2025.12.0/python_files/lib/jedilsp/jedi/api/refactoring/extract.py", line 216, in extract_function
    params, return_variables = list(_find_inputs_and_outputs(module_context, context, nodes))
  File "/usr/local/lib/code-server-4.103.2/lib/vscode/extensions/ms-python.python-2025.12.0/python_files/lib/jedilsp/jedi/api/refactoring/extract.py", line 332, in _find_inputs_and_outputs
    name_definitions = context.goto(name, name.start_pos)
  File "/usr/local/lib/code-server-4.103.2/lib/vscode/extensions/ms-python.python-2025.12.0/python_files/lib/jedilsp/jedi/inference/context.py", line 34, in goto
    names = finder.filter_name(filters, name_or_str)
  File "/usr/local/lib/code-server-4.103.2/lib/vscode/extensions/ms-python.python-2025.12.0/python_files/lib/jedilsp/jedi/inference/finder.py", line 35, in filter_name
    for filter in filters:
  File "/usr/local/lib/code-server-4.103.2/lib/vscode/extensions/ms-python.python-2025.12.0/python_files/lib/jedilsp/jedi/inference/context.py", line 496, in get_global_filters
    b = next(base_context.inference_state.builtins_module.get_filters(), None)
  File "/usr/local/lib/code-server-4.103.2/lib/vscode/extensions/ms-python.python-2025.12.0/python_files/lib/jedilsp/jedi/inference/cache.py", line 44, in wrapper
    rv = function(obj, *args, **kwargs)
  File "/usr/local/lib/code-server-4.103.2/lib/vscode/extensions/ms-python.python-2025.12.0/python_files/lib/jedilsp/jedi/inference/__init__.py", line 129, in builtins_module
    builtins_module, = self.import_module((module_name,), sys_path=[])
  File "/usr/local/lib/code-server-4.103.2/lib/vscode/extensions/ms-python.python-2025.12.0/python_files/lib/jedilsp/jedi/inference/__init__.py", line 112, in import_module
    return imports.import_module_by_names(
  File "/usr/local/lib/code-server-4.103.2/lib/vscode/extensions/ms-python.python-2025.12.0/python_files/lib/jedilsp/jedi/inference/imports.py", line 376, in import_module_by_names
    value_set = ValueSet.from_sets([
  File "/usr/local/lib/code-server-4.103.2/lib/vscode/extensions/ms-python.python-2025.12.0/python_files/lib/jedilsp/jedi/inference/imports.py", line 377, in <listcomp>
    import_module(
  File "/usr/local/lib/code-server-4.103.2/lib/vscode/extensions/ms-python.python-2025.12.0/python_files/lib/jedilsp/jedi/plugins/__init__.py", line 21, in wrapper
    return built_functions[public_name](*args, **kwargs)
  File "/usr/local/lib/code-server-4.103.2/lib/vscode/extensions/ms-python.python-2025.12.0/python_files/lib/jedilsp/jedi/plugins/flask.py", line 20, in wrapper
    return callback(inference_state, import_names, module_context, *args, **kwargs)
  File "/usr/local/lib/code-server-4.103.2/lib/vscode/extensions/ms-python.python-2025.12.0/python_files/lib/jedilsp/jedi/inference/gradual/typeshed.py", line 115, in wrapper
    python_value_set = ValueSet.from_sets(
  File "/usr/local/lib/code-server-4.103.2/lib/vscode/extensions/ms-python.python-2025.12.0/python_files/lib/jedilsp/jedi/inference/base_value.py", line 430, in from_sets
    for set_ in sets:
  File "/usr/local/lib/code-server-4.103.2/lib/vscode/extensions/ms-python.python-2025.12.0/python_files/lib/jedilsp/jedi/inference/gradual/typeshed.py", line 116, in <genexpr>
    func(inference_state, import_names, p, sys_path,)
  File "/usr/local/lib/code-server-4.103.2/lib/vscode/extensions/ms-python.python-2025.12.0/python_files/lib/jedilsp/jedi/inference/imports.py", line 411, in import_module
    file_io_or_ns, is_pkg = inference_state.compiled_subprocess.get_module_info(
  File "/usr/local/lib/code-server-4.103.2/lib/vscode/extensions/ms-python.python-2025.12.0/python_files/lib/jedilsp/jedi/inference/compiled/subprocess/__init__.py", line 188, in wrapper
    result = self._compiled_subprocess.run(
  File "/usr/local/lib/code-server-4.103.2/lib/vscode/extensions/ms-python.python-2025.12.0/python_files/lib/jedilsp/jedi/inference/compiled/subprocess/__init__.py", line 293, in run
    self._send(delete_id, None)
  File "/usr/local/lib/code-server-4.103.2/lib/vscode/extensions/ms-python.python-2025.12.0/python_files/lib/jedilsp/jedi/inference/compiled/subprocess/__init__.py", line 318, in _send
    is_exception, traceback, result = pickle_load(self._get_process().stdout)
  File "/usr/local/lib/code-server-4.103.2/lib/vscode/extensions/ms-python.python-2025.12.0/python_files/lib/jedilsp/jedi/_compatibility.py", line 25, in pickle_load
    return Unpickler(file).load()
_pickle.UnpicklingError: invalid load key, ' '.

2026-08-29 16:06:09.614 [info] [Error - 4:06:09 PM] Request textDocument/codeAction failed.
2026-08-29 16:06:09.624 [info]   Message: _pickle.UnpicklingError: invalid load key, ' '.
  Code: -32603 
[object Object]
2026-08-29 16:06:10.354 [info] semantic_tokens_full file:///voc/work/W3_Learning_Venu/test.py 
2026-08-29 16:06:10.354 [info] ERROR:pygls.protocol.json_rpc:Exception occurred for message "176": _pickle.UnpicklingError: invalid load key, ' '.
NoneType: None

2026-08-29 16:06:10.367 [info] [Error - 4:06:10 PM] Request textDocument/semanticTokens/full failed.
2026-08-29 16:06:10.367 [info]   Message: _pickle.UnpicklingError: invalid load key, ' '.
  Code: -32603 
[object Object]
2026-08-29 16:06:10.408 [info] ERROR:pygls.protocol.json_rpc:Failed to handle request 177 textDocument/documentSymbol DocumentSymbolParams(text_document=TextDocumentIdentifier(uri='file:///voc/work/W3_Learning_Venu/test.py'), work_done_token=None, partial_result_token=None)
Traceback (most recent call last):
  File "/usr/local/lib/code-server-4.103.2/lib/vscode/extensions/ms-python.python-2025.12.0/python_files/lib/jedilsp/pygls/protocol/json_rpc.py", line 266, in _handle_request
    self._execute_request(msg_id, handler, params)
  File "/usr/local/lib/code-server-4.103.2/lib/vscode/extensions/ms-python.python-2025.12.0/python_files/lib/jedilsp/pygls/protocol/json_rpc.py", line 188, in _execute_request
    self._send_response(msg_id, handler(params))
  File "/usr/local/lib/code-server-4.103.2/lib/vscode/extensions/ms-python.python-2025.12.0/python_files/lib/jedilsp/jedi_language_server/server.py", line 546, in document_symbol
    document_symbols = jedi_utils.lsp_document_symbols(names)
  File "/usr/local/lib/code-server-4.103.2/lib/vscode/extensions/ms-python.python-2025.12.0/python_files/lib/jedilsp/jedi_language_server/jedi_utils.py", line 225, in lsp_document_symbols
    symbol_range = _document_symbol_range(name)
  File "/usr/local/lib/code-server-4.103.2/lib/vscode/extensions/ms-python.python-2025.12.0/python_files/lib/jedilsp/jedi_language_server/jedi_utils.py", line 204, in _document_symbol_range
    end = name.get_definition_end_position()
  File "/usr/local/lib/code-server-4.103.2/lib/vscode/extensions/ms-python.python-2025.12.0/python_files/lib/jedilsp/jedi/api/classes.py", line 260, in get_definition_end_position
    if self.type in ("function", "class"):
  File "/usr/local/lib/code-server-4.103.2/lib/vscode/extensions/ms-python.python-2025.12.0/python_files/lib/jedilsp/jedi/api/classes.py", line 190, in type
    for value in self._name.infer():
  File "/usr/local/lib/code-server-4.103.2/lib/vscode/extensions/ms-python.python-2025.12.0/python_files/lib/jedilsp/jedi/inference/names.py", line 281, in infer
    return tree_name_to_values(
  File "/usr/local/lib/code-server-4.103.2/lib/vscode/extensions/ms-python.python-2025.12.0/python_files/lib/jedilsp/jedi/plugins/__init__.py", line 21, in wrapper
    return built_functions[public_name](*args, **kwargs)
  File "/usr/local/lib/code-server-4.103.2/lib/vscode/extensions/ms-python.python-2025.12.0/python_files/lib/jedilsp/jedi/plugins/stdlib.py", line 878, in wrapper
    return func(inference_state, context, tree_name)
  File "/usr/local/lib/code-server-4.103.2/lib/vscode/extensions/ms-python.python-2025.12.0/python_files/lib/jedilsp/jedi/plugins/django.py", line 177, in wrapper
    result = func(inference_state, context, tree_name)
  File "/usr/local/lib/code-server-4.103.2/lib/vscode/extensions/ms-python.python-2025.12.0/python_files/lib/jedilsp/jedi/inference/syntax_tree.py", line 771, in tree_name_to_values
    types = imports.infer_import(context, tree_name)
  File "/usr/local/lib/code-server-4.103.2/lib/vscode/extensions/ms-python.python-2025.12.0/python_files/lib/jedilsp/jedi/inference/cache.py", line 44, in wrapper
    rv = function(obj, *args, **kwargs)
  File "/usr/local/lib/code-server-4.103.2/lib/vscode/extensions/ms-python.python-2025.12.0/python_files/lib/jedilsp/jedi/inference/imports.py", line 53, in infer_import
    _prepare_infer_import(module_context, tree_name)
  File "/usr/local/lib/code-server-4.103.2/lib/vscode/extensions/ms-python.python-2025.12.0/python_files/lib/jedilsp/jedi/inference/imports.py", line 116, in _prepare_infer_import
    return from_import_name, tuple(import_path), import_node.level, importer.follow()
  File "/usr/local/lib/code-server-4.103.2/lib/vscode/extensions/ms-python.python-2025.12.0/python_files/lib/jedilsp/jedi/inference/imports.py", line 296, in follow
    return import_module_by_names(
  File "/usr/local/lib/code-server-4.103.2/lib/vscode/extensions/ms-python.python-2025.12.0/python_files/lib/jedilsp/jedi/inference/imports.py", line 376, in import_module_by_names
    value_set = ValueSet.from_sets([
  File "/usr/local/lib/code-server-4.103.2/lib/vscode/extensions/ms-python.python-2025.12.0/python_files/lib/jedilsp/jedi/inference/imports.py", line 377, in <listcomp>
    import_module(
  File "/usr/local/lib/code-server-4.103.2/lib/vscode/extensions/ms-python.python-2025.12.0/python_files/lib/jedilsp/jedi/plugins/__init__.py", line 21, in wrapper
    return built_functions[public_name](*args, **kwargs)
  File "/usr/local/lib/code-server-4.103.2/lib/vscode/extensions/ms-python.python-2025.12.0/python_files/lib/jedilsp/jedi/plugins/flask.py", line 20, in wrapper
    return callback(inference_state, import_names, module_context, *args, **kwargs)
  File "/usr/local/lib/code-server-4.103.2/lib/vscode/extensions/ms-python.python-2025.12.0/python_files/lib/jedilsp/jedi/inference/gradual/typeshed.py", line 115, in wrapper
    python_value_set = ValueSet.from_sets(
  File "/usr/local/lib/code-server-4.103.2/lib/vscode/extensions/ms-python.python-2025.12.0/python_files/lib/jedilsp/jedi/inference/base_value.py", line 430, in from_sets
    for set_ in sets:
  File "/usr/local/lib/code-server-4.103.2/lib/vscode/extensions/ms-python.python-2025.12.0/python_files/lib/jedilsp/jedi/inference/gradual/typeshed.py", line 116, in <genexpr>
    func(inference_state, import_names, p, sys_path,)
  File "/usr/local/lib/code-server-4.103.2/lib/vscode/extensions/ms-python.python-2025.12.0/python_files/lib/jedilsp/jedi/inference/imports.py", line 411, in import_module
    file_io_or_ns, is_pkg = inference_state.compiled_subprocess.get_module_info(
  File "/usr/local/lib/code-server-4.103.2/lib/vscode/extensions/ms-python.python-2025.12.0/python_files/lib/jedilsp/jedi/inference/compiled/subprocess/__init__.py", line 188, in wrapper
    result = self._compiled_subprocess.run(
  File "/usr/local/lib/code-server-4.103.2/lib/vscode/extensions/ms-python.python-2025.12.0/python_files/lib/jedilsp/jedi/inference/compiled/subprocess/__init__.py", line 293, in run
    self._send(delete_id, None)
  File "/usr/local/lib/code-server-4.103.2/lib/vscode/extensions/ms-python.python-2025.12.0/python_files/lib/jedilsp/jedi/inference/compiled/subprocess/__init__.py", line 318, in _send
    is_exception, traceback, result = pickle_load(self._get_process().stdout)
  File "/usr/local/lib/code-server-4.103.2/lib/vscode/extensions/ms-python.python-2025.12.0/python_files/lib/jedilsp/jedi/_compatibility.py", line 25, in pickle_load
    return Unpickler(file).load()
_pickle.UnpicklingError: invalid load key, ' '.

2026-08-29 16:06:10.409 [info] [Error - 4:06:10 PM] Request textDocument/documentSymbol failed.
2026-08-29 16:06:10.418 [info]   Message: _pickle.UnpicklingError: invalid load key, ' '.
  Code: -32603 
[object Object]
2026-08-29 16:06:10.420 [info] ERROR:pygls.protocol.json_rpc:Failed to handle request 178 textDocument/documentSymbol DocumentSymbolParams(text_document=TextDocumentIdentifier(uri='file:///voc/work/W3_Learning_Venu/test.py'), work_done_token=None, partial_result_token=None)
Traceback (most recent call last):
  File "/usr/local/lib/code-server-4.103.2/lib/vscode/extensions/ms-python.python-2025.12.0/python_files/lib/jedilsp/pygls/protocol/json_rpc.py", line 266, in _handle_request
    self._execute_request(msg_id, handler, params)
  File "/usr/local/lib/code-server-4.103.2/lib/vscode/extensions/ms-python.python-2025.12.0/python_files/lib/jedilsp/pygls/protocol/json_rpc.py", line 188, in _execute_request
    self._send_response(msg_id, handler(params))
  File "/usr/local/lib/code-server-4.103.2/lib/vscode/extensions/ms-python.python-2025.12.0/python_files/lib/jedilsp/jedi_language_server/server.py", line 546, in document_symbol
    document_symbols = jedi_utils.lsp_document_symbols(names)
  File "/usr/local/lib/code-server-4.103.2/lib/vscode/extensions/ms-python.python-2025.12.0/python_files/lib/jedilsp/jedi_language_server/jedi_utils.py", line 225, in lsp_document_symbols
    symbol_range = _document_symbol_range(name)
  File "/usr/local/lib/code-server-4.103.2/lib/vscode/extensions/ms-python.python-2025.12.0/python_files/lib/jedilsp/jedi_language_server/jedi_utils.py", line 204, in _document_symbol_range
    end = name.get_definition_end_position()
  File "/usr/local/lib/code-server-4.103.2/lib/vscode/extensions/ms-python.python-2025.12.0/python_files/lib/jedilsp/jedi/api/classes.py", line 260, in get_definition_end_position
    if self.type in ("function", "class"):
  File "/usr/local/lib/code-server-4.103.2/lib/vscode/extensions/ms-python.python-2025.12.0/python_files/lib/jedilsp/jedi/api/classes.py", line 190, in type
    for value in self._name.infer():
  File "/usr/local/lib/code-server-4.103.2/lib/vscode/extensions/ms-python.python-2025.12.0/python_files/lib/jedilsp/jedi/inference/names.py", line 281, in infer
    return tree_name_to_values(
  File "/usr/local/lib/code-server-4.103.2/lib/vscode/extensions/ms-python.python-2025.12.0/python_files/lib/jedilsp/jedi/plugins/__init__.py", line 21, in wrapper
    return built_functions[public_name](*args, **kwargs)
  File "/usr/local/lib/code-server-4.103.2/lib/vscode/extensions/ms-python.python-2025.12.0/python_files/lib/jedilsp/jedi/plugins/stdlib.py", line 878, in wrapper
    return func(inference_state, context, tree_name)
  File "/usr/local/lib/code-server-4.103.2/lib/vscode/extensions/ms-python.python-2025.12.0/python_files/lib/jedilsp/jedi/plugins/django.py", line 177, in wrapper
    result = func(inference_state, context, tree_name)
  File "/usr/local/lib/code-server-4.103.2/lib/vscode/extensions/ms-python.python-2025.12.0/python_files/lib/jedilsp/jedi/inference/syntax_tree.py", line 771, in tree_name_to_values
    types = imports.infer_import(context, tree_name)
  File "/usr/local/lib/code-server-4.103.2/lib/vscode/extensions/ms-python.python-2025.12.0/python_files/lib/jedilsp/jedi/inference/cache.py", line 44, in wrapper
    rv = function(obj, *args, **kwargs)
  File "/usr/local/lib/code-server-4.103.2/lib/vscode/extensions/ms-python.python-2025.12.0/python_files/lib/jedilsp/jedi/inference/imports.py", line 53, in infer_import
    _prepare_infer_import(module_context, tree_name)
  File "/usr/local/lib/code-server-4.103.2/lib/vscode/extensions/ms-python.python-2025.12.0/python_files/lib/jedilsp/jedi/inference/imports.py", line 116, in _prepare_infer_import
    return from_import_name, tuple(import_path), import_node.level, importer.follow()
  File "/usr/local/lib/code-server-4.103.2/lib/vscode/extensions/ms-python.python-2025.12.0/python_files/lib/jedilsp/jedi/inference/imports.py", line 296, in follow
    return import_module_by_names(
  File "/usr/local/lib/code-server-4.103.2/lib/vscode/extensions/ms-python.python-2025.12.0/python_files/lib/jedilsp/jedi/inference/imports.py", line 376, in import_module_by_names
    value_set = ValueSet.from_sets([
  File "/usr/local/lib/code-server-4.103.2/lib/vscode/extensions/ms-python.python-2025.12.0/python_files/lib/jedilsp/jedi/inference/imports.py", line 377, in <listcomp>
    import_module(
  File "/usr/local/lib/code-server-4.103.2/lib/vscode/extensions/ms-python.python-2025.12.0/python_files/lib/jedilsp/jedi/plugins/__init__.py", line 21, in wrapper
    return built_functions[public_name](*args, **kwargs)
  File "/usr/local/lib/code-server-4.103.2/lib/vscode/extensions/ms-python.python-2025.12.0/python_files/lib/jedilsp/jedi/plugins/flask.py", line 20, in wrapper
    return callback(inference_state, import_names, module_context, *args, **kwargs)
  File "/usr/local/lib/code-server-4.103.2/lib/vscode/extensions/ms-python.python-2025.12.0/python_files/lib/jedilsp/jedi/inference/gradual/typeshed.py", line 115, in wrapper
    python_value_set = ValueSet.from_sets(
  File "/usr/local/lib/code-server-4.103.2/lib/vscode/extensions/ms-python.python-2025.12.0/python_files/lib/jedilsp/jedi/inference/base_value.py", line 430, in from_sets
    for set_ in sets:
  File "/usr/local/lib/code-server-4.103.2/lib/vscode/extensions/ms-python.python-2025.12.0/python_files/lib/jedilsp/jedi/inference/gradual/typeshed.py", line 116, in <genexpr>
    func(inference_state, import_names, p, sys_path,)
  File "/usr/local/lib/code-server-4.103.2/lib/vscode/extensions/ms-python.python-2025.12.0/python_files/lib/jedilsp/jedi/inference/imports.py", line 411, in import_module
    file_io_or_ns, is_pkg = inference_state.compiled_subprocess.get_module_info(
  File "/usr/local/lib/code-server-4.103.2/lib/vscode/extensions/ms-python.python-2025.12.0/python_files/lib/jedilsp/jedi/inference/compiled/subprocess/__init__.py", line 188, in wrapper
    result = self._compiled_subprocess.run(
  File "/usr/local/lib/code-server-4.103.2/lib/vscode/extensions/ms-python.python-2025.12.0/python_files/lib/jedilsp/jedi/inference/compiled/subprocess/__init__.py", line 293, in run
    self._send(delete_id, None)
  File "/usr/local/lib/code-server-4.103.2/lib/vscode/extensions/ms-python.python-2025.12.0/python_files/lib/jedilsp/jedi/inference/compiled/subprocess/__init__.py", line 318, in _send
    is_exception, traceback, result = pickle_load(self._get_process().stdout)
  File "/usr/local/lib/code-server-4.103.2/lib/vscode/extensions/ms-python.python-2025.12.0/python_files/lib/jedilsp/jedi/_compatibility.py", line 25, in pickle_load
    return Unpickler(file).load()
_pickle.UnpicklingError: invalid load key, ' '.

2026-08-29 16:06:10.429 [info] [Error - 4:06:10 PM] Request textDocument/documentSymbol failed.
2026-08-29 16:06:10.429 [info]   Message: _pickle.UnpicklingError: invalid load key, ' '.
  Code: -32603 
[object Object]
